txn_id,customer_id,date,direction,category,amount,description
TXN000001,CUST0001,2025-09-02,credit,business_income,9100,Business receipt
TXN000002,CUST0001,2025-09-05,debit,rent,1730,House rent
TXN000003,CUST0001,2025-09-10,debit,groceries,800,Groceries
TXN000004,CUST0001,2025-09-12,debit,utilities,310,Electricity and water
TXN000005,CUST0001,2025-09-22,debit,transport,280,Fuel and commute
TXN000006,CUST0001,2025-09-25,debit,dining_entertainment,630,Dining and entertainment
TXN000007,CUST0001,2025-09-07,debit,emi,980,Loan EMI
TXN000008,CUST0001,2025-10-01,credit,business_income,7900,Business receipt
TXN000009,CUST0001,2025-10-05,debit,rent,1600,House rent
TXN000010,CUST0001,2025-10-18,debit,groceries,550,Groceries
TXN000011,CUST0001,2025-10-12,debit,utilities,340,Electricity and water
TXN000012,CUST0001,2025-10-22,debit,transport,270,Fuel and commute
TXN000013,CUST0001,2025-10-10,debit,dining_entertainment,430,Dining and entertainment
TXN000014,CUST0001,2025-10-07,debit,emi,970,Loan EMI
TXN000015,CUST0001,2025-11-01,credit,business_income,2400,Business receipt
TXN000016,CUST0001,2025-11-05,debit,rent,1620,House rent
TXN000017,CUST0001,2025-11-18,debit,groceries,780,Groceries
TXN000018,CUST0001,2025-11-12,debit,utilities,190,Electricity and water
TXN000019,CUST0001,2025-11-20,debit,transport,490,Fuel and commute
TXN000020,CUST0001,2025-11-22,debit,dining_entertainment,330,Dining and entertainment
TXN000021,CUST0001,2025-11-07,debit,emi,960,Loan EMI
TXN000022,CUST0001,2025-12-02,credit,business_income,7400,Business receipt
TXN000023,CUST0001,2025-12-05,debit,rent,1560,House rent
TXN000024,CUST0001,2025-12-08,debit,groceries,800,Groceries
TXN000025,CUST0001,2025-12-12,debit,utilities,230,Electricity and water
TXN000026,CUST0001,2025-12-18,debit,transport,490,Fuel and commute
TXN000027,CUST0001,2025-12-12,debit,dining_entertainment,390,Dining and entertainment
TXN000028,CUST0001,2025-12-07,debit,emi,960,Loan EMI
TXN000029,CUST0001,2025-12-18,debit,insurance_premium,6160,Insurance premium
TXN000030,CUST0001,2026-01-03,credit,business_income,5200,Business receipt
TXN000031,CUST0001,2026-01-05,debit,rent,1720,House rent
TXN000032,CUST0001,2026-01-12,debit,groceries,560,Groceries
TXN000033,CUST0001,2026-01-12,debit,utilities,190,Electricity and water
TXN000034,CUST0001,2026-01-17,debit,transport,290,Fuel and commute
TXN000035,CUST0001,2026-01-25,debit,dining_entertainment,540,Dining and entertainment
TXN000036,CUST0001,2026-01-07,debit,emi,980,Loan EMI
TXN000037,CUST0001,2026-02-03,credit,business_income,4800,Business receipt
TXN000038,CUST0001,2026-02-05,debit,rent,1820,House rent
TXN000039,CUST0001,2026-02-15,debit,groceries,660,Groceries
TXN000040,CUST0001,2026-02-12,debit,utilities,260,Electricity and water
TXN000041,CUST0001,2026-02-15,debit,transport,340,Fuel and commute
TXN000042,CUST0001,2026-02-15,debit,dining_entertainment,290,Dining and entertainment
TXN000043,CUST0001,2026-02-07,debit,emi,960,Loan EMI
TXN000044,CUST0001,2026-03-02,credit,business_income,7900,Business receipt
TXN000045,CUST0001,2026-03-05,debit,rent,1740,House rent
TXN000046,CUST0001,2026-03-09,debit,groceries,830,Groceries
TXN000047,CUST0001,2026-03-12,debit,utilities,340,Electricity and water
TXN000048,CUST0001,2026-03-17,debit,transport,260,Fuel and commute
TXN000049,CUST0001,2026-03-09,debit,dining_entertainment,390,Dining and entertainment
TXN000050,CUST0001,2026-03-07,debit,emi,980,Loan EMI
TXN000051,CUST0001,2026-04-02,credit,business_income,9200,Business receipt
TXN000052,CUST0001,2026-04-05,debit,rent,1680,House rent
TXN000053,CUST0001,2026-04-19,debit,groceries,860,Groceries
TXN000054,CUST0001,2026-04-12,debit,utilities,200,Electricity and water
TXN000055,CUST0001,2026-04-20,debit,transport,300,Fuel and commute
TXN000056,CUST0001,2026-04-19,debit,dining_entertainment,610,Dining and entertainment
TXN000057,CUST0001,2026-04-07,debit,emi,980,Loan EMI
TXN000058,CUST0001,2026-04-20,debit,medical,1720,Medical expenses
TXN000059,CUST0001,2026-05-01,credit,business_income,6200,Business receipt
TXN000060,CUST0001,2026-05-05,debit,rent,1840,House rent
TXN000061,CUST0001,2026-05-13,debit,groceries,850,Groceries
TXN000062,CUST0001,2026-05-12,debit,utilities,260,Electricity and water
TXN000063,CUST0001,2026-05-11,debit,transport,280,Fuel and commute
TXN000064,CUST0001,2026-05-15,debit,dining_entertainment,310,Dining and entertainment
TXN000065,CUST0001,2026-05-07,debit,emi,970,Loan EMI
TXN000066,CUST0001,2026-05-12,debit,medical,1260,Medical expenses
TXN000067,CUST0001,2026-06-01,credit,business_income,3700,Business receipt
TXN000068,CUST0001,2026-06-05,debit,rent,1670,House rent
TXN000069,CUST0001,2026-06-18,debit,groceries,590,Groceries
TXN000070,CUST0001,2026-06-12,debit,utilities,320,Electricity and water
TXN000071,CUST0001,2026-06-10,debit,transport,320,Fuel and commute
TXN000072,CUST0001,2026-06-12,debit,dining_entertainment,340,Dining and entertainment
TXN000073,CUST0001,2026-06-07,debit,emi,980,Loan EMI
TXN000074,CUST0001,2026-07-02,credit,business_income,9000,Business receipt
TXN000075,CUST0001,2026-07-05,debit,rent,1800,House rent
TXN000076,CUST0001,2026-07-15,debit,groceries,790,Groceries
TXN000077,CUST0001,2026-07-12,debit,utilities,190,Electricity and water
TXN000078,CUST0001,2026-07-14,debit,transport,320,Fuel and commute
TXN000079,CUST0001,2026-07-21,debit,dining_entertainment,680,Dining and entertainment
TXN000080,CUST0001,2026-07-07,debit,emi,980,Loan EMI
TXN000081,CUST0001,2026-08-03,credit,business_income,3500,Business receipt
TXN000082,CUST0001,2026-08-05,debit,rent,1790,House rent
TXN000083,CUST0001,2026-08-18,debit,groceries,900,Groceries
TXN000084,CUST0001,2026-08-12,debit,utilities,230,Electricity and water
TXN000085,CUST0001,2026-08-15,debit,transport,420,Fuel and commute
TXN000086,CUST0001,2026-08-17,debit,dining_entertainment,430,Dining and entertainment
TXN000087,CUST0001,2026-08-07,debit,emi,960,Loan EMI
TXN000088,CUST0002,2025-09-03,credit,salary,5300,Monthly credit
TXN000089,CUST0002,2025-09-05,debit,rent,1030,House rent
TXN000090,CUST0002,2025-09-15,debit,groceries,790,Groceries
TXN000091,CUST0002,2025-09-12,debit,utilities,190,Electricity and water
TXN000092,CUST0002,2025-09-25,debit,transport,360,Fuel and commute
TXN000093,CUST0002,2025-09-10,debit,dining_entertainment,310,Dining and entertainment
TXN000094,CUST0002,2025-10-01,credit,salary,5300,Monthly credit
TXN000095,CUST0002,2025-10-05,debit,rent,1140,House rent
TXN000096,CUST0002,2025-10-17,debit,groceries,740,Groceries
TXN000097,CUST0002,2025-10-12,debit,utilities,300,Electricity and water
TXN000098,CUST0002,2025-10-18,debit,transport,330,Fuel and commute
TXN000099,CUST0002,2025-10-10,debit,dining_entertainment,340,Dining and entertainment
TXN000100,CUST0002,2025-11-01,credit,salary,5400,Monthly credit
TXN000101,CUST0002,2025-11-05,debit,rent,1040,House rent
TXN000102,CUST0002,2025-11-08,debit,groceries,760,Groceries
TXN000103,CUST0002,2025-11-12,debit,utilities,300,Electricity and water
TXN000104,CUST0002,2025-11-22,debit,transport,350,Fuel and commute
TXN000105,CUST0002,2025-11-20,debit,dining_entertainment,390,Dining and entertainment
TXN000106,CUST0002,2025-12-03,credit,salary,5400,Monthly credit
TXN000107,CUST0002,2025-12-05,debit,rent,1120,House rent
TXN000108,CUST0002,2025-12-13,debit,groceries,570,Groceries
TXN000109,CUST0002,2025-12-12,debit,utilities,170,Electricity and water
TXN000110,CUST0002,2025-12-19,debit,transport,440,Fuel and commute
TXN000111,CUST0002,2025-12-16,debit,dining_entertainment,260,Dining and entertainment
TXN000112,CUST0002,2025-12-15,debit,shopping,240,Online shopping
TXN000113,CUST0002,2026-01-01,credit,salary,5300,Monthly credit
TXN000114,CUST0002,2026-01-05,debit,rent,1080,House rent
TXN000115,CUST0002,2026-01-07,debit,groceries,820,Groceries
TXN000116,CUST0002,2026-01-12,debit,utilities,210,Electricity and water
TXN000117,CUST0002,2026-01-25,debit,transport,480,Fuel and commute
TXN000118,CUST0002,2026-01-21,debit,dining_entertainment,530,Dining and entertainment
TXN000119,CUST0002,2026-01-08,debit,shopping,590,Online shopping
TXN000120,CUST0002,2026-02-02,credit,salary,5300,Monthly credit
TXN000121,CUST0002,2026-02-05,debit,rent,1000,House rent
TXN000122,CUST0002,2026-02-17,debit,groceries,550,Groceries
TXN000123,CUST0002,2026-02-12,debit,utilities,250,Electricity and water
TXN000124,CUST0002,2026-02-18,debit,transport,460,Fuel and commute
TXN000125,CUST0002,2026-02-17,debit,dining_entertainment,510,Dining and entertainment
TXN000126,CUST0002,2026-02-18,debit,shopping,440,Online shopping
TXN000127,CUST0002,2026-03-02,credit,salary,5300,Monthly credit
TXN000128,CUST0002,2026-03-05,debit,rent,960,House rent
TXN000129,CUST0002,2026-03-19,debit,groceries,520,Groceries
TXN000130,CUST0002,2026-03-12,debit,utilities,270,Electricity and water
TXN000131,CUST0002,2026-03-16,debit,transport,370,Fuel and commute
TXN000132,CUST0002,2026-03-14,debit,dining_entertainment,290,Dining and entertainment
TXN000133,CUST0002,2026-04-01,credit,salary,5300,Monthly credit
TXN000134,CUST0002,2026-04-05,debit,rent,1030,House rent
TXN000135,CUST0002,2026-04-13,debit,groceries,630,Groceries
TXN000136,CUST0002,2026-04-12,debit,utilities,300,Electricity and water
TXN000137,CUST0002,2026-04-22,debit,transport,280,Fuel and commute
TXN000138,CUST0002,2026-04-20,debit,dining_entertainment,330,Dining and entertainment
TXN000139,CUST0002,2026-05-02,credit,salary,5300,Monthly credit
TXN000140,CUST0002,2026-05-05,debit,rent,1020,House rent
TXN000141,CUST0002,2026-05-15,debit,groceries,800,Groceries
TXN000142,CUST0002,2026-05-12,debit,utilities,170,Electricity and water
TXN000143,CUST0002,2026-05-13,debit,transport,420,Fuel and commute
TXN000144,CUST0002,2026-05-19,debit,dining_entertainment,290,Dining and entertainment
TXN000145,CUST0002,2026-06-01,credit,salary,5400,Monthly credit
TXN000146,CUST0002,2026-06-05,debit,rent,1080,House rent
TXN000147,CUST0002,2026-06-19,debit,groceries,800,Groceries
TXN000148,CUST0002,2026-06-12,debit,utilities,240,Electricity and water
TXN000149,CUST0002,2026-06-25,debit,transport,470,Fuel and commute
TXN000150,CUST0002,2026-06-15,debit,dining_entertainment,480,Dining and entertainment
TXN000151,CUST0002,2026-06-18,debit,insurance_premium,5020,Insurance premium
TXN000152,CUST0002,2026-07-03,credit,salary,5400,Monthly credit
TXN000153,CUST0002,2026-07-05,debit,rent,1080,House rent
TXN000154,CUST0002,2026-07-15,debit,groceries,680,Groceries
TXN000155,CUST0002,2026-07-12,debit,utilities,270,Electricity and water
TXN000156,CUST0002,2026-07-13,debit,transport,380,Fuel and commute
TXN000157,CUST0002,2026-07-22,debit,dining_entertainment,630,Dining and entertainment
TXN000158,CUST0002,2026-08-01,credit,salary,5500,Monthly credit
TXN000159,CUST0002,2026-08-05,debit,rent,990,House rent
TXN000160,CUST0002,2026-08-16,debit,groceries,640,Groceries
TXN000161,CUST0002,2026-08-12,debit,utilities,230,Electricity and water
TXN000162,CUST0002,2026-08-14,debit,transport,480,Fuel and commute
TXN000163,CUST0002,2026-08-16,debit,dining_entertainment,580,Dining and entertainment
TXN000164,CUST0003,2025-09-02,credit,business_income,2500,Business receipt
TXN000165,CUST0003,2025-09-05,debit,rent,780,House rent
TXN000166,CUST0003,2025-09-06,debit,groceries,500,Groceries
TXN000167,CUST0003,2025-09-12,debit,utilities,170,Electricity and water
TXN000168,CUST0003,2025-09-23,debit,transport,230,Fuel and commute
TXN000169,CUST0003,2025-09-12,debit,dining_entertainment,310,Dining and entertainment
TXN000170,CUST0003,2025-09-07,debit,emi,820,Loan EMI
TXN000171,CUST0003,2025-10-01,credit,business_income,4900,Business receipt
TXN000172,CUST0003,2025-10-05,debit,rent,790,House rent
TXN000173,CUST0003,2025-10-10,debit,groceries,310,Groceries
TXN000174,CUST0003,2025-10-12,debit,utilities,180,Electricity and water
TXN000175,CUST0003,2025-10-23,debit,transport,270,Fuel and commute
TXN000176,CUST0003,2025-10-23,debit,dining_entertainment,380,Dining and entertainment
TXN000177,CUST0003,2025-10-07,debit,emi,830,Loan EMI
TXN000178,CUST0003,2025-10-22,debit,shopping,210,Online shopping
TXN000179,CUST0003,2025-11-03,credit,business_income,3600,Business receipt
TXN000180,CUST0003,2025-11-05,debit,rent,770,House rent
TXN000181,CUST0003,2025-11-20,debit,groceries,380,Groceries
TXN000182,CUST0003,2025-11-12,debit,utilities,120,Electricity and water
TXN000183,CUST0003,2025-11-25,debit,transport,160,Fuel and commute
TXN000184,CUST0003,2025-11-19,debit,dining_entertainment,650,Dining and entertainment
TXN000185,CUST0003,2025-11-07,debit,emi,820,Loan EMI
TXN000186,CUST0003,2025-12-02,credit,business_income,2300,Business receipt
TXN000187,CUST0003,2025-12-05,debit,rent,840,House rent
TXN000188,CUST0003,2025-12-19,debit,groceries,440,Groceries
TXN000189,CUST0003,2025-12-12,debit,utilities,110,Electricity and water
TXN000190,CUST0003,2025-12-24,debit,transport,170,Fuel and commute
TXN000191,CUST0003,2025-12-18,debit,dining_entertainment,580,Dining and entertainment
TXN000192,CUST0003,2025-12-07,debit,emi,820,Loan EMI
TXN000193,CUST0003,2026-01-01,credit,business_income,2000,Business receipt
TXN000194,CUST0003,2026-01-05,debit,rent,850,House rent
TXN000195,CUST0003,2026-01-13,debit,groceries,380,Groceries
TXN000196,CUST0003,2026-01-12,debit,utilities,170,Electricity and water
TXN000197,CUST0003,2026-01-11,debit,transport,270,Fuel and commute
TXN000198,CUST0003,2026-01-13,debit,dining_entertainment,480,Dining and entertainment
TXN000199,CUST0003,2026-01-07,debit,emi,820,Loan EMI
TXN000200,CUST0003,2026-02-03,credit,business_income,4300,Business receipt
TXN000201,CUST0003,2026-02-05,debit,rent,840,House rent
TXN000202,CUST0003,2026-02-09,debit,groceries,290,Groceries
TXN000203,CUST0003,2026-02-12,debit,utilities,180,Electricity and water
TXN000204,CUST0003,2026-02-11,debit,transport,160,Fuel and commute
TXN000205,CUST0003,2026-02-22,debit,dining_entertainment,370,Dining and entertainment
TXN000206,CUST0003,2026-02-07,debit,emi,820,Loan EMI
TXN000207,CUST0003,2026-02-17,debit,shopping,200,Online shopping
TXN000208,CUST0003,2026-03-03,credit,business_income,3200,Business receipt
TXN000209,CUST0003,2026-03-05,debit,rent,850,House rent
TXN000210,CUST0003,2026-03-09,debit,groceries,440,Groceries
TXN000211,CUST0003,2026-03-12,debit,utilities,130,Electricity and water
TXN000212,CUST0003,2026-03-15,debit,transport,220,Fuel and commute
TXN000213,CUST0003,2026-03-23,debit,dining_entertainment,660,Dining and entertainment
TXN000214,CUST0003,2026-03-07,debit,emi,830,Loan EMI
TXN000215,CUST0003,2026-03-26,debit,shopping,350,Online shopping
TXN000216,CUST0003,2026-04-01,credit,business_income,4500,Business receipt
TXN000217,CUST0003,2026-04-05,debit,rent,750,House rent
TXN000218,CUST0003,2026-04-08,debit,groceries,380,Groceries
TXN000219,CUST0003,2026-04-12,debit,utilities,180,Electricity and water
TXN000220,CUST0003,2026-04-16,debit,transport,250,Fuel and commute
TXN000221,CUST0003,2026-04-15,debit,dining_entertainment,620,Dining and entertainment
TXN000222,CUST0003,2026-04-07,debit,emi,830,Loan EMI
TXN000223,CUST0003,2026-05-03,credit,business_income,1300,Business receipt
TXN000224,CUST0003,2026-05-05,debit,rent,700,House rent
TXN000225,CUST0003,2026-05-16,debit,groceries,490,Groceries
TXN000226,CUST0003,2026-05-12,debit,utilities,110,Electricity and water
TXN000227,CUST0003,2026-05-17,debit,transport,260,Fuel and commute
TXN000228,CUST0003,2026-05-17,debit,dining_entertainment,370,Dining and entertainment
TXN000229,CUST0003,2026-05-07,debit,emi,830,Loan EMI
TXN000230,CUST0003,2026-05-18,debit,insurance_premium,3690,Insurance premium
TXN000231,CUST0003,2026-06-02,credit,business_income,4600,Business receipt
TXN000232,CUST0003,2026-06-05,debit,rent,740,House rent
TXN000233,CUST0003,2026-06-16,debit,groceries,390,Groceries
TXN000234,CUST0003,2026-06-12,debit,utilities,140,Electricity and water
TXN000235,CUST0003,2026-06-13,debit,transport,230,Fuel and commute
TXN000236,CUST0003,2026-06-19,debit,dining_entertainment,270,Dining and entertainment
TXN000237,CUST0003,2026-06-07,debit,emi,830,Loan EMI
TXN000238,CUST0003,2026-07-02,credit,business_income,3900,Business receipt
TXN000239,CUST0003,2026-07-05,debit,rent,710,House rent
TXN000240,CUST0003,2026-07-16,debit,groceries,510,Groceries
TXN000241,CUST0003,2026-07-12,debit,utilities,120,Electricity and water
TXN000242,CUST0003,2026-07-19,debit,transport,170,Fuel and commute
TXN000243,CUST0003,2026-07-24,debit,dining_entertainment,350,Dining and entertainment
TXN000244,CUST0003,2026-07-07,debit,emi,830,Loan EMI
TXN000245,CUST0003,2026-08-03,credit,business_income,4400,Business receipt
TXN000246,CUST0003,2026-08-05,debit,rent,770,House rent
TXN000247,CUST0003,2026-08-08,debit,groceries,360,Groceries
TXN000248,CUST0003,2026-08-12,debit,utilities,160,Electricity and water
TXN000249,CUST0003,2026-08-19,debit,transport,230,Fuel and commute
TXN000250,CUST0003,2026-08-21,debit,dining_entertainment,370,Dining and entertainment
TXN000251,CUST0003,2026-08-07,debit,emi,820,Loan EMI
TXN000252,CUST0004,2025-09-03,credit,salary,6000,Monthly credit
TXN000253,CUST0004,2025-09-05,debit,rent,1510,House rent
TXN000254,CUST0004,2025-09-16,debit,groceries,750,Groceries
TXN000255,CUST0004,2025-09-12,debit,utilities,240,Electricity and water
TXN000256,CUST0004,2025-09-15,debit,transport,330,Fuel and commute
TXN000257,CUST0004,2025-09-25,debit,dining_entertainment,660,Dining and entertainment
TXN000258,CUST0004,2025-09-07,debit,emi,1300,Loan EMI
TXN000259,CUST0004,2025-09-20,debit,shopping,320,Online shopping
TXN000260,CUST0004,2025-10-01,credit,salary,6100,Monthly credit
TXN000261,CUST0004,2025-10-05,debit,rent,1600,House rent
TXN000262,CUST0004,2025-10-16,debit,groceries,930,Groceries
TXN000263,CUST0004,2025-10-12,debit,utilities,190,Electricity and water
TXN000264,CUST0004,2025-10-19,debit,transport,350,Fuel and commute
TXN000265,CUST0004,2025-10-18,debit,dining_entertainment,470,Dining and entertainment
TXN000266,CUST0004,2025-10-07,debit,emi,1300,Loan EMI
TXN000267,CUST0004,2025-11-01,credit,salary,5900,Monthly credit
TXN000268,CUST0004,2025-11-05,debit,rent,1570,House rent
TXN000269,CUST0004,2025-11-15,debit,groceries,790,Groceries
TXN000270,CUST0004,2025-11-12,debit,utilities,190,Electricity and water
TXN000271,CUST0004,2025-11-13,debit,transport,510,Fuel and commute
TXN000272,CUST0004,2025-11-20,debit,dining_entertainment,670,Dining and entertainment
TXN000273,CUST0004,2025-11-07,debit,emi,1300,Loan EMI
TXN000274,CUST0004,2025-12-01,credit,salary,5900,Monthly credit
TXN000275,CUST0004,2025-12-05,debit,rent,1420,House rent
TXN000276,CUST0004,2025-12-20,debit,groceries,960,Groceries
TXN000277,CUST0004,2025-12-12,debit,utilities,340,Electricity and water
TXN000278,CUST0004,2025-12-20,debit,transport,380,Fuel and commute
TXN000279,CUST0004,2025-12-13,debit,dining_entertainment,660,Dining and entertainment
TXN000280,CUST0004,2025-12-07,debit,emi,1310,Loan EMI
TXN000281,CUST0004,2026-01-03,credit,salary,6000,Monthly credit
TXN000282,CUST0004,2026-01-05,debit,rent,1340,House rent
TXN000283,CUST0004,2026-01-09,debit,groceries,730,Groceries
TXN000284,CUST0004,2026-01-12,debit,utilities,320,Electricity and water
TXN000285,CUST0004,2026-01-15,debit,transport,290,Fuel and commute
TXN000286,CUST0004,2026-01-10,debit,dining_entertainment,500,Dining and entertainment
TXN000287,CUST0004,2026-01-07,debit,emi,1290,Loan EMI
TXN000288,CUST0004,2026-02-02,credit,salary,6000,Monthly credit
TXN000289,CUST0004,2026-02-05,debit,rent,1430,House rent
TXN000290,CUST0004,2026-02-09,debit,groceries,560,Groceries
TXN000291,CUST0004,2026-02-12,debit,utilities,310,Electricity and water
TXN000292,CUST0004,2026-02-20,debit,transport,530,Fuel and commute
TXN000293,CUST0004,2026-02-24,debit,dining_entertainment,620,Dining and entertainment
TXN000294,CUST0004,2026-02-07,debit,emi,1300,Loan EMI
TXN000295,CUST0004,2026-03-03,credit,salary,6000,Monthly credit
TXN000296,CUST0004,2026-03-05,debit,rent,1580,House rent
TXN000297,CUST0004,2026-03-07,debit,groceries,680,Groceries
TXN000298,CUST0004,2026-03-12,debit,utilities,250,Electricity and water
TXN000299,CUST0004,2026-03-15,debit,transport,420,Fuel and commute
TXN000300,CUST0004,2026-03-09,debit,dining_entertainment,320,Dining and entertainment
TXN000301,CUST0004,2026-03-07,debit,emi,1300,Loan EMI
TXN000302,CUST0004,2026-04-02,credit,salary,6100,Monthly credit
TXN000303,CUST0004,2026-04-05,debit,rent,1450,House rent
TXN000304,CUST0004,2026-04-08,debit,groceries,830,Groceries
TXN000305,CUST0004,2026-04-12,debit,utilities,240,Electricity and water
TXN000306,CUST0004,2026-04-21,debit,transport,510,Fuel and commute
TXN000307,CUST0004,2026-04-13,debit,dining_entertainment,620,Dining and entertainment
TXN000308,CUST0004,2026-04-07,debit,emi,1320,Loan EMI
TXN000309,CUST0004,2026-05-03,credit,salary,6000,Monthly credit
TXN000310,CUST0004,2026-05-05,debit,rent,1610,House rent
TXN000311,CUST0004,2026-05-06,debit,groceries,630,Groceries
TXN000312,CUST0004,2026-05-12,debit,utilities,290,Electricity and water
TXN000313,CUST0004,2026-05-21,debit,transport,290,Fuel and commute
TXN000314,CUST0004,2026-05-09,debit,dining_entertainment,600,Dining and entertainment
TXN000315,CUST0004,2026-05-07,debit,emi,1300,Loan EMI
TXN000316,CUST0004,2026-06-03,credit,salary,6100,Monthly credit
TXN000317,CUST0004,2026-06-05,debit,rent,1610,House rent
TXN000318,CUST0004,2026-06-16,debit,groceries,820,Groceries
TXN000319,CUST0004,2026-06-12,debit,utilities,330,Electricity and water
TXN000320,CUST0004,2026-06-13,debit,transport,250,Fuel and commute
TXN000321,CUST0004,2026-06-20,debit,dining_entertainment,470,Dining and entertainment
TXN000322,CUST0004,2026-06-07,debit,emi,1290,Loan EMI
TXN000323,CUST0004,2026-07-03,credit,salary,6000,Monthly credit
TXN000324,CUST0004,2026-07-05,debit,rent,1510,House rent
TXN000325,CUST0004,2026-07-16,debit,groceries,670,Groceries
TXN000326,CUST0004,2026-07-12,debit,utilities,200,Electricity and water
TXN000327,CUST0004,2026-07-14,debit,transport,400,Fuel and commute
TXN000328,CUST0004,2026-07-11,debit,dining_entertainment,470,Dining and entertainment
TXN000329,CUST0004,2026-07-07,debit,emi,1300,Loan EMI
TXN000330,CUST0004,2026-08-02,credit,salary,6100,Monthly credit
TXN000331,CUST0004,2026-08-05,debit,rent,1380,House rent
TXN000332,CUST0004,2026-08-10,debit,groceries,630,Groceries
TXN000333,CUST0004,2026-08-12,debit,utilities,330,Electricity and water
TXN000334,CUST0004,2026-08-21,debit,transport,530,Fuel and commute
TXN000335,CUST0004,2026-08-17,debit,dining_entertainment,600,Dining and entertainment
TXN000336,CUST0004,2026-08-07,debit,emi,1300,Loan EMI
TXN000337,CUST0004,2026-08-18,debit,insurance_premium,6040,Insurance premium
TXN000338,CUST0005,2025-09-01,credit,salary,4100,Monthly credit
TXN000339,CUST0005,2025-09-05,debit,rent,910,House rent
TXN000340,CUST0005,2025-09-08,debit,groceries,550,Groceries
TXN000341,CUST0005,2025-09-12,debit,utilities,230,Electricity and water
TXN000342,CUST0005,2025-09-12,debit,transport,320,Fuel and commute
TXN000343,CUST0005,2025-09-11,debit,dining_entertainment,400,Dining and entertainment
TXN000344,CUST0005,2025-09-07,debit,emi,800,Loan EMI
TXN000345,CUST0005,2025-09-18,debit,insurance_premium,4400,Insurance premium
TXN000346,CUST0005,2025-10-01,credit,salary,4000,Monthly credit
TXN000347,CUST0005,2025-10-05,debit,rent,780,House rent
TXN000348,CUST0005,2025-10-06,debit,groceries,410,Groceries
TXN000349,CUST0005,2025-10-12,debit,utilities,220,Electricity and water
TXN000350,CUST0005,2025-10-20,debit,transport,230,Fuel and commute
TXN000351,CUST0005,2025-10-11,debit,dining_entertainment,320,Dining and entertainment
TXN000352,CUST0005,2025-10-07,debit,emi,780,Loan EMI
TXN000353,CUST0005,2025-10-24,debit,shopping,430,Online shopping
TXN000354,CUST0005,2025-11-02,credit,salary,4100,Monthly credit
TXN000355,CUST0005,2025-11-05,debit,rent,820,House rent
TXN000356,CUST0005,2025-11-15,debit,groceries,490,Groceries
TXN000357,CUST0005,2025-11-12,debit,utilities,150,Electricity and water
TXN000358,CUST0005,2025-11-21,debit,transport,310,Fuel and commute
TXN000359,CUST0005,2025-11-13,debit,dining_entertainment,430,Dining and entertainment
TXN000360,CUST0005,2025-11-07,debit,emi,780,Loan EMI
TXN000361,CUST0005,2025-12-03,credit,salary,4100,Monthly credit
TXN000362,CUST0005,2025-12-05,debit,rent,910,House rent
TXN000363,CUST0005,2025-12-16,debit,groceries,590,Groceries
TXN000364,CUST0005,2025-12-12,debit,utilities,230,Electricity and water
TXN000365,CUST0005,2025-12-14,debit,transport,190,Fuel and commute
TXN000366,CUST0005,2025-12-09,debit,dining_entertainment,400,Dining and entertainment
TXN000367,CUST0005,2025-12-07,debit,emi,800,Loan EMI
TXN000368,CUST0005,2025-12-18,debit,shopping,450,Online shopping
TXN000369,CUST0005,2026-01-03,credit,salary,4100,Monthly credit
TXN000370,CUST0005,2026-01-05,debit,rent,840,House rent
TXN000371,CUST0005,2026-01-18,debit,groceries,540,Groceries
TXN000372,CUST0005,2026-01-12,debit,utilities,160,Electricity and water
TXN000373,CUST0005,2026-01-14,debit,transport,160,Fuel and commute
TXN000374,CUST0005,2026-01-23,debit,dining_entertainment,330,Dining and entertainment
TXN000375,CUST0005,2026-01-07,debit,emi,780,Loan EMI
TXN000376,CUST0005,2026-01-13,debit,shopping,210,Online shopping
TXN000377,CUST0005,2026-02-03,credit,salary,4000,Monthly credit
TXN000378,CUST0005,2026-02-05,debit,rent,850,House rent
TXN000379,CUST0005,2026-02-17,debit,groceries,580,Groceries
TXN000380,CUST0005,2026-02-12,debit,utilities,190,Electricity and water
TXN000381,CUST0005,2026-02-20,debit,transport,360,Fuel and commute
TXN000382,CUST0005,2026-02-11,debit,dining_entertainment,340,Dining and entertainment
TXN000383,CUST0005,2026-02-07,debit,emi,790,Loan EMI
TXN000384,CUST0005,2026-03-03,credit,salary,4100,Monthly credit
TXN000385,CUST0005,2026-03-05,debit,rent,830,House rent
TXN000386,CUST0005,2026-03-14,debit,groceries,600,Groceries
TXN000387,CUST0005,2026-03-12,debit,utilities,230,Electricity and water
TXN000388,CUST0005,2026-03-10,debit,transport,280,Fuel and commute
TXN000389,CUST0005,2026-03-13,debit,dining_entertainment,380,Dining and entertainment
TXN000390,CUST0005,2026-03-07,debit,emi,790,Loan EMI
TXN000391,CUST0005,2026-04-02,credit,salary,4000,Monthly credit
TXN000392,CUST0005,2026-04-05,debit,rent,820,House rent
TXN000393,CUST0005,2026-04-10,debit,groceries,460,Groceries
TXN000394,CUST0005,2026-04-12,debit,utilities,120,Electricity and water
TXN000395,CUST0005,2026-04-22,debit,transport,200,Fuel and commute
TXN000396,CUST0005,2026-04-15,debit,dining_entertainment,310,Dining and entertainment
TXN000397,CUST0005,2026-04-07,debit,emi,780,Loan EMI
TXN000398,CUST0005,2026-05-02,credit,salary,4000,Monthly credit
TXN000399,CUST0005,2026-05-05,debit,rent,840,House rent
TXN000400,CUST0005,2026-05-13,debit,groceries,400,Groceries
TXN000401,CUST0005,2026-05-12,debit,utilities,210,Electricity and water
TXN000402,CUST0005,2026-05-22,debit,transport,160,Fuel and commute
TXN000403,CUST0005,2026-05-25,debit,dining_entertainment,310,Dining and entertainment
TXN000404,CUST0005,2026-05-07,debit,emi,790,Loan EMI
TXN000405,CUST0005,2026-06-03,credit,salary,4100,Monthly credit
TXN000406,CUST0005,2026-06-05,debit,rent,810,House rent
TXN000407,CUST0005,2026-06-09,debit,groceries,510,Groceries
TXN000408,CUST0005,2026-06-12,debit,utilities,200,Electricity and water
TXN000409,CUST0005,2026-06-20,debit,transport,250,Fuel and commute
TXN000410,CUST0005,2026-06-09,debit,dining_entertainment,300,Dining and entertainment
TXN000411,CUST0005,2026-06-07,debit,emi,790,Loan EMI
TXN000412,CUST0005,2026-07-03,credit,salary,4100,Monthly credit
TXN000413,CUST0005,2026-07-05,debit,rent,840,House rent
TXN000414,CUST0005,2026-07-17,debit,groceries,550,Groceries
TXN000415,CUST0005,2026-07-12,debit,utilities,170,Electricity and water
TXN000416,CUST0005,2026-07-17,debit,transport,180,Fuel and commute
TXN000417,CUST0005,2026-07-19,debit,dining_entertainment,190,Dining and entertainment
TXN000418,CUST0005,2026-07-07,debit,emi,790,Loan EMI
TXN000419,CUST0005,2026-08-03,credit,salary,4000,Monthly credit
TXN000420,CUST0005,2026-08-05,debit,rent,780,House rent
TXN000421,CUST0005,2026-08-13,debit,groceries,620,Groceries
TXN000422,CUST0005,2026-08-12,debit,utilities,130,Electricity and water
TXN000423,CUST0005,2026-08-23,debit,transport,300,Fuel and commute
TXN000424,CUST0005,2026-08-14,debit,dining_entertainment,220,Dining and entertainment
TXN000425,CUST0005,2026-08-07,debit,emi,780,Loan EMI
TXN000426,CUST0006,2025-09-02,credit,salary,9300,Monthly credit
TXN000427,CUST0006,2025-09-05,debit,maintenance,230,Society maintenance
TXN000428,CUST0006,2025-09-16,debit,groceries,1260,Groceries
TXN000429,CUST0006,2025-09-12,debit,utilities,440,Electricity and water
TXN000430,CUST0006,2025-09-24,debit,transport,740,Fuel and commute
TXN000431,CUST0006,2025-09-26,debit,dining_entertainment,760,Dining and entertainment
TXN000432,CUST0006,2025-09-19,debit,shopping,700,Online shopping
TXN000433,CUST0006,2025-10-03,credit,salary,9500,Monthly credit
TXN000434,CUST0006,2025-10-05,debit,maintenance,330,Society maintenance
TXN000435,CUST0006,2025-10-13,debit,groceries,1400,Groceries
TXN000436,CUST0006,2025-10-12,debit,utilities,540,Electricity and water
TXN000437,CUST0006,2025-10-15,debit,transport,740,Fuel and commute
TXN000438,CUST0006,2025-10-13,debit,dining_entertainment,920,Dining and entertainment
TXN000439,CUST0006,2025-10-22,debit,shopping,610,Online shopping
TXN000440,CUST0006,2025-11-02,credit,salary,9400,Monthly credit
TXN000441,CUST0006,2025-11-05,debit,maintenance,280,Society maintenance
TXN000442,CUST0006,2025-11-15,debit,groceries,1100,Groceries
TXN000443,CUST0006,2025-11-12,debit,utilities,540,Electricity and water
TXN000444,CUST0006,2025-11-18,debit,transport,730,Fuel and commute
TXN000445,CUST0006,2025-11-18,debit,dining_entertainment,720,Dining and entertainment
TXN000446,CUST0006,2025-12-02,credit,salary,9200,Monthly credit
TXN000447,CUST0006,2025-12-05,debit,maintenance,290,Society maintenance
TXN000448,CUST0006,2025-12-14,debit,groceries,1430,Groceries
TXN000449,CUST0006,2025-12-12,debit,utilities,360,Electricity and water
TXN000450,CUST0006,2025-12-20,debit,transport,700,Fuel and commute
TXN000451,CUST0006,2025-12-25,debit,dining_entertainment,930,Dining and entertainment
TXN000452,CUST0006,2025-12-12,debit,shopping,810,Online shopping
TXN000453,CUST0006,2026-01-03,credit,salary,9400,Monthly credit
TXN000454,CUST0006,2026-01-05,debit,maintenance,240,Society maintenance
TXN000455,CUST0006,2026-01-08,debit,groceries,1310,Groceries
TXN000456,CUST0006,2026-01-12,debit,utilities,420,Electricity and water
TXN000457,CUST0006,2026-01-20,debit,transport,700,Fuel and commute
TXN000458,CUST0006,2026-01-19,debit,dining_entertainment,930,Dining and entertainment
TXN000459,CUST0006,2026-02-03,credit,salary,9500,Monthly credit
TXN000460,CUST0006,2026-02-05,debit,maintenance,270,Society maintenance
TXN000461,CUST0006,2026-02-19,debit,groceries,1340,Groceries
TXN000462,CUST0006,2026-02-12,debit,utilities,430,Electricity and water
TXN000463,CUST0006,2026-02-23,debit,transport,780,Fuel and commute
TXN000464,CUST0006,2026-02-24,debit,dining_entertainment,990,Dining and entertainment
TXN000465,CUST0006,2026-03-01,credit,salary,9200,Monthly credit
TXN000466,CUST0006,2026-03-05,debit,maintenance,240,Society maintenance
TXN000467,CUST0006,2026-03-08,debit,groceries,1340,Groceries
TXN000468,CUST0006,2026-03-12,debit,utilities,560,Electricity and water
TXN000469,CUST0006,2026-03-14,debit,transport,690,Fuel and commute
TXN000470,CUST0006,2026-03-17,debit,dining_entertainment,1020,Dining and entertainment
TXN000471,CUST0006,2026-04-02,credit,salary,9300,Monthly credit
TXN000472,CUST0006,2026-04-05,debit,maintenance,230,Society maintenance
TXN000473,CUST0006,2026-04-17,debit,groceries,1410,Groceries
TXN000474,CUST0006,2026-04-12,debit,utilities,440,Electricity and water
TXN000475,CUST0006,2026-04-22,debit,transport,480,Fuel and commute
TXN000476,CUST0006,2026-04-17,debit,dining_entertainment,610,Dining and entertainment
TXN000477,CUST0006,2026-04-16,debit,shopping,600,Online shopping
TXN000478,CUST0006,2026-05-03,credit,salary,9500,Monthly credit
TXN000479,CUST0006,2026-05-05,debit,maintenance,260,Society maintenance
TXN000480,CUST0006,2026-05-06,debit,groceries,1210,Groceries
TXN000481,CUST0006,2026-05-12,debit,utilities,490,Electricity and water
TXN000482,CUST0006,2026-05-24,debit,transport,470,Fuel and commute
TXN000483,CUST0006,2026-05-19,debit,dining_entertainment,1010,Dining and entertainment
TXN000484,CUST0006,2026-06-03,credit,salary,9400,Monthly credit
TXN000485,CUST0006,2026-06-05,debit,maintenance,330,Society maintenance
TXN000486,CUST0006,2026-06-08,debit,groceries,1040,Groceries
TXN000487,CUST0006,2026-06-12,debit,utilities,560,Electricity and water
TXN000488,CUST0006,2026-06-15,debit,transport,410,Fuel and commute
TXN000489,CUST0006,2026-06-11,debit,dining_entertainment,950,Dining and entertainment
TXN000490,CUST0006,2026-07-01,credit,salary,9400,Monthly credit
TXN000491,CUST0006,2026-07-05,debit,maintenance,240,Society maintenance
TXN000492,CUST0006,2026-07-06,debit,groceries,1400,Groceries
TXN000493,CUST0006,2026-07-12,debit,utilities,370,Electricity and water
TXN000494,CUST0006,2026-07-14,debit,transport,710,Fuel and commute
TXN000495,CUST0006,2026-07-18,debit,dining_entertainment,470,Dining and entertainment
TXN000496,CUST0006,2026-08-03,credit,salary,9400,Monthly credit
TXN000497,CUST0006,2026-08-05,debit,maintenance,260,Society maintenance
TXN000498,CUST0006,2026-08-14,debit,groceries,1360,Groceries
TXN000499,CUST0006,2026-08-12,debit,utilities,380,Electricity and water
TXN000500,CUST0006,2026-08-20,debit,transport,740,Fuel and commute
TXN000501,CUST0006,2026-08-13,debit,dining_entertainment,800,Dining and entertainment
TXN000502,CUST0006,2026-08-18,debit,insurance_premium,9110,Insurance premium
TXN000503,CUST0006,2026-08-15,debit,shopping,740,Online shopping
TXN000504,CUST0007,2025-09-02,credit,business_income,14100,Business receipt
TXN000505,CUST0007,2025-09-05,debit,rent,2900,House rent
TXN000506,CUST0007,2025-09-18,debit,groceries,1350,Groceries
TXN000507,CUST0007,2025-09-12,debit,utilities,620,Electricity and water
TXN000508,CUST0007,2025-09-10,debit,transport,820,Fuel and commute
TXN000509,CUST0007,2025-09-19,debit,dining_entertainment,720,Dining and entertainment
TXN000510,CUST0007,2025-09-10,debit,sip_investment,1600,Mutual fund SIP
TXN000511,CUST0007,2025-09-15,debit,school_fees,8040,School fees
TXN000512,CUST0007,2025-10-01,credit,business_income,13800,Business receipt
TXN000513,CUST0007,2025-10-05,debit,rent,3090,House rent
TXN000514,CUST0007,2025-10-20,debit,groceries,1450,Groceries
TXN000515,CUST0007,2025-10-12,debit,utilities,690,Electricity and water
TXN000516,CUST0007,2025-10-18,debit,transport,580,Fuel and commute
TXN000517,CUST0007,2025-10-17,debit,dining_entertainment,1120,Dining and entertainment
TXN000518,CUST0007,2025-10-10,debit,sip_investment,1600,Mutual fund SIP
TXN000519,CUST0007,2025-10-26,debit,medical,2980,Medical expenses
TXN000520,CUST0007,2025-11-02,credit,business_income,15200,Business receipt
TXN000521,CUST0007,2025-11-05,debit,rent,2970,House rent
TXN000522,CUST0007,2025-11-16,debit,groceries,1430,Groceries
TXN000523,CUST0007,2025-11-12,debit,utilities,460,Electricity and water
TXN000524,CUST0007,2025-11-13,debit,transport,840,Fuel and commute
TXN000525,CUST0007,2025-11-25,debit,dining_entertainment,770,Dining and entertainment
TXN000526,CUST0007,2025-11-10,debit,sip_investment,1600,Mutual fund SIP
TXN000527,CUST0007,2025-12-03,credit,business_income,10600,Business receipt
TXN000528,CUST0007,2025-12-05,debit,rent,3140,House rent
TXN000529,CUST0007,2025-12-12,debit,groceries,1940,Groceries
TXN000530,CUST0007,2025-12-12,debit,utilities,710,Electricity and water
TXN000531,CUST0007,2025-12-23,debit,transport,640,Fuel and commute
TXN000532,CUST0007,2025-12-10,debit,dining_entertainment,1220,Dining and entertainment
TXN000533,CUST0007,2025-12-10,debit,sip_investment,1600,Mutual fund SIP
TXN000534,CUST0007,2025-12-18,debit,insurance_premium,15140,Insurance premium
TXN000535,CUST0007,2025-12-15,debit,school_fees,6150,School fees
TXN000536,CUST0007,2026-01-01,credit,business_income,9700,Business receipt
TXN000537,CUST0007,2026-01-05,debit,rent,2790,House rent
TXN000538,CUST0007,2026-01-07,debit,groceries,1390,Groceries
TXN000539,CUST0007,2026-01-12,debit,utilities,610,Electricity and water
TXN000540,CUST0007,2026-01-18,debit,transport,660,Fuel and commute
TXN000541,CUST0007,2026-01-22,debit,dining_entertainment,990,Dining and entertainment
TXN000542,CUST0007,2026-01-10,debit,sip_investment,1600,Mutual fund SIP
TXN000543,CUST0007,2026-02-03,credit,business_income,9100,Business receipt
TXN000544,CUST0007,2026-02-05,debit,rent,2750,House rent
TXN000545,CUST0007,2026-02-17,debit,groceries,1160,Groceries
TXN000546,CUST0007,2026-02-12,debit,utilities,620,Electricity and water
TXN000547,CUST0007,2026-02-11,debit,transport,1000,Fuel and commute
TXN000548,CUST0007,2026-02-10,debit,dining_entertainment,1270,Dining and entertainment
TXN000549,CUST0007,2026-02-10,debit,sip_investment,1600,Mutual fund SIP
TXN000550,CUST0007,2026-03-03,credit,business_income,11200,Business receipt
TXN000551,CUST0007,2026-03-05,debit,rent,2860,House rent
TXN000552,CUST0007,2026-03-18,debit,groceries,1240,Groceries
TXN000553,CUST0007,2026-03-12,debit,utilities,740,Electricity and water
TXN000554,CUST0007,2026-03-10,debit,transport,760,Fuel and commute
TXN000555,CUST0007,2026-03-25,debit,dining_entertainment,1060,Dining and entertainment
TXN000556,CUST0007,2026-03-10,debit,sip_investment,1600,Mutual fund SIP
TXN000557,CUST0007,2026-03-15,debit,school_fees,6580,School fees
TXN000558,CUST0007,2026-04-02,credit,business_income,15600,Business receipt
TXN000559,CUST0007,2026-04-05,debit,rent,3250,House rent
TXN000560,CUST0007,2026-04-16,debit,groceries,1290,Groceries
TXN000561,CUST0007,2026-04-12,debit,utilities,730,Electricity and water
TXN000562,CUST0007,2026-04-21,debit,transport,1140,Fuel and commute
TXN000563,CUST0007,2026-04-08,debit,dining_entertainment,1510,Dining and entertainment
TXN000564,CUST0007,2026-04-10,debit,sip_investment,1600,Mutual fund SIP
TXN000565,CUST0007,2026-05-01,credit,business_income,9900,Business receipt
TXN000566,CUST0007,2026-05-05,debit,rent,3020,House rent
TXN000567,CUST0007,2026-05-14,debit,groceries,1510,Groceries
TXN000568,CUST0007,2026-05-12,debit,utilities,750,Electricity and water
TXN000569,CUST0007,2026-05-21,debit,transport,710,Fuel and commute
TXN000570,CUST0007,2026-05-24,debit,dining_entertainment,810,Dining and entertainment
TXN000571,CUST0007,2026-05-10,debit,sip_investment,1600,Mutual fund SIP
TXN000572,CUST0007,2026-05-11,debit,shopping,1100,Online shopping
TXN000573,CUST0007,2026-06-01,credit,business_income,10500,Business receipt
TXN000574,CUST0007,2026-06-05,debit,rent,3080,House rent
TXN000575,CUST0007,2026-06-06,debit,groceries,1670,Groceries
TXN000576,CUST0007,2026-06-12,debit,utilities,710,Electricity and water
TXN000577,CUST0007,2026-06-24,debit,transport,1110,Fuel and commute
TXN000578,CUST0007,2026-06-10,debit,dining_entertainment,1210,Dining and entertainment
TXN000579,CUST0007,2026-06-10,debit,sip_investment,1600,Mutual fund SIP
TXN000580,CUST0007,2026-06-15,debit,school_fees,7040,School fees
TXN000581,CUST0007,2026-06-18,debit,shopping,1230,Online shopping
TXN000582,CUST0007,2026-07-02,credit,business_income,16400,Business receipt
TXN000583,CUST0007,2026-07-05,debit,rent,2760,House rent
TXN000584,CUST0007,2026-07-07,debit,groceries,1750,Groceries
TXN000585,CUST0007,2026-07-12,debit,utilities,490,Electricity and water
TXN000586,CUST0007,2026-07-16,debit,transport,560,Fuel and commute
TXN000587,CUST0007,2026-07-22,debit,dining_entertainment,910,Dining and entertainment
TXN000588,CUST0007,2026-07-10,debit,sip_investment,1600,Mutual fund SIP
TXN000589,CUST0007,2026-08-01,credit,business_income,14400,Business receipt
TXN000590,CUST0007,2026-08-05,debit,rent,3020,House rent
TXN000591,CUST0007,2026-08-11,debit,groceries,1490,Groceries
TXN000592,CUST0007,2026-08-12,debit,utilities,750,Electricity and water
TXN000593,CUST0007,2026-08-20,debit,transport,620,Fuel and commute
TXN000594,CUST0007,2026-08-15,debit,dining_entertainment,840,Dining and entertainment
TXN000595,CUST0007,2026-08-10,debit,sip_investment,1600,Mutual fund SIP
TXN000596,CUST0008,2025-09-02,credit,salary,7600,Monthly credit
TXN000597,CUST0008,2025-09-05,debit,rent,1400,House rent
TXN000598,CUST0008,2025-09-13,debit,groceries,1090,Groceries
TXN000599,CUST0008,2025-09-12,debit,utilities,350,Electricity and water
TXN000600,CUST0008,2025-09-12,debit,transport,360,Fuel and commute
TXN000601,CUST0008,2025-09-12,debit,dining_entertainment,1440,Dining and entertainment
TXN000602,CUST0008,2025-09-07,debit,emi,2130,Loan EMI
TXN000603,CUST0008,2025-09-10,debit,sip_investment,1000,Mutual fund SIP
TXN000604,CUST0008,2025-10-03,credit,salary,7600,Monthly credit
TXN000605,CUST0008,2025-10-05,debit,rent,1290,House rent
TXN000606,CUST0008,2025-10-14,debit,groceries,690,Groceries
TXN000607,CUST0008,2025-10-12,debit,utilities,370,Electricity and water
TXN000608,CUST0008,2025-10-22,debit,transport,610,Fuel and commute
TXN000609,CUST0008,2025-10-14,debit,dining_entertainment,1370,Dining and entertainment
TXN000610,CUST0008,2025-10-07,debit,emi,2130,Loan EMI
TXN000611,CUST0008,2025-10-10,debit,sip_investment,1000,Mutual fund SIP
TXN000612,CUST0008,2025-11-02,credit,salary,7700,Monthly credit
TXN000613,CUST0008,2025-11-05,debit,rent,1460,House rent
TXN000614,CUST0008,2025-11-12,debit,groceries,760,Groceries
TXN000615,CUST0008,2025-11-12,debit,utilities,270,Electricity and water
TXN000616,CUST0008,2025-11-19,debit,transport,590,Fuel and commute
TXN000617,CUST0008,2025-11-24,debit,dining_entertainment,760,Dining and entertainment
TXN000618,CUST0008,2025-11-07,debit,emi,2110,Loan EMI
TXN000619,CUST0008,2025-11-10,debit,sip_investment,1000,Mutual fund SIP
TXN000620,CUST0008,2025-12-03,credit,salary,7600,Monthly credit
TXN000621,CUST0008,2025-12-05,debit,rent,1470,House rent
TXN000622,CUST0008,2025-12-08,debit,groceries,1080,Groceries
TXN000623,CUST0008,2025-12-12,debit,utilities,320,Electricity and water
TXN000624,CUST0008,2025-12-14,debit,transport,370,Fuel and commute
TXN000625,CUST0008,2025-12-23,debit,dining_entertainment,1340,Dining and entertainment
TXN000626,CUST0008,2025-12-07,debit,emi,2130,Loan EMI
TXN000627,CUST0008,2025-12-10,debit,sip_investment,1000,Mutual fund SIP
TXN000628,CUST0008,2025-12-09,debit,medical,2400,Medical expenses
TXN000629,CUST0008,2025-12-04,debit,shopping,470,Online shopping
TXN000630,CUST0008,2026-01-03,credit,salary,7600,Monthly credit
TXN000631,CUST0008,2026-01-05,debit,rent,1530,House rent
TXN000632,CUST0008,2026-01-13,debit,groceries,870,Groceries
TXN000633,CUST0008,2026-01-12,debit,utilities,430,Electricity and water
TXN000634,CUST0008,2026-01-11,debit,transport,630,Fuel and commute
TXN000635,CUST0008,2026-01-18,debit,dining_entertainment,1570,Dining and entertainment
TXN000636,CUST0008,2026-01-07,debit,emi,2090,Loan EMI
TXN000637,CUST0008,2026-01-10,debit,sip_investment,1000,Mutual fund SIP
TXN000638,CUST0008,2026-02-03,credit,salary,7500,Monthly credit
TXN000639,CUST0008,2026-02-05,debit,rent,1350,House rent
TXN000640,CUST0008,2026-02-08,debit,groceries,970,Groceries
TXN000641,CUST0008,2026-02-12,debit,utilities,310,Electricity and water
TXN000642,CUST0008,2026-02-12,debit,transport,440,Fuel and commute
TXN000643,CUST0008,2026-02-20,debit,dining_entertainment,1130,Dining and entertainment
TXN000644,CUST0008,2026-02-07,debit,emi,2130,Loan EMI
TXN000645,CUST0008,2026-02-10,debit,sip_investment,1000,Mutual fund SIP
TXN000646,CUST0008,2026-02-18,debit,insurance_premium,5310,Insurance premium
TXN000647,CUST0008,2026-03-02,credit,salary,7500,Monthly credit
TXN000648,CUST0008,2026-03-05,debit,rent,1520,House rent
TXN000649,CUST0008,2026-03-20,debit,groceries,680,Groceries
TXN000650,CUST0008,2026-03-12,debit,utilities,250,Electricity and water
TXN000651,CUST0008,2026-03-12,debit,transport,360,Fuel and commute
TXN000652,CUST0008,2026-03-16,debit,dining_entertainment,1120,Dining and entertainment
TXN000653,CUST0008,2026-03-07,debit,emi,2100,Loan EMI
TXN000654,CUST0008,2026-03-10,debit,sip_investment,1000,Mutual fund SIP
TXN000655,CUST0008,2026-04-01,credit,salary,7600,Monthly credit
TXN000656,CUST0008,2026-04-05,debit,rent,1460,House rent
TXN000657,CUST0008,2026-04-11,debit,groceries,900,Groceries
TXN000658,CUST0008,2026-04-12,debit,utilities,390,Electricity and water
TXN000659,CUST0008,2026-04-25,debit,transport,480,Fuel and commute
TXN000660,CUST0008,2026-04-26,debit,dining_entertainment,1090,Dining and entertainment
TXN000661,CUST0008,2026-04-07,debit,emi,2100,Loan EMI
TXN000662,CUST0008,2026-04-10,debit,sip_investment,1000,Mutual fund SIP
TXN000663,CUST0008,2026-04-21,debit,shopping,250,Online shopping
TXN000664,CUST0008,2026-05-01,credit,salary,7600,Monthly credit
TXN000665,CUST0008,2026-05-05,debit,rent,1450,House rent
TXN000666,CUST0008,2026-05-15,debit,groceries,700,Groceries
TXN000667,CUST0008,2026-05-12,debit,utilities,260,Electricity and water
TXN000668,CUST0008,2026-05-15,debit,transport,360,Fuel and commute
TXN000669,CUST0008,2026-05-20,debit,dining_entertainment,1130,Dining and entertainment
TXN000670,CUST0008,2026-05-07,debit,emi,2120,Loan EMI
TXN000671,CUST0008,2026-05-10,debit,sip_investment,1000,Mutual fund SIP
TXN000672,CUST0008,2026-05-24,debit,shopping,710,Online shopping
TXN000673,CUST0008,2026-06-01,credit,salary,7600,Monthly credit
TXN000674,CUST0008,2026-06-05,debit,rent,1330,House rent
TXN000675,CUST0008,2026-06-13,debit,groceries,1000,Groceries
TXN000676,CUST0008,2026-06-12,debit,utilities,420,Electricity and water
TXN000677,CUST0008,2026-06-23,debit,transport,360,Fuel and commute
TXN000678,CUST0008,2026-06-26,debit,dining_entertainment,1210,Dining and entertainment
TXN000679,CUST0008,2026-06-07,debit,emi,2120,Loan EMI
TXN000680,CUST0008,2026-06-10,debit,sip_investment,1000,Mutual fund SIP
TXN000681,CUST0008,2026-07-03,credit,salary,7500,Monthly credit
TXN000682,CUST0008,2026-07-05,debit,rent,1470,House rent
TXN000683,CUST0008,2026-07-15,debit,groceries,1170,Groceries
TXN000684,CUST0008,2026-07-12,debit,utilities,360,Electricity and water
TXN000685,CUST0008,2026-07-22,debit,transport,390,Fuel and commute
TXN000686,CUST0008,2026-07-08,debit,dining_entertainment,760,Dining and entertainment
TXN000687,CUST0008,2026-07-07,debit,emi,2100,Loan EMI
TXN000688,CUST0008,2026-07-10,debit,sip_investment,1000,Mutual fund SIP
TXN000689,CUST0008,2026-08-01,credit,salary,7500,Monthly credit
TXN000690,CUST0008,2026-08-05,debit,rent,1440,House rent
TXN000691,CUST0008,2026-08-20,debit,groceries,770,Groceries
TXN000692,CUST0008,2026-08-12,debit,utilities,360,Electricity and water
TXN000693,CUST0008,2026-08-13,debit,transport,310,Fuel and commute
TXN000694,CUST0008,2026-08-12,debit,dining_entertainment,720,Dining and entertainment
TXN000695,CUST0008,2026-08-07,debit,emi,2130,Loan EMI
TXN000696,CUST0008,2026-08-10,debit,sip_investment,1000,Mutual fund SIP
TXN000697,CUST0008,2026-08-24,debit,shopping,860,Online shopping
TXN000698,CUST0009,2025-09-02,credit,business_income,9600,Business receipt
TXN000699,CUST0009,2025-09-05,debit,rent,1600,House rent
TXN000700,CUST0009,2025-09-18,debit,groceries,1250,Groceries
TXN000701,CUST0009,2025-09-12,debit,utilities,450,Electricity and water
TXN000702,CUST0009,2025-09-13,debit,transport,490,Fuel and commute
TXN000703,CUST0009,2025-09-16,debit,dining_entertainment,670,Dining and entertainment
TXN000704,CUST0009,2025-09-10,debit,sip_investment,1100,Mutual fund SIP
TXN000705,CUST0009,2025-09-18,debit,insurance_premium,7970,Insurance premium
TXN000706,CUST0009,2025-09-28,credit,interest_payout,470,Deposit interest payout
TXN000707,CUST0009,2025-10-01,credit,business_income,8100,Business receipt
TXN000708,CUST0009,2025-10-05,debit,rent,1530,House rent
TXN000709,CUST0009,2025-10-06,debit,groceries,1210,Groceries
TXN000710,CUST0009,2025-10-12,debit,utilities,400,Electricity and water
TXN000711,CUST0009,2025-10-10,debit,transport,390,Fuel and commute
TXN000712,CUST0009,2025-10-14,debit,dining_entertainment,640,Dining and entertainment
TXN000713,CUST0009,2025-10-10,debit,sip_investment,1100,Mutual fund SIP
TXN000714,CUST0009,2025-10-28,credit,interest_payout,220,Deposit interest payout
TXN000715,CUST0009,2025-11-02,credit,business_income,9300,Business receipt
TXN000716,CUST0009,2025-11-05,debit,rent,1610,House rent
TXN000717,CUST0009,2025-11-15,debit,groceries,1090,Groceries
TXN000718,CUST0009,2025-11-12,debit,utilities,350,Electricity and water
TXN000719,CUST0009,2025-11-22,debit,transport,460,Fuel and commute
TXN000720,CUST0009,2025-11-21,debit,dining_entertainment,870,Dining and entertainment
TXN000721,CUST0009,2025-11-10,debit,sip_investment,1100,Mutual fund SIP
TXN000722,CUST0009,2025-11-28,credit,interest_payout,360,Deposit interest payout
TXN000723,CUST0009,2025-12-02,credit,business_income,8400,Business receipt
TXN000724,CUST0009,2025-12-05,debit,rent,1720,House rent
TXN000725,CUST0009,2025-12-12,debit,groceries,1230,Groceries
TXN000726,CUST0009,2025-12-12,debit,utilities,440,Electricity and water
TXN000727,CUST0009,2025-12-13,debit,transport,710,Fuel and commute
TXN000728,CUST0009,2025-12-22,debit,dining_entertainment,870,Dining and entertainment
TXN000729,CUST0009,2025-12-10,debit,sip_investment,1100,Mutual fund SIP
TXN000730,CUST0009,2025-12-28,credit,interest_payout,340,Deposit interest payout
TXN000731,CUST0009,2026-01-03,credit,business_income,10000,Business receipt
TXN000732,CUST0009,2026-01-05,debit,rent,1730,House rent
TXN000733,CUST0009,2026-01-06,debit,groceries,1180,Groceries
TXN000734,CUST0009,2026-01-12,debit,utilities,290,Electricity and water
TXN000735,CUST0009,2026-01-10,debit,transport,750,Fuel and commute
TXN000736,CUST0009,2026-01-12,debit,dining_entertainment,900,Dining and entertainment
TXN000737,CUST0009,2026-01-10,debit,sip_investment,1100,Mutual fund SIP
TXN000738,CUST0009,2026-01-28,credit,interest_payout,260,Deposit interest payout
TXN000739,CUST0009,2026-02-03,credit,business_income,7900,Business receipt
TXN000740,CUST0009,2026-02-05,debit,rent,1540,House rent
TXN000741,CUST0009,2026-02-12,debit,groceries,1000,Groceries
TXN000742,CUST0009,2026-02-12,debit,utilities,410,Electricity and water
TXN000743,CUST0009,2026-02-11,debit,transport,560,Fuel and commute
TXN000744,CUST0009,2026-02-13,debit,dining_entertainment,990,Dining and entertainment
TXN000745,CUST0009,2026-02-10,debit,sip_investment,1100,Mutual fund SIP
TXN000746,CUST0009,2026-02-28,credit,interest_payout,390,Deposit interest payout
TXN000747,CUST0009,2026-03-02,credit,business_income,10100,Business receipt
TXN000748,CUST0009,2026-03-05,debit,rent,1590,House rent
TXN000749,CUST0009,2026-03-14,debit,groceries,1240,Groceries
TXN000750,CUST0009,2026-03-12,debit,utilities,390,Electricity and water
TXN000751,CUST0009,2026-03-15,debit,transport,440,Fuel and commute
TXN000752,CUST0009,2026-03-19,debit,dining_entertainment,820,Dining and entertainment
TXN000753,CUST0009,2026-03-10,debit,sip_investment,1100,Mutual fund SIP
TXN000754,CUST0009,2026-03-11,debit,shopping,370,Online shopping
TXN000755,CUST0009,2026-03-28,credit,interest_payout,290,Deposit interest payout
TXN000756,CUST0009,2026-04-03,credit,business_income,8000,Business receipt
TXN000757,CUST0009,2026-04-05,debit,rent,1590,House rent
TXN000758,CUST0009,2026-04-17,debit,groceries,780,Groceries
TXN000759,CUST0009,2026-04-12,debit,utilities,270,Electricity and water
TXN000760,CUST0009,2026-04-19,debit,transport,380,Fuel and commute
TXN000761,CUST0009,2026-04-25,debit,dining_entertainment,860,Dining and entertainment
TXN000762,CUST0009,2026-04-10,debit,sip_investment,1100,Mutual fund SIP
TXN000763,CUST0009,2026-05-03,credit,business_income,7400,Business receipt
TXN000764,CUST0009,2026-05-05,debit,rent,1850,House rent
TXN000765,CUST0009,2026-05-12,debit,groceries,1040,Groceries
TXN000766,CUST0009,2026-05-12,debit,utilities,400,Electricity and water
TXN000767,CUST0009,2026-05-23,debit,transport,450,Fuel and commute
TXN000768,CUST0009,2026-05-25,debit,dining_entertainment,720,Dining and entertainment
TXN000769,CUST0009,2026-05-10,debit,sip_investment,1100,Mutual fund SIP
TXN000770,CUST0009,2026-06-02,credit,business_income,10100,Business receipt
TXN000771,CUST0009,2026-06-05,debit,rent,1820,House rent
TXN000772,CUST0009,2026-06-15,debit,groceries,1260,Groceries
TXN000773,CUST0009,2026-06-12,debit,utilities,320,Electricity and water
TXN000774,CUST0009,2026-06-22,debit,transport,530,Fuel and commute
TXN000775,CUST0009,2026-06-15,debit,dining_entertainment,760,Dining and entertainment
TXN000776,CUST0009,2026-06-10,debit,sip_investment,1100,Mutual fund SIP
TXN000777,CUST0009,2026-06-28,credit,interest_payout,320,Deposit interest payout
TXN000778,CUST0009,2026-07-01,credit,business_income,9000,Business receipt
TXN000779,CUST0009,2026-07-05,debit,rent,1690,House rent
TXN000780,CUST0009,2026-07-12,debit,groceries,920,Groceries
TXN000781,CUST0009,2026-07-12,debit,utilities,420,Electricity and water
TXN000782,CUST0009,2026-07-17,debit,transport,760,Fuel and commute
TXN000783,CUST0009,2026-07-21,debit,dining_entertainment,900,Dining and entertainment
TXN000784,CUST0009,2026-07-10,debit,sip_investment,1100,Mutual fund SIP
TXN000785,CUST0009,2026-07-28,credit,interest_payout,450,Deposit interest payout
TXN000786,CUST0009,2026-08-01,credit,business_income,7200,Business receipt
TXN000787,CUST0009,2026-08-05,debit,rent,1660,House rent
TXN000788,CUST0009,2026-08-11,debit,groceries,1220,Groceries
TXN000789,CUST0009,2026-08-12,debit,utilities,270,Electricity and water
TXN000790,CUST0009,2026-08-25,debit,transport,740,Fuel and commute
TXN000791,CUST0009,2026-08-14,debit,dining_entertainment,600,Dining and entertainment
TXN000792,CUST0009,2026-08-10,debit,sip_investment,1100,Mutual fund SIP
TXN000793,CUST0010,2025-09-01,credit,business_income,18400,Business receipt
TXN000794,CUST0010,2025-09-05,debit,rent,4190,House rent
TXN000795,CUST0010,2025-09-09,debit,groceries,1950,Groceries
TXN000796,CUST0010,2025-09-12,debit,utilities,1020,Electricity and water
TXN000797,CUST0010,2025-09-21,debit,transport,1520,Fuel and commute
TXN000798,CUST0010,2025-09-11,debit,dining_entertainment,1100,Dining and entertainment
TXN000799,CUST0010,2025-09-07,debit,emi,4530,Loan EMI
TXN000800,CUST0010,2025-10-01,credit,business_income,18600,Business receipt
TXN000801,CUST0010,2025-10-05,debit,rent,4100,House rent
TXN000802,CUST0010,2025-10-06,debit,groceries,2380,Groceries
TXN000803,CUST0010,2025-10-12,debit,utilities,1030,Electricity and water
TXN000804,CUST0010,2025-10-20,debit,transport,1090,Fuel and commute
TXN000805,CUST0010,2025-10-26,debit,dining_entertainment,1550,Dining and entertainment
TXN000806,CUST0010,2025-10-07,debit,emi,4600,Loan EMI
TXN000807,CUST0010,2025-11-02,credit,business_income,18900,Business receipt
TXN000808,CUST0010,2025-11-05,debit,rent,3820,House rent
TXN000809,CUST0010,2025-11-08,debit,groceries,2660,Groceries
TXN000810,CUST0010,2025-11-12,debit,utilities,590,Electricity and water
TXN000811,CUST0010,2025-11-25,debit,transport,1490,Fuel and commute
TXN000812,CUST0010,2025-11-09,debit,dining_entertainment,2150,Dining and entertainment
TXN000813,CUST0010,2025-11-07,debit,emi,4560,Loan EMI
TXN000814,CUST0010,2025-12-01,credit,business_income,18400,Business receipt
TXN000815,CUST0010,2025-12-05,debit,rent,4050,House rent
TXN000816,CUST0010,2025-12-17,debit,groceries,2280,Groceries
TXN000817,CUST0010,2025-12-12,debit,utilities,560,Electricity and water
TXN000818,CUST0010,2025-12-22,debit,transport,1370,Fuel and commute
TXN000819,CUST0010,2025-12-18,debit,dining_entertainment,1670,Dining and entertainment
TXN000820,CUST0010,2025-12-07,debit,emi,4550,Loan EMI
TXN000821,CUST0010,2025-12-18,debit,insurance_premium,23810,Insurance premium
TXN000822,CUST0010,2026-01-03,credit,business_income,18400,Business receipt
TXN000823,CUST0010,2026-01-05,debit,rent,3770,House rent
TXN000824,CUST0010,2026-01-12,debit,groceries,1920,Groceries
TXN000825,CUST0010,2026-01-12,debit,utilities,670,Electricity and water
TXN000826,CUST0010,2026-01-21,debit,transport,1400,Fuel and commute
TXN000827,CUST0010,2026-01-20,debit,dining_entertainment,1380,Dining and entertainment
TXN000828,CUST0010,2026-01-07,debit,emi,4540,Loan EMI
TXN000829,CUST0010,2026-01-10,debit,shopping,1520,Online shopping
TXN000830,CUST0010,2026-02-03,credit,business_income,18900,Business receipt
TXN000831,CUST0010,2026-02-05,debit,rent,3720,House rent
TXN000832,CUST0010,2026-02-12,debit,groceries,1980,Groceries
TXN000833,CUST0010,2026-02-12,debit,utilities,1030,Electricity and water
TXN000834,CUST0010,2026-02-14,debit,transport,920,Fuel and commute
TXN000835,CUST0010,2026-02-08,debit,dining_entertainment,1530,Dining and entertainment
TXN000836,CUST0010,2026-02-07,debit,emi,4530,Loan EMI
TXN000837,CUST0010,2026-03-03,credit,business_income,18900,Business receipt
TXN000838,CUST0010,2026-03-05,debit,rent,3920,House rent
TXN000839,CUST0010,2026-03-13,debit,groceries,2090,Groceries
TXN000840,CUST0010,2026-03-12,debit,utilities,720,Electricity and water
TXN000841,CUST0010,2026-03-11,debit,transport,1270,Fuel and commute
TXN000842,CUST0010,2026-03-13,debit,dining_entertainment,1430,Dining and entertainment
TXN000843,CUST0010,2026-03-07,debit,emi,4520,Loan EMI
TXN000844,CUST0010,2026-04-02,credit,business_income,18700,Business receipt
TXN000845,CUST0010,2026-04-05,debit,rent,4090,House rent
TXN000846,CUST0010,2026-04-11,debit,groceries,2010,Groceries
TXN000847,CUST0010,2026-04-12,debit,utilities,870,Electricity and water
TXN000848,CUST0010,2026-04-18,debit,transport,1610,Fuel and commute
TXN000849,CUST0010,2026-04-21,debit,dining_entertainment,1350,Dining and entertainment
TXN000850,CUST0010,2026-04-07,debit,emi,4530,Loan EMI
TXN000851,CUST0010,2026-05-03,credit,business_income,18400,Business receipt
TXN000852,CUST0010,2026-05-05,debit,rent,4010,House rent
TXN000853,CUST0010,2026-05-18,debit,groceries,2380,Groceries
TXN000854,CUST0010,2026-05-12,debit,utilities,710,Electricity and water
TXN000855,CUST0010,2026-05-25,debit,transport,1050,Fuel and commute
TXN000856,CUST0010,2026-05-22,debit,dining_entertainment,1930,Dining and entertainment
TXN000857,CUST0010,2026-05-07,debit,emi,4600,Loan EMI
TXN000858,CUST0010,2026-06-01,credit,business_income,18700,Business receipt
TXN000859,CUST0010,2026-06-05,debit,rent,4180,House rent
TXN000860,CUST0010,2026-06-20,debit,groceries,2510,Groceries
TXN000861,CUST0010,2026-06-12,debit,utilities,740,Electricity and water
TXN000862,CUST0010,2026-06-22,debit,transport,1330,Fuel and commute
TXN000863,CUST0010,2026-06-10,debit,dining_entertainment,2030,Dining and entertainment
TXN000864,CUST0010,2026-06-07,debit,emi,4530,Loan EMI
TXN000865,CUST0010,2026-07-03,credit,business_income,18700,Business receipt
TXN000866,CUST0010,2026-07-05,debit,rent,3710,House rent
TXN000867,CUST0010,2026-07-10,debit,groceries,2520,Groceries
TXN000868,CUST0010,2026-07-12,debit,utilities,1050,Electricity and water
TXN000869,CUST0010,2026-07-21,debit,transport,1470,Fuel and commute
TXN000870,CUST0010,2026-07-24,debit,dining_entertainment,1900,Dining and entertainment
TXN000871,CUST0010,2026-07-07,debit,emi,4610,Loan EMI
TXN000872,CUST0010,2026-07-26,debit,shopping,590,Online shopping
TXN000873,CUST0010,2026-08-02,credit,business_income,18400,Business receipt
TXN000874,CUST0010,2026-08-05,debit,rent,4240,House rent
TXN000875,CUST0010,2026-08-07,debit,groceries,2590,Groceries
TXN000876,CUST0010,2026-08-12,debit,utilities,670,Electricity and water
TXN000877,CUST0010,2026-08-13,debit,transport,1110,Fuel and commute
TXN000878,CUST0010,2026-08-23,debit,dining_entertainment,980,Dining and entertainment
TXN000879,CUST0010,2026-08-07,debit,emi,4570,Loan EMI
TXN000880,CUST0010,2026-08-26,debit,medical,3520,Medical expenses
TXN000881,CUST0011,2025-09-01,credit,salary,9000,Monthly credit
TXN000882,CUST0011,2025-09-05,debit,rent,2190,House rent
TXN000883,CUST0011,2025-09-08,debit,groceries,1090,Groceries
TXN000884,CUST0011,2025-09-12,debit,utilities,300,Electricity and water
TXN000885,CUST0011,2025-09-10,debit,transport,740,Fuel and commute
TXN000886,CUST0011,2025-09-19,debit,dining_entertainment,450,Dining and entertainment
TXN000887,CUST0011,2025-09-07,debit,emi,1510,Loan EMI
TXN000888,CUST0011,2025-09-10,debit,sip_investment,1400,Mutual fund SIP
TXN000889,CUST0011,2025-10-03,credit,salary,9200,Monthly credit
TXN000890,CUST0011,2025-10-05,debit,rent,2280,House rent
TXN000891,CUST0011,2025-10-08,debit,groceries,1160,Groceries
TXN000892,CUST0011,2025-10-12,debit,utilities,530,Electricity and water
TXN000893,CUST0011,2025-10-15,debit,transport,680,Fuel and commute
TXN000894,CUST0011,2025-10-22,debit,dining_entertainment,820,Dining and entertainment
TXN000895,CUST0011,2025-10-07,debit,emi,1510,Loan EMI
TXN000896,CUST0011,2025-10-10,debit,sip_investment,1400,Mutual fund SIP
TXN000897,CUST0011,2025-11-03,credit,salary,9000,Monthly credit
TXN000898,CUST0011,2025-11-05,debit,rent,2110,House rent
TXN000899,CUST0011,2025-11-13,debit,groceries,1390,Groceries
TXN000900,CUST0011,2025-11-12,debit,utilities,410,Electricity and water
TXN000901,CUST0011,2025-11-24,debit,transport,720,Fuel and commute
TXN000902,CUST0011,2025-11-21,debit,dining_entertainment,630,Dining and entertainment
TXN000903,CUST0011,2025-11-07,debit,emi,1490,Loan EMI
TXN000904,CUST0011,2025-11-10,debit,sip_investment,1400,Mutual fund SIP
TXN000905,CUST0011,2025-11-07,debit,shopping,930,Online shopping
TXN000906,CUST0011,2025-12-02,credit,salary,9000,Monthly credit
TXN000907,CUST0011,2025-12-05,debit,rent,2110,House rent
TXN000908,CUST0011,2025-12-13,debit,groceries,1250,Groceries
TXN000909,CUST0011,2025-12-12,debit,utilities,530,Electricity and water
TXN000910,CUST0011,2025-12-10,debit,transport,570,Fuel and commute
TXN000911,CUST0011,2025-12-17,debit,dining_entertainment,930,Dining and entertainment
TXN000912,CUST0011,2025-12-07,debit,emi,1500,Loan EMI
TXN000913,CUST0011,2025-12-10,debit,sip_investment,1400,Mutual fund SIP
TXN000914,CUST0011,2026-01-03,credit,salary,8900,Monthly credit
TXN000915,CUST0011,2026-01-05,debit,rent,2070,House rent
TXN000916,CUST0011,2026-01-17,debit,groceries,970,Groceries
TXN000917,CUST0011,2026-01-12,debit,utilities,470,Electricity and water
TXN000918,CUST0011,2026-01-22,debit,transport,540,Fuel and commute
TXN000919,CUST0011,2026-01-10,debit,dining_entertainment,580,Dining and entertainment
TXN000920,CUST0011,2026-01-07,debit,emi,1500,Loan EMI
TXN000921,CUST0011,2026-01-10,debit,sip_investment,1400,Mutual fund SIP
TXN000922,CUST0011,2026-02-03,credit,salary,9200,Monthly credit
TXN000923,CUST0011,2026-02-05,debit,rent,2170,House rent
TXN000924,CUST0011,2026-02-17,debit,groceries,990,Groceries
TXN000925,CUST0011,2026-02-12,debit,utilities,410,Electricity and water
TXN000926,CUST0011,2026-02-16,debit,transport,480,Fuel and commute
TXN000927,CUST0011,2026-02-13,debit,dining_entertainment,990,Dining and entertainment
TXN000928,CUST0011,2026-02-07,debit,emi,1490,Loan EMI
TXN000929,CUST0011,2026-02-10,debit,sip_investment,1400,Mutual fund SIP
TXN000930,CUST0011,2026-03-03,credit,salary,9000,Monthly credit
TXN000931,CUST0011,2026-03-05,debit,rent,2140,House rent
TXN000932,CUST0011,2026-03-06,debit,groceries,930,Groceries
TXN000933,CUST0011,2026-03-12,debit,utilities,310,Electricity and water
TXN000934,CUST0011,2026-03-10,debit,transport,800,Fuel and commute
TXN000935,CUST0011,2026-03-11,debit,dining_entertainment,550,Dining and entertainment
TXN000936,CUST0011,2026-03-07,debit,emi,1500,Loan EMI
TXN000937,CUST0011,2026-03-10,debit,sip_investment,1400,Mutual fund SIP
TXN000938,CUST0011,2026-03-18,debit,insurance_premium,5560,Insurance premium
TXN000939,CUST0011,2026-03-03,debit,shopping,340,Online shopping
TXN000940,CUST0011,2026-04-02,credit,salary,9000,Monthly credit
TXN000941,CUST0011,2026-04-05,debit,rent,2060,House rent
TXN000942,CUST0011,2026-04-13,debit,groceries,1310,Groceries
TXN000943,CUST0011,2026-04-12,debit,utilities,540,Electricity and water
TXN000944,CUST0011,2026-04-11,debit,transport,570,Fuel and commute
TXN000945,CUST0011,2026-04-12,debit,dining_entertainment,650,Dining and entertainment
TXN000946,CUST0011,2026-04-07,debit,emi,1490,Loan EMI
TXN000947,CUST0011,2026-04-10,debit,sip_investment,1400,Mutual fund SIP
TXN000948,CUST0011,2026-04-09,debit,shopping,650,Online shopping
TXN000949,CUST0011,2026-05-02,credit,salary,9200,Monthly credit
TXN000950,CUST0011,2026-05-05,debit,rent,2230,House rent
TXN000951,CUST0011,2026-05-07,debit,groceries,1340,Groceries
TXN000952,CUST0011,2026-05-12,debit,utilities,530,Electricity and water
TXN000953,CUST0011,2026-05-22,debit,transport,680,Fuel and commute
TXN000954,CUST0011,2026-05-22,debit,dining_entertainment,940,Dining and entertainment
TXN000955,CUST0011,2026-05-07,debit,emi,1490,Loan EMI
TXN000956,CUST0011,2026-05-10,debit,sip_investment,1400,Mutual fund SIP
TXN000957,CUST0011,2026-05-06,debit,shopping,870,Online shopping
TXN000958,CUST0011,2026-06-01,credit,salary,9000,Monthly credit
TXN000959,CUST0011,2026-06-05,debit,rent,2080,House rent
TXN000960,CUST0011,2026-06-10,debit,groceries,1250,Groceries
TXN000961,CUST0011,2026-06-12,debit,utilities,520,Electricity and water
TXN000962,CUST0011,2026-06-11,debit,transport,430,Fuel and commute
TXN000963,CUST0011,2026-06-25,debit,dining_entertainment,920,Dining and entertainment
TXN000964,CUST0011,2026-06-07,debit,emi,1500,Loan EMI
TXN000965,CUST0011,2026-06-10,debit,sip_investment,1400,Mutual fund SIP
TXN000966,CUST0011,2026-07-01,credit,salary,8900,Monthly credit
TXN000967,CUST0011,2026-07-05,debit,rent,2250,House rent
TXN000968,CUST0011,2026-07-07,debit,groceries,950,Groceries
TXN000969,CUST0011,2026-07-12,debit,utilities,330,Electricity and water
TXN000970,CUST0011,2026-07-10,debit,transport,560,Fuel and commute
TXN000971,CUST0011,2026-07-16,debit,dining_entertainment,540,Dining and entertainment
TXN000972,CUST0011,2026-07-07,debit,emi,1500,Loan EMI
TXN000973,CUST0011,2026-07-10,debit,sip_investment,1400,Mutual fund SIP
TXN000974,CUST0011,2026-07-21,debit,shopping,1060,Online shopping
TXN000975,CUST0011,2026-08-02,credit,salary,9100,Monthly credit
TXN000976,CUST0011,2026-08-05,debit,rent,2170,House rent
TXN000977,CUST0011,2026-08-18,debit,groceries,910,Groceries
TXN000978,CUST0011,2026-08-12,debit,utilities,290,Electricity and water
TXN000979,CUST0011,2026-08-12,debit,transport,430,Fuel and commute
TXN000980,CUST0011,2026-08-18,debit,dining_entertainment,880,Dining and entertainment
TXN000981,CUST0011,2026-08-07,debit,emi,1510,Loan EMI
TXN000982,CUST0011,2026-08-10,debit,sip_investment,1400,Mutual fund SIP
TXN000983,CUST0012,2025-09-01,credit,business_income,10700,Business receipt
TXN000984,CUST0012,2025-09-05,debit,rent,2540,House rent
TXN000985,CUST0012,2025-09-16,debit,groceries,1400,Groceries
TXN000986,CUST0012,2025-09-12,debit,utilities,570,Electricity and water
TXN000987,CUST0012,2025-09-24,debit,transport,870,Fuel and commute
TXN000988,CUST0012,2025-09-08,debit,dining_entertainment,1920,Dining and entertainment
TXN000989,CUST0012,2025-09-07,debit,emi,3100,Loan EMI
TXN000990,CUST0012,2025-09-10,debit,sip_investment,2600,Mutual fund SIP
TXN000991,CUST0012,2025-09-18,debit,shopping,1210,Online shopping
TXN000992,CUST0012,2025-10-03,credit,business_income,11000,Business receipt
TXN000993,CUST0012,2025-10-05,debit,rent,2530,House rent
TXN000994,CUST0012,2025-10-09,debit,groceries,1510,Groceries
TXN000995,CUST0012,2025-10-12,debit,utilities,510,Electricity and water
TXN000996,CUST0012,2025-10-20,debit,transport,730,Fuel and commute
TXN000997,CUST0012,2025-10-16,debit,dining_entertainment,1920,Dining and entertainment
TXN000998,CUST0012,2025-10-07,debit,emi,3110,Loan EMI
TXN000999,CUST0012,2025-10-10,debit,sip_investment,2600,Mutual fund SIP
TXN001000,CUST0012,2025-10-18,debit,insurance_premium,11330,Insurance premium
TXN001001,CUST0012,2025-10-17,debit,shopping,840,Online shopping
TXN001002,CUST0012,2025-11-02,credit,business_income,10800,Business receipt
TXN001003,CUST0012,2025-11-05,debit,rent,2660,House rent
TXN001004,CUST0012,2025-11-18,debit,groceries,1320,Groceries
TXN001005,CUST0012,2025-11-12,debit,utilities,530,Electricity and water
TXN001006,CUST0012,2025-11-15,debit,transport,640,Fuel and commute
TXN001007,CUST0012,2025-11-19,debit,dining_entertainment,2130,Dining and entertainment
TXN001008,CUST0012,2025-11-07,debit,emi,3100,Loan EMI
TXN001009,CUST0012,2025-11-10,debit,sip_investment,2600,Mutual fund SIP
TXN001010,CUST0012,2025-12-03,credit,business_income,10900,Business receipt
TXN001011,CUST0012,2025-12-05,debit,rent,2810,House rent
TXN001012,CUST0012,2025-12-16,debit,groceries,1120,Groceries
TXN001013,CUST0012,2025-12-12,debit,utilities,490,Electricity and water
TXN001014,CUST0012,2025-12-19,debit,transport,730,Fuel and commute
TXN001015,CUST0012,2025-12-18,debit,dining_entertainment,1360,Dining and entertainment
TXN001016,CUST0012,2025-12-07,debit,emi,3060,Loan EMI
TXN001017,CUST0012,2025-12-10,debit,sip_investment,2600,Mutual fund SIP
TXN001018,CUST0012,2025-12-07,debit,shopping,1140,Online shopping
TXN001019,CUST0012,2026-01-01,credit,business_income,10700,Business receipt
TXN001020,CUST0012,2026-01-05,debit,rent,2480,House rent
TXN001021,CUST0012,2026-01-07,debit,groceries,1350,Groceries
TXN001022,CUST0012,2026-01-12,debit,utilities,330,Electricity and water
TXN001023,CUST0012,2026-01-22,debit,transport,780,Fuel and commute
TXN001024,CUST0012,2026-01-24,debit,dining_entertainment,1820,Dining and entertainment
TXN001025,CUST0012,2026-01-07,debit,emi,3090,Loan EMI
TXN001026,CUST0012,2026-01-10,debit,sip_investment,2600,Mutual fund SIP
TXN001027,CUST0012,2026-01-25,debit,shopping,540,Online shopping
TXN001028,CUST0012,2026-02-01,credit,business_income,10700,Business receipt
TXN001029,CUST0012,2026-02-05,debit,rent,2720,House rent
TXN001030,CUST0012,2026-02-19,debit,groceries,1690,Groceries
TXN001031,CUST0012,2026-02-12,debit,utilities,350,Electricity and water
TXN001032,CUST0012,2026-02-11,debit,transport,870,Fuel and commute
TXN001033,CUST0012,2026-02-21,debit,dining_entertainment,1410,Dining and entertainment
TXN001034,CUST0012,2026-02-07,debit,emi,3110,Loan EMI
TXN001035,CUST0012,2026-02-10,debit,sip_investment,2600,Mutual fund SIP
TXN001036,CUST0012,2026-02-19,debit,shopping,930,Online shopping
TXN001037,CUST0012,2026-03-01,credit,business_income,10700,Business receipt
TXN001038,CUST0012,2026-03-05,debit,rent,2810,House rent
TXN001039,CUST0012,2026-03-09,debit,groceries,1040,Groceries
TXN001040,CUST0012,2026-03-12,debit,utilities,640,Electricity and water
TXN001041,CUST0012,2026-03-17,debit,transport,480,Fuel and commute
TXN001042,CUST0012,2026-03-14,debit,dining_entertainment,1640,Dining and entertainment
TXN001043,CUST0012,2026-03-07,debit,emi,3070,Loan EMI
TXN001044,CUST0012,2026-03-10,debit,sip_investment,2600,Mutual fund SIP
TXN001045,CUST0012,2026-04-03,credit,business_income,11100,Business receipt
TXN001046,CUST0012,2026-04-05,debit,rent,2770,House rent
TXN001047,CUST0012,2026-04-07,debit,groceries,1290,Groceries
TXN001048,CUST0012,2026-04-12,debit,utilities,570,Electricity and water
TXN001049,CUST0012,2026-04-24,debit,transport,750,Fuel and commute
TXN001050,CUST0012,2026-04-21,debit,dining_entertainment,1880,Dining and entertainment
TXN001051,CUST0012,2026-04-07,debit,emi,3110,Loan EMI
TXN001052,CUST0012,2026-04-10,debit,sip_investment,2600,Mutual fund SIP
TXN001053,CUST0012,2026-04-13,debit,shopping,720,Online shopping
TXN001054,CUST0012,2026-05-03,credit,business_income,10900,Business receipt
TXN001055,CUST0012,2026-05-05,debit,rent,2900,House rent
TXN001056,CUST0012,2026-05-11,debit,groceries,1320,Groceries
TXN001057,CUST0012,2026-05-12,debit,utilities,620,Electricity and water
TXN001058,CUST0012,2026-05-20,debit,transport,730,Fuel and commute
TXN001059,CUST0012,2026-05-21,debit,dining_entertainment,2070,Dining and entertainment
TXN001060,CUST0012,2026-05-07,debit,emi,3100,Loan EMI
TXN001061,CUST0012,2026-05-10,debit,sip_investment,2600,Mutual fund SIP
TXN001062,CUST0012,2026-06-03,credit,business_income,10900,Business receipt
TXN001063,CUST0012,2026-06-05,debit,rent,2660,House rent
TXN001064,CUST0012,2026-06-14,debit,groceries,1260,Groceries
TXN001065,CUST0012,2026-06-12,debit,utilities,630,Electricity and water
TXN001066,CUST0012,2026-06-24,debit,transport,570,Fuel and commute
TXN001067,CUST0012,2026-06-20,debit,dining_entertainment,1530,Dining and entertainment
TXN001068,CUST0012,2026-06-07,debit,emi,3060,Loan EMI
TXN001069,CUST0012,2026-06-10,debit,sip_investment,2600,Mutual fund SIP
TXN001070,CUST0012,2026-06-02,debit,medical,1630,Medical expenses
TXN001071,CUST0012,2026-07-02,credit,business_income,11100,Business receipt
TXN001072,CUST0012,2026-07-05,debit,rent,2380,House rent
TXN001073,CUST0012,2026-07-09,debit,groceries,1730,Groceries
TXN001074,CUST0012,2026-07-12,debit,utilities,600,Electricity and water
TXN001075,CUST0012,2026-07-18,debit,transport,440,Fuel and commute
TXN001076,CUST0012,2026-07-24,debit,dining_entertainment,2180,Dining and entertainment
TXN001077,CUST0012,2026-07-07,debit,emi,3090,Loan EMI
TXN001078,CUST0012,2026-07-10,debit,sip_investment,2600,Mutual fund SIP
TXN001079,CUST0012,2026-07-14,debit,shopping,360,Online shopping
TXN001080,CUST0012,2026-08-02,credit,business_income,10700,Business receipt
TXN001081,CUST0012,2026-08-05,debit,rent,2570,House rent
TXN001082,CUST0012,2026-08-09,debit,groceries,1420,Groceries
TXN001083,CUST0012,2026-08-12,debit,utilities,410,Electricity and water
TXN001084,CUST0012,2026-08-22,debit,transport,600,Fuel and commute
TXN001085,CUST0012,2026-08-14,debit,dining_entertainment,1690,Dining and entertainment
TXN001086,CUST0012,2026-08-07,debit,emi,3100,Loan EMI
TXN001087,CUST0012,2026-08-10,debit,sip_investment,2600,Mutual fund SIP
TXN001088,CUST0013,2025-09-01,credit,business_income,6900,Business receipt
TXN001089,CUST0013,2025-09-05,debit,rent,1680,House rent
TXN001090,CUST0013,2025-09-17,debit,groceries,610,Groceries
TXN001091,CUST0013,2025-09-12,debit,utilities,300,Electricity and water
TXN001092,CUST0013,2025-09-11,debit,transport,320,Fuel and commute
TXN001093,CUST0013,2025-09-18,debit,dining_entertainment,630,Dining and entertainment
TXN001094,CUST0013,2025-09-10,debit,sip_investment,1400,Mutual fund SIP
TXN001095,CUST0013,2025-09-15,debit,school_fees,3200,School fees
TXN001096,CUST0013,2025-10-01,credit,business_income,8000,Business receipt
TXN001097,CUST0013,2025-10-05,debit,rent,1740,House rent
TXN001098,CUST0013,2025-10-20,debit,groceries,830,Groceries
TXN001099,CUST0013,2025-10-12,debit,utilities,160,Electricity and water
TXN001100,CUST0013,2025-10-22,debit,transport,440,Fuel and commute
TXN001101,CUST0013,2025-10-24,debit,dining_entertainment,280,Dining and entertainment
TXN001102,CUST0013,2025-10-10,debit,sip_investment,1400,Mutual fund SIP
TXN001103,CUST0013,2025-10-06,debit,medical,1330,Medical expenses
TXN001104,CUST0013,2025-11-01,credit,business_income,6900,Business receipt
TXN001105,CUST0013,2025-11-05,debit,rent,1500,House rent
TXN001106,CUST0013,2025-11-12,debit,groceries,780,Groceries
TXN001107,CUST0013,2025-11-12,debit,utilities,330,Electricity and water
TXN001108,CUST0013,2025-11-12,debit,transport,430,Fuel and commute
TXN001109,CUST0013,2025-11-17,debit,dining_entertainment,350,Dining and entertainment
TXN001110,CUST0013,2025-11-10,debit,sip_investment,1400,Mutual fund SIP
TXN001111,CUST0013,2025-11-18,debit,shopping,330,Online shopping
TXN001112,CUST0013,2025-12-01,credit,business_income,6000,Business receipt
TXN001113,CUST0013,2025-12-05,debit,rent,1670,House rent
TXN001114,CUST0013,2025-12-12,debit,groceries,600,Groceries
TXN001115,CUST0013,2025-12-12,debit,utilities,250,Electricity and water
TXN001116,CUST0013,2025-12-14,debit,transport,430,Fuel and commute
TXN001117,CUST0013,2025-12-23,debit,dining_entertainment,570,Dining and entertainment
TXN001118,CUST0013,2025-12-10,debit,sip_investment,1400,Mutual fund SIP
TXN001119,CUST0013,2025-12-15,debit,school_fees,3790,School fees
TXN001120,CUST0013,2026-01-03,credit,business_income,3500,Business receipt
TXN001121,CUST0013,2026-01-05,debit,rent,1820,House rent
TXN001122,CUST0013,2026-01-09,debit,groceries,700,Groceries
TXN001123,CUST0013,2026-01-12,debit,utilities,170,Electricity and water
TXN001124,CUST0013,2026-01-20,debit,transport,440,Fuel and commute
TXN001125,CUST0013,2026-01-26,debit,dining_entertainment,540,Dining and entertainment
TXN001126,CUST0013,2026-01-10,debit,sip_investment,1400,Mutual fund SIP
TXN001127,CUST0013,2026-02-02,credit,business_income,5000,Business receipt
TXN001128,CUST0013,2026-02-05,debit,rent,1550,House rent
TXN001129,CUST0013,2026-02-16,debit,groceries,630,Groceries
TXN001130,CUST0013,2026-02-12,debit,utilities,170,Electricity and water
TXN001131,CUST0013,2026-02-21,debit,transport,300,Fuel and commute
TXN001132,CUST0013,2026-02-22,debit,dining_entertainment,510,Dining and entertainment
TXN001133,CUST0013,2026-02-10,debit,sip_investment,1400,Mutual fund SIP
TXN001134,CUST0013,2026-03-01,credit,business_income,8400,Business receipt
TXN001135,CUST0013,2026-03-05,debit,rent,1550,House rent
TXN001136,CUST0013,2026-03-18,debit,groceries,640,Groceries
TXN001137,CUST0013,2026-03-12,debit,utilities,280,Electricity and water
TXN001138,CUST0013,2026-03-11,debit,transport,240,Fuel and commute
TXN001139,CUST0013,2026-03-12,debit,dining_entertainment,360,Dining and entertainment
TXN001140,CUST0013,2026-03-10,debit,sip_investment,1400,Mutual fund SIP
TXN001141,CUST0013,2026-03-15,debit,school_fees,4650,School fees
TXN001142,CUST0013,2026-03-06,debit,shopping,510,Online shopping
TXN001143,CUST0013,2026-04-02,credit,business_income,4200,Business receipt
TXN001144,CUST0013,2026-04-05,debit,rent,1490,House rent
TXN001145,CUST0013,2026-04-14,debit,groceries,580,Groceries
TXN001146,CUST0013,2026-04-12,debit,utilities,200,Electricity and water
TXN001147,CUST0013,2026-04-18,debit,transport,370,Fuel and commute
TXN001148,CUST0013,2026-04-12,debit,dining_entertainment,480,Dining and entertainment
TXN001149,CUST0013,2026-04-10,debit,sip_investment,1400,Mutual fund SIP
TXN001150,CUST0013,2026-05-03,credit,business_income,4700,Business receipt
TXN001151,CUST0013,2026-05-05,debit,rent,1660,House rent
TXN001152,CUST0013,2026-05-06,debit,groceries,600,Groceries
TXN001153,CUST0013,2026-05-12,debit,utilities,210,Electricity and water
TXN001154,CUST0013,2026-05-18,debit,transport,440,Fuel and commute
TXN001155,CUST0013,2026-05-08,debit,dining_entertainment,280,Dining and entertainment
TXN001156,CUST0013,2026-05-10,debit,sip_investment,1400,Mutual fund SIP
TXN001157,CUST0013,2026-06-03,credit,business_income,6600,Business receipt
TXN001158,CUST0013,2026-06-05,debit,rent,1610,House rent
TXN001159,CUST0013,2026-06-10,debit,groceries,540,Groceries
TXN001160,CUST0013,2026-06-12,debit,utilities,310,Electricity and water
TXN001161,CUST0013,2026-06-17,debit,transport,400,Fuel and commute
TXN001162,CUST0013,2026-06-24,debit,dining_entertainment,660,Dining and entertainment
TXN001163,CUST0013,2026-06-10,debit,sip_investment,1400,Mutual fund SIP
TXN001164,CUST0013,2026-06-15,debit,school_fees,4950,School fees
TXN001165,CUST0013,2026-07-03,credit,business_income,8000,Business receipt
TXN001166,CUST0013,2026-07-05,debit,rent,1520,House rent
TXN001167,CUST0013,2026-07-13,debit,groceries,580,Groceries
TXN001168,CUST0013,2026-07-12,debit,utilities,260,Electricity and water
TXN001169,CUST0013,2026-07-11,debit,transport,420,Fuel and commute
TXN001170,CUST0013,2026-07-24,debit,dining_entertainment,360,Dining and entertainment
TXN001171,CUST0013,2026-07-10,debit,sip_investment,1400,Mutual fund SIP
TXN001172,CUST0013,2026-08-01,credit,business_income,7200,Business receipt
TXN001173,CUST0013,2026-08-05,debit,rent,1600,House rent
TXN001174,CUST0013,2026-08-16,debit,groceries,640,Groceries
TXN001175,CUST0013,2026-08-12,debit,utilities,210,Electricity and water
TXN001176,CUST0013,2026-08-18,debit,transport,500,Fuel and commute
TXN001177,CUST0013,2026-08-16,debit,dining_entertainment,590,Dining and entertainment
TXN001178,CUST0013,2026-08-10,debit,sip_investment,1400,Mutual fund SIP
TXN001179,CUST0013,2026-08-18,debit,insurance_premium,7200,Insurance premium
TXN001180,CUST0014,2025-09-02,credit,business_income,8400,Business receipt
TXN001181,CUST0014,2025-09-05,debit,maintenance,290,Society maintenance
TXN001182,CUST0014,2025-09-12,debit,groceries,890,Groceries
TXN001183,CUST0014,2025-09-12,debit,utilities,420,Electricity and water
TXN001184,CUST0014,2025-09-17,debit,transport,680,Fuel and commute
TXN001185,CUST0014,2025-09-26,debit,dining_entertainment,720,Dining and entertainment
TXN001186,CUST0014,2025-10-03,credit,business_income,8300,Business receipt
TXN001187,CUST0014,2025-10-05,debit,maintenance,230,Society maintenance
TXN001188,CUST0014,2025-10-15,debit,groceries,1260,Groceries
TXN001189,CUST0014,2025-10-12,debit,utilities,430,Electricity and water
TXN001190,CUST0014,2025-10-14,debit,transport,740,Fuel and commute
TXN001191,CUST0014,2025-10-24,debit,dining_entertainment,650,Dining and entertainment
TXN001192,CUST0014,2025-11-03,credit,business_income,10800,Business receipt
TXN001193,CUST0014,2025-11-05,debit,maintenance,320,Society maintenance
TXN001194,CUST0014,2025-11-11,debit,groceries,1430,Groceries
TXN001195,CUST0014,2025-11-12,debit,utilities,290,Electricity and water
TXN001196,CUST0014,2025-11-13,debit,transport,620,Fuel and commute
TXN001197,CUST0014,2025-11-12,debit,dining_entertainment,570,Dining and entertainment
TXN001198,CUST0014,2025-11-18,debit,insurance_premium,10770,Insurance premium
TXN001199,CUST0014,2025-11-28,credit,interest_payout,340,Deposit interest payout
TXN001200,CUST0014,2025-12-03,credit,business_income,9000,Business receipt
TXN001201,CUST0014,2025-12-05,debit,maintenance,320,Society maintenance
TXN001202,CUST0014,2025-12-18,debit,groceries,1010,Groceries
TXN001203,CUST0014,2025-12-12,debit,utilities,330,Electricity and water
TXN001204,CUST0014,2025-12-10,debit,transport,430,Fuel and commute
TXN001205,CUST0014,2025-12-16,debit,dining_entertainment,960,Dining and entertainment
TXN001206,CUST0014,2025-12-28,credit,interest_payout,270,Deposit interest payout
TXN001207,CUST0014,2026-01-01,credit,business_income,6600,Business receipt
TXN001208,CUST0014,2026-01-05,debit,maintenance,300,Society maintenance
TXN001209,CUST0014,2026-01-14,debit,groceries,1150,Groceries
TXN001210,CUST0014,2026-01-12,debit,utilities,510,Electricity and water
TXN001211,CUST0014,2026-01-21,debit,transport,590,Fuel and commute
TXN001212,CUST0014,2026-01-20,debit,dining_entertainment,570,Dining and entertainment
TXN001213,CUST0014,2026-01-04,debit,shopping,440,Online shopping
TXN001214,CUST0014,2026-01-28,credit,interest_payout,540,Deposit interest payout
TXN001215,CUST0014,2026-02-02,credit,business_income,11700,Business receipt
TXN001216,CUST0014,2026-02-05,debit,maintenance,240,Society maintenance
TXN001217,CUST0014,2026-02-09,debit,groceries,1270,Groceries
TXN001218,CUST0014,2026-02-12,debit,utilities,490,Electricity and water
TXN001219,CUST0014,2026-02-24,debit,transport,400,Fuel and commute
TXN001220,CUST0014,2026-02-23,debit,dining_entertainment,1030,Dining and entertainment
TXN001221,CUST0014,2026-02-28,credit,interest_payout,340,Deposit interest payout
TXN001222,CUST0014,2026-03-03,credit,business_income,10800,Business receipt
TXN001223,CUST0014,2026-03-05,debit,maintenance,300,Society maintenance
TXN001224,CUST0014,2026-03-11,debit,groceries,1080,Groceries
TXN001225,CUST0014,2026-03-12,debit,utilities,390,Electricity and water
TXN001226,CUST0014,2026-03-11,debit,transport,810,Fuel and commute
TXN001227,CUST0014,2026-03-22,debit,dining_entertainment,790,Dining and entertainment
TXN001228,CUST0014,2026-03-28,credit,interest_payout,270,Deposit interest payout
TXN001229,CUST0014,2026-04-03,credit,business_income,9500,Business receipt
TXN001230,CUST0014,2026-04-05,debit,maintenance,220,Society maintenance
TXN001231,CUST0014,2026-04-18,debit,groceries,1090,Groceries
TXN001232,CUST0014,2026-04-12,debit,utilities,450,Electricity and water
TXN001233,CUST0014,2026-04-19,debit,transport,390,Fuel and commute
TXN001234,CUST0014,2026-04-17,debit,dining_entertainment,740,Dining and entertainment
TXN001235,CUST0014,2026-04-28,credit,interest_payout,290,Deposit interest payout
TXN001236,CUST0014,2026-05-03,credit,business_income,11600,Business receipt
TXN001237,CUST0014,2026-05-05,debit,maintenance,280,Society maintenance
TXN001238,CUST0014,2026-05-19,debit,groceries,930,Groceries
TXN001239,CUST0014,2026-05-12,debit,utilities,460,Electricity and water
TXN001240,CUST0014,2026-05-13,debit,transport,410,Fuel and commute
TXN001241,CUST0014,2026-05-26,debit,dining_entertainment,560,Dining and entertainment
TXN001242,CUST0014,2026-05-28,credit,interest_payout,340,Deposit interest payout
TXN001243,CUST0014,2026-06-01,credit,business_income,9000,Business receipt
TXN001244,CUST0014,2026-06-05,debit,maintenance,270,Society maintenance
TXN001245,CUST0014,2026-06-20,debit,groceries,1420,Groceries
TXN001246,CUST0014,2026-06-12,debit,utilities,330,Electricity and water
TXN001247,CUST0014,2026-06-18,debit,transport,580,Fuel and commute
TXN001248,CUST0014,2026-06-13,debit,dining_entertainment,660,Dining and entertainment
TXN001249,CUST0014,2026-06-17,debit,shopping,370,Online shopping
TXN001250,CUST0014,2026-06-28,credit,interest_payout,210,Deposit interest payout
TXN001251,CUST0014,2026-07-03,credit,business_income,10400,Business receipt
TXN001252,CUST0014,2026-07-05,debit,maintenance,310,Society maintenance
TXN001253,CUST0014,2026-07-08,debit,groceries,1170,Groceries
TXN001254,CUST0014,2026-07-12,debit,utilities,380,Electricity and water
TXN001255,CUST0014,2026-07-15,debit,transport,550,Fuel and commute
TXN001256,CUST0014,2026-07-26,debit,dining_entertainment,1060,Dining and entertainment
TXN001257,CUST0014,2026-07-28,credit,interest_payout,240,Deposit interest payout
TXN001258,CUST0014,2026-08-01,credit,business_income,10800,Business receipt
TXN001259,CUST0014,2026-08-05,debit,maintenance,270,Society maintenance
TXN001260,CUST0014,2026-08-18,debit,groceries,1040,Groceries
TXN001261,CUST0014,2026-08-12,debit,utilities,540,Electricity and water
TXN001262,CUST0014,2026-08-15,debit,transport,500,Fuel and commute
TXN001263,CUST0014,2026-08-12,debit,dining_entertainment,520,Dining and entertainment
TXN001264,CUST0014,2026-08-03,debit,shopping,920,Online shopping
TXN001265,CUST0014,2026-08-28,credit,interest_payout,500,Deposit interest payout
TXN001266,CUST0015,2025-09-03,credit,salary,6800,Monthly credit
TXN001267,CUST0015,2025-09-05,debit,rent,1640,House rent
TXN001268,CUST0015,2025-09-13,debit,groceries,840,Groceries
TXN001269,CUST0015,2025-09-12,debit,utilities,220,Electricity and water
TXN001270,CUST0015,2025-09-17,debit,transport,480,Fuel and commute
TXN001271,CUST0015,2025-09-16,debit,dining_entertainment,770,Dining and entertainment
TXN001272,CUST0015,2025-09-10,debit,sip_investment,1000,Mutual fund SIP
TXN001273,CUST0015,2025-10-01,credit,salary,7000,Monthly credit
TXN001274,CUST0015,2025-10-05,debit,rent,1490,House rent
TXN001275,CUST0015,2025-10-11,debit,groceries,640,Groceries
TXN001276,CUST0015,2025-10-12,debit,utilities,210,Electricity and water
TXN001277,CUST0015,2025-10-19,debit,transport,570,Fuel and commute
TXN001278,CUST0015,2025-10-10,debit,dining_entertainment,490,Dining and entertainment
TXN001279,CUST0015,2025-10-10,debit,sip_investment,1000,Mutual fund SIP
TXN001280,CUST0015,2025-10-07,debit,medical,1350,Medical expenses
TXN001281,CUST0015,2025-10-24,debit,shopping,380,Online shopping
TXN001282,CUST0015,2025-11-03,credit,salary,6900,Monthly credit
TXN001283,CUST0015,2025-11-05,debit,rent,1620,House rent
TXN001284,CUST0015,2025-11-13,debit,groceries,890,Groceries
TXN001285,CUST0015,2025-11-12,debit,utilities,360,Electricity and water
TXN001286,CUST0015,2025-11-11,debit,transport,400,Fuel and commute
TXN001287,CUST0015,2025-11-17,debit,dining_entertainment,370,Dining and entertainment
TXN001288,CUST0015,2025-11-10,debit,sip_investment,1000,Mutual fund SIP
TXN001289,CUST0015,2025-12-02,credit,salary,7000,Monthly credit
TXN001290,CUST0015,2025-12-05,debit,rent,1700,House rent
TXN001291,CUST0015,2025-12-13,debit,groceries,650,Groceries
TXN001292,CUST0015,2025-12-12,debit,utilities,230,Electricity and water
TXN001293,CUST0015,2025-12-18,debit,transport,510,Fuel and commute
TXN001294,CUST0015,2025-12-21,debit,dining_entertainment,490,Dining and entertainment
TXN001295,CUST0015,2025-12-10,debit,sip_investment,1000,Mutual fund SIP
TXN001296,CUST0015,2026-01-01,credit,salary,6900,Monthly credit
TXN001297,CUST0015,2026-01-05,debit,rent,1620,House rent
TXN001298,CUST0015,2026-01-14,debit,groceries,1090,Groceries
TXN001299,CUST0015,2026-01-12,debit,utilities,410,Electricity and water
TXN001300,CUST0015,2026-01-19,debit,transport,440,Fuel and commute
TXN001301,CUST0015,2026-01-18,debit,dining_entertainment,540,Dining and entertainment
TXN001302,CUST0015,2026-01-10,debit,sip_investment,1000,Mutual fund SIP
TXN001303,CUST0015,2026-02-01,credit,salary,6900,Monthly credit
TXN001304,CUST0015,2026-02-05,debit,rent,1630,House rent
TXN001305,CUST0015,2026-02-17,debit,groceries,860,Groceries
TXN001306,CUST0015,2026-02-12,debit,utilities,330,Electricity and water
TXN001307,CUST0015,2026-02-15,debit,transport,440,Fuel and commute
TXN001308,CUST0015,2026-02-15,debit,dining_entertainment,770,Dining and entertainment
TXN001309,CUST0015,2026-02-10,debit,sip_investment,1000,Mutual fund SIP
TXN001310,CUST0015,2026-03-01,credit,salary,6700,Monthly credit
TXN001311,CUST0015,2026-03-05,debit,rent,1580,House rent
TXN001312,CUST0015,2026-03-17,debit,groceries,1000,Groceries
TXN001313,CUST0015,2026-03-12,debit,utilities,380,Electricity and water
TXN001314,CUST0015,2026-03-23,debit,transport,550,Fuel and commute
TXN001315,CUST0015,2026-03-18,debit,dining_entertainment,530,Dining and entertainment
TXN001316,CUST0015,2026-03-10,debit,sip_investment,1000,Mutual fund SIP
TXN001317,CUST0015,2026-04-03,credit,salary,6800,Monthly credit
TXN001318,CUST0015,2026-04-05,debit,rent,1500,House rent
TXN001319,CUST0015,2026-04-18,debit,groceries,750,Groceries
TXN001320,CUST0015,2026-04-12,debit,utilities,220,Electricity and water
TXN001321,CUST0015,2026-04-20,debit,transport,380,Fuel and commute
TXN001322,CUST0015,2026-04-11,debit,dining_entertainment,710,Dining and entertainment
TXN001323,CUST0015,2026-04-10,debit,sip_investment,1000,Mutual fund SIP
TXN001324,CUST0015,2026-04-18,debit,insurance_premium,7720,Insurance premium
TXN001325,CUST0015,2026-05-01,credit,salary,6900,Monthly credit
TXN001326,CUST0015,2026-05-05,debit,rent,1700,House rent
TXN001327,CUST0015,2026-05-19,debit,groceries,710,Groceries
TXN001328,CUST0015,2026-05-12,debit,utilities,270,Electricity and water
TXN001329,CUST0015,2026-05-25,debit,transport,500,Fuel and commute
TXN001330,CUST0015,2026-05-12,debit,dining_entertainment,720,Dining and entertainment
TXN001331,CUST0015,2026-05-10,debit,sip_investment,1000,Mutual fund SIP
TXN001332,CUST0015,2026-06-03,credit,salary,7000,Monthly credit
TXN001333,CUST0015,2026-06-05,debit,rent,1720,House rent
TXN001334,CUST0015,2026-06-19,debit,groceries,840,Groceries
TXN001335,CUST0015,2026-06-12,debit,utilities,290,Electricity and water
TXN001336,CUST0015,2026-06-19,debit,transport,530,Fuel and commute
TXN001337,CUST0015,2026-06-18,debit,dining_entertainment,610,Dining and entertainment
TXN001338,CUST0015,2026-06-10,debit,sip_investment,1000,Mutual fund SIP
TXN001339,CUST0015,2026-06-13,debit,shopping,560,Online shopping
TXN001340,CUST0015,2026-07-02,credit,salary,6900,Monthly credit
TXN001341,CUST0015,2026-07-05,debit,rent,1450,House rent
TXN001342,CUST0015,2026-07-19,debit,groceries,690,Groceries
TXN001343,CUST0015,2026-07-12,debit,utilities,210,Electricity and water
TXN001344,CUST0015,2026-07-15,debit,transport,610,Fuel and commute
TXN001345,CUST0015,2026-07-20,debit,dining_entertainment,610,Dining and entertainment
TXN001346,CUST0015,2026-07-10,debit,sip_investment,1000,Mutual fund SIP
TXN001347,CUST0015,2026-07-12,debit,shopping,690,Online shopping
TXN001348,CUST0015,2026-08-02,credit,salary,6900,Monthly credit
TXN001349,CUST0015,2026-08-05,debit,rent,1660,House rent
TXN001350,CUST0015,2026-08-07,debit,groceries,750,Groceries
TXN001351,CUST0015,2026-08-12,debit,utilities,310,Electricity and water
TXN001352,CUST0015,2026-08-24,debit,transport,350,Fuel and commute
TXN001353,CUST0015,2026-08-17,debit,dining_entertainment,740,Dining and entertainment
TXN001354,CUST0015,2026-08-10,debit,sip_investment,1000,Mutual fund SIP
TXN001355,CUST0016,2025-09-01,credit,salary,3700,Monthly credit
TXN001356,CUST0016,2025-09-05,debit,rent,650,House rent
TXN001357,CUST0016,2025-09-13,debit,groceries,340,Groceries
TXN001358,CUST0016,2025-09-12,debit,utilities,210,Electricity and water
TXN001359,CUST0016,2025-09-20,debit,transport,170,Fuel and commute
TXN001360,CUST0016,2025-09-24,debit,dining_entertainment,420,Dining and entertainment
TXN001361,CUST0016,2025-09-18,debit,insurance_premium,2920,Insurance premium
TXN001362,CUST0016,2025-09-15,debit,school_fees,2110,School fees
TXN001363,CUST0016,2025-09-19,debit,shopping,440,Online shopping
TXN001364,CUST0016,2025-10-01,credit,salary,3700,Monthly credit
TXN001365,CUST0016,2025-10-05,debit,rent,620,House rent
TXN001366,CUST0016,2025-10-12,debit,groceries,340,Groceries
TXN001367,CUST0016,2025-10-12,debit,utilities,190,Electricity and water
TXN001368,CUST0016,2025-10-10,debit,transport,240,Fuel and commute
TXN001369,CUST0016,2025-10-09,debit,dining_entertainment,260,Dining and entertainment
TXN001370,CUST0016,2025-11-02,credit,salary,3600,Monthly credit
TXN001371,CUST0016,2025-11-05,debit,rent,710,House rent
TXN001372,CUST0016,2025-11-18,debit,groceries,360,Groceries
TXN001373,CUST0016,2025-11-12,debit,utilities,180,Electricity and water
TXN001374,CUST0016,2025-11-19,debit,transport,200,Fuel and commute
TXN001375,CUST0016,2025-11-14,debit,dining_entertainment,350,Dining and entertainment
TXN001376,CUST0016,2025-11-13,debit,shopping,200,Online shopping
TXN001377,CUST0016,2025-12-03,credit,salary,3700,Monthly credit
TXN001378,CUST0016,2025-12-05,debit,rent,600,House rent
TXN001379,CUST0016,2025-12-10,debit,groceries,370,Groceries
TXN001380,CUST0016,2025-12-12,debit,utilities,120,Electricity and water
TXN001381,CUST0016,2025-12-13,debit,transport,320,Fuel and commute
TXN001382,CUST0016,2025-12-19,debit,dining_entertainment,230,Dining and entertainment
TXN001383,CUST0016,2025-12-15,debit,school_fees,2530,School fees
TXN001384,CUST0016,2026-01-03,credit,salary,3700,Monthly credit
TXN001385,CUST0016,2026-01-05,debit,rent,620,House rent
TXN001386,CUST0016,2026-01-15,debit,groceries,350,Groceries
TXN001387,CUST0016,2026-01-12,debit,utilities,210,Electricity and water
TXN001388,CUST0016,2026-01-11,debit,transport,250,Fuel and commute
TXN001389,CUST0016,2026-01-23,debit,dining_entertainment,210,Dining and entertainment
TXN001390,CUST0016,2026-01-05,debit,shopping,240,Online shopping
TXN001391,CUST0016,2026-02-01,credit,salary,3700,Monthly credit
TXN001392,CUST0016,2026-02-05,debit,rent,680,House rent
TXN001393,CUST0016,2026-02-16,debit,groceries,570,Groceries
TXN001394,CUST0016,2026-02-12,debit,utilities,200,Electricity and water
TXN001395,CUST0016,2026-02-21,debit,transport,280,Fuel and commute
TXN001396,CUST0016,2026-02-14,debit,dining_entertainment,260,Dining and entertainment
TXN001397,CUST0016,2026-03-02,credit,salary,3700,Monthly credit
TXN001398,CUST0016,2026-03-05,debit,rent,660,House rent
TXN001399,CUST0016,2026-03-18,debit,groceries,360,Groceries
TXN001400,CUST0016,2026-03-12,debit,utilities,210,Electricity and water
TXN001401,CUST0016,2026-03-24,debit,transport,230,Fuel and commute
TXN001402,CUST0016,2026-03-22,debit,dining_entertainment,260,Dining and entertainment
TXN001403,CUST0016,2026-03-15,debit,school_fees,2380,School fees
TXN001404,CUST0016,2026-03-11,debit,shopping,410,Online shopping
TXN001405,CUST0016,2026-04-02,credit,salary,3800,Monthly credit
TXN001406,CUST0016,2026-04-05,debit,rent,610,House rent
TXN001407,CUST0016,2026-04-11,debit,groceries,570,Groceries
TXN001408,CUST0016,2026-04-12,debit,utilities,200,Electricity and water
TXN001409,CUST0016,2026-04-24,debit,transport,310,Fuel and commute
TXN001410,CUST0016,2026-04-10,debit,dining_entertainment,310,Dining and entertainment
TXN001411,CUST0016,2026-05-01,credit,salary,3700,Monthly credit
TXN001412,CUST0016,2026-05-05,debit,rent,630,House rent
TXN001413,CUST0016,2026-05-15,debit,groceries,420,Groceries
TXN001414,CUST0016,2026-05-12,debit,utilities,120,Electricity and water
TXN001415,CUST0016,2026-05-13,debit,transport,160,Fuel and commute
TXN001416,CUST0016,2026-05-10,debit,dining_entertainment,260,Dining and entertainment
TXN001417,CUST0016,2026-06-02,credit,salary,3700,Monthly credit
TXN001418,CUST0016,2026-06-05,debit,rent,620,House rent
TXN001419,CUST0016,2026-06-08,debit,groceries,400,Groceries
TXN001420,CUST0016,2026-06-12,debit,utilities,220,Electricity and water
TXN001421,CUST0016,2026-06-20,debit,transport,220,Fuel and commute
TXN001422,CUST0016,2026-06-26,debit,dining_entertainment,230,Dining and entertainment
TXN001423,CUST0016,2026-06-15,debit,school_fees,2300,School fees
TXN001424,CUST0016,2026-07-03,credit,salary,3700,Monthly credit
TXN001425,CUST0016,2026-07-05,debit,rent,620,House rent
TXN001426,CUST0016,2026-07-07,debit,groceries,510,Groceries
TXN001427,CUST0016,2026-07-12,debit,utilities,190,Electricity and water
TXN001428,CUST0016,2026-07-25,debit,transport,280,Fuel and commute
TXN001429,CUST0016,2026-07-22,debit,dining_entertainment,210,Dining and entertainment
TXN001430,CUST0016,2026-07-12,debit,shopping,260,Online shopping
TXN001431,CUST0016,2026-08-01,credit,salary,3800,Monthly credit
TXN001432,CUST0016,2026-08-05,debit,rent,670,House rent
TXN001433,CUST0016,2026-08-15,debit,groceries,510,Groceries
TXN001434,CUST0016,2026-08-12,debit,utilities,190,Electricity and water
TXN001435,CUST0016,2026-08-25,debit,transport,220,Fuel and commute
TXN001436,CUST0016,2026-08-09,debit,dining_entertainment,350,Dining and entertainment
TXN001437,CUST0017,2025-09-03,credit,business_income,5800,Business receipt
TXN001438,CUST0017,2025-09-05,debit,rent,730,House rent
TXN001439,CUST0017,2025-09-12,debit,groceries,570,Groceries
TXN001440,CUST0017,2025-09-12,debit,utilities,210,Electricity and water
TXN001441,CUST0017,2025-09-16,debit,transport,280,Fuel and commute
TXN001442,CUST0017,2025-09-18,debit,dining_entertainment,430,Dining and entertainment
TXN001443,CUST0017,2025-09-18,debit,insurance_premium,3460,Insurance premium
TXN001444,CUST0017,2025-09-15,debit,school_fees,7170,School fees
TXN001445,CUST0017,2025-10-03,credit,business_income,6800,Business receipt
TXN001446,CUST0017,2025-10-05,debit,rent,860,House rent
TXN001447,CUST0017,2025-10-07,debit,groceries,510,Groceries
TXN001448,CUST0017,2025-10-12,debit,utilities,210,Electricity and water
TXN001449,CUST0017,2025-10-22,debit,transport,310,Fuel and commute
TXN001450,CUST0017,2025-10-17,debit,dining_entertainment,490,Dining and entertainment
TXN001451,CUST0017,2025-11-01,credit,business_income,7000,Business receipt
TXN001452,CUST0017,2025-11-05,debit,rent,820,House rent
TXN001453,CUST0017,2025-11-11,debit,groceries,660,Groceries
TXN001454,CUST0017,2025-11-12,debit,utilities,140,Electricity and water
TXN001455,CUST0017,2025-11-10,debit,transport,240,Fuel and commute
TXN001456,CUST0017,2025-11-26,debit,dining_entertainment,290,Dining and entertainment
TXN001457,CUST0017,2025-12-02,credit,business_income,3800,Business receipt
TXN001458,CUST0017,2025-12-05,debit,rent,780,House rent
TXN001459,CUST0017,2025-12-08,debit,groceries,470,Groceries
TXN001460,CUST0017,2025-12-12,debit,utilities,190,Electricity and water
TXN001461,CUST0017,2025-12-22,debit,transport,220,Fuel and commute
TXN001462,CUST0017,2025-12-19,debit,dining_entertainment,480,Dining and entertainment
TXN001463,CUST0017,2025-12-15,debit,school_fees,7370,School fees
TXN001464,CUST0017,2026-01-01,credit,business_income,5400,Business receipt
TXN001465,CUST0017,2026-01-05,debit,rent,710,House rent
TXN001466,CUST0017,2026-01-08,debit,groceries,600,Groceries
TXN001467,CUST0017,2026-01-12,debit,utilities,230,Electricity and water
TXN001468,CUST0017,2026-01-23,debit,transport,280,Fuel and commute
TXN001469,CUST0017,2026-01-12,debit,dining_entertainment,530,Dining and entertainment
TXN001470,CUST0017,2026-02-02,credit,business_income,4000,Business receipt
TXN001471,CUST0017,2026-02-05,debit,rent,850,House rent
TXN001472,CUST0017,2026-02-20,debit,groceries,620,Groceries
TXN001473,CUST0017,2026-02-12,debit,utilities,190,Electricity and water
TXN001474,CUST0017,2026-02-23,debit,transport,220,Fuel and commute
TXN001475,CUST0017,2026-02-22,debit,dining_entertainment,390,Dining and entertainment
TXN001476,CUST0017,2026-02-03,debit,shopping,300,Online shopping
TXN001477,CUST0017,2026-03-03,credit,business_income,4900,Business receipt
TXN001478,CUST0017,2026-03-05,debit,rent,750,House rent
TXN001479,CUST0017,2026-03-12,debit,groceries,560,Groceries
TXN001480,CUST0017,2026-03-12,debit,utilities,260,Electricity and water
TXN001481,CUST0017,2026-03-11,debit,transport,300,Fuel and commute
TXN001482,CUST0017,2026-03-26,debit,dining_entertainment,530,Dining and entertainment
TXN001483,CUST0017,2026-03-15,debit,school_fees,5770,School fees
TXN001484,CUST0017,2026-04-01,credit,business_income,6900,Business receipt
TXN001485,CUST0017,2026-04-05,debit,rent,730,House rent
TXN001486,CUST0017,2026-04-19,debit,groceries,630,Groceries
TXN001487,CUST0017,2026-04-12,debit,utilities,260,Electricity and water
TXN001488,CUST0017,2026-04-24,debit,transport,350,Fuel and commute
TXN001489,CUST0017,2026-04-24,debit,dining_entertainment,380,Dining and entertainment
TXN001490,CUST0017,2026-04-26,debit,shopping,320,Online shopping
TXN001491,CUST0017,2026-05-03,credit,business_income,5300,Business receipt
TXN001492,CUST0017,2026-05-05,debit,rent,720,House rent
TXN001493,CUST0017,2026-05-18,debit,groceries,600,Groceries
TXN001494,CUST0017,2026-05-12,debit,utilities,210,Electricity and water
TXN001495,CUST0017,2026-05-20,debit,transport,310,Fuel and commute
TXN001496,CUST0017,2026-05-08,debit,dining_entertainment,380,Dining and entertainment
TXN001497,CUST0017,2026-06-03,credit,business_income,4300,Business receipt
TXN001498,CUST0017,2026-06-05,debit,rent,760,House rent
TXN001499,CUST0017,2026-06-18,debit,groceries,510,Groceries
TXN001500,CUST0017,2026-06-12,debit,utilities,170,Electricity and water
TXN001501,CUST0017,2026-06-19,debit,transport,210,Fuel and commute
TXN001502,CUST0017,2026-06-26,debit,dining_entertainment,450,Dining and entertainment
TXN001503,CUST0017,2026-06-15,debit,school_fees,4770,School fees
TXN001504,CUST0017,2026-07-03,credit,business_income,4800,Business receipt
TXN001505,CUST0017,2026-07-05,debit,rent,860,House rent
TXN001506,CUST0017,2026-07-15,debit,groceries,650,Groceries
TXN001507,CUST0017,2026-07-12,debit,utilities,130,Electricity and water
TXN001508,CUST0017,2026-07-14,debit,transport,280,Fuel and commute
TXN001509,CUST0017,2026-07-16,debit,dining_entertainment,370,Dining and entertainment
TXN001510,CUST0017,2026-08-02,credit,business_income,3200,Business receipt
TXN001511,CUST0017,2026-08-05,debit,rent,710,House rent
TXN001512,CUST0017,2026-08-08,debit,groceries,440,Groceries
TXN001513,CUST0017,2026-08-12,debit,utilities,250,Electricity and water
TXN001514,CUST0017,2026-08-24,debit,transport,340,Fuel and commute
TXN001515,CUST0017,2026-08-13,debit,dining_entertainment,330,Dining and entertainment
TXN001516,CUST0018,2025-09-01,credit,salary,11500,Monthly credit
TXN001517,CUST0018,2025-09-05,debit,maintenance,410,Society maintenance
TXN001518,CUST0018,2025-09-19,debit,groceries,1530,Groceries
TXN001519,CUST0018,2025-09-12,debit,utilities,400,Electricity and water
TXN001520,CUST0018,2025-09-23,debit,transport,750,Fuel and commute
TXN001521,CUST0018,2025-09-15,debit,dining_entertainment,1200,Dining and entertainment
TXN001522,CUST0018,2025-09-18,debit,insurance_premium,12760,Insurance premium
TXN001523,CUST0018,2025-09-15,debit,school_fees,8900,School fees
TXN001524,CUST0018,2025-10-01,credit,salary,11800,Monthly credit
TXN001525,CUST0018,2025-10-05,debit,maintenance,360,Society maintenance
TXN001526,CUST0018,2025-10-07,debit,groceries,1660,Groceries
TXN001527,CUST0018,2025-10-12,debit,utilities,360,Electricity and water
TXN001528,CUST0018,2025-10-25,debit,transport,730,Fuel and commute
TXN001529,CUST0018,2025-10-25,debit,dining_entertainment,810,Dining and entertainment
TXN001530,CUST0018,2025-11-02,credit,salary,11600,Monthly credit
TXN001531,CUST0018,2025-11-05,debit,maintenance,300,Society maintenance
TXN001532,CUST0018,2025-11-06,debit,groceries,1760,Groceries
TXN001533,CUST0018,2025-11-12,debit,utilities,450,Electricity and water
TXN001534,CUST0018,2025-11-22,debit,transport,930,Fuel and commute
TXN001535,CUST0018,2025-11-24,debit,dining_entertainment,1120,Dining and entertainment
TXN001536,CUST0018,2025-11-23,debit,shopping,1310,Online shopping
TXN001537,CUST0018,2025-12-02,credit,salary,11500,Monthly credit
TXN001538,CUST0018,2025-12-05,debit,maintenance,360,Society maintenance
TXN001539,CUST0018,2025-12-10,debit,groceries,1580,Groceries
TXN001540,CUST0018,2025-12-12,debit,utilities,460,Electricity and water
TXN001541,CUST0018,2025-12-13,debit,transport,620,Fuel and commute
TXN001542,CUST0018,2025-12-26,debit,dining_entertainment,770,Dining and entertainment
TXN001543,CUST0018,2025-12-15,debit,school_fees,6940,School fees
TXN001544,CUST0018,2026-01-03,credit,salary,11700,Monthly credit
TXN001545,CUST0018,2026-01-05,debit,maintenance,380,Society maintenance
TXN001546,CUST0018,2026-01-16,debit,groceries,1470,Groceries
TXN001547,CUST0018,2026-01-12,debit,utilities,590,Electricity and water
TXN001548,CUST0018,2026-01-10,debit,transport,570,Fuel and commute
TXN001549,CUST0018,2026-01-10,debit,dining_entertainment,1120,Dining and entertainment
TXN001550,CUST0018,2026-01-05,debit,medical,980,Medical expenses
TXN001551,CUST0018,2026-02-03,credit,salary,11500,Monthly credit
TXN001552,CUST0018,2026-02-05,debit,maintenance,310,Society maintenance
TXN001553,CUST0018,2026-02-06,debit,groceries,1200,Groceries
TXN001554,CUST0018,2026-02-12,debit,utilities,560,Electricity and water
TXN001555,CUST0018,2026-02-16,debit,transport,490,Fuel and commute
TXN001556,CUST0018,2026-02-11,debit,dining_entertainment,1350,Dining and entertainment
TXN001557,CUST0018,2026-02-07,debit,shopping,1240,Online shopping
TXN001558,CUST0018,2026-03-03,credit,salary,11600,Monthly credit
TXN001559,CUST0018,2026-03-05,debit,maintenance,350,Society maintenance
TXN001560,CUST0018,2026-03-20,debit,groceries,1830,Groceries
TXN001561,CUST0018,2026-03-12,debit,utilities,380,Electricity and water
TXN001562,CUST0018,2026-03-19,debit,transport,570,Fuel and commute
TXN001563,CUST0018,2026-03-10,debit,dining_entertainment,950,Dining and entertainment
TXN001564,CUST0018,2026-03-15,debit,school_fees,8390,School fees
TXN001565,CUST0018,2026-04-03,credit,salary,11600,Monthly credit
TXN001566,CUST0018,2026-04-05,debit,maintenance,380,Society maintenance
TXN001567,CUST0018,2026-04-08,debit,groceries,1310,Groceries
TXN001568,CUST0018,2026-04-12,debit,utilities,620,Electricity and water
TXN001569,CUST0018,2026-04-11,debit,transport,620,Fuel and commute
TXN001570,CUST0018,2026-04-18,debit,dining_entertainment,880,Dining and entertainment
TXN001571,CUST0018,2026-05-01,credit,salary,11800,Monthly credit
TXN001572,CUST0018,2026-05-05,debit,maintenance,340,Society maintenance
TXN001573,CUST0018,2026-05-20,debit,groceries,1450,Groceries
TXN001574,CUST0018,2026-05-12,debit,utilities,420,Electricity and water
TXN001575,CUST0018,2026-05-25,debit,transport,690,Fuel and commute
TXN001576,CUST0018,2026-05-25,debit,dining_entertainment,650,Dining and entertainment
TXN001577,CUST0018,2026-05-17,debit,shopping,1020,Online shopping
TXN001578,CUST0018,2026-06-01,credit,salary,11700,Monthly credit
TXN001579,CUST0018,2026-06-05,debit,maintenance,280,Society maintenance
TXN001580,CUST0018,2026-06-17,debit,groceries,1100,Groceries
TXN001581,CUST0018,2026-06-12,debit,utilities,430,Electricity and water
TXN001582,CUST0018,2026-06-25,debit,transport,720,Fuel and commute
TXN001583,CUST0018,2026-06-08,debit,dining_entertainment,680,Dining and entertainment
TXN001584,CUST0018,2026-06-15,debit,school_fees,10100,School fees
TXN001585,CUST0018,2026-07-02,credit,salary,11700,Monthly credit
TXN001586,CUST0018,2026-07-05,debit,maintenance,360,Society maintenance
TXN001587,CUST0018,2026-07-18,debit,groceries,1470,Groceries
TXN001588,CUST0018,2026-07-12,debit,utilities,520,Electricity and water
TXN001589,CUST0018,2026-07-12,debit,transport,720,Fuel and commute
TXN001590,CUST0018,2026-07-08,debit,dining_entertainment,1010,Dining and entertainment
TXN001591,CUST0018,2026-08-01,credit,salary,11700,Monthly credit
TXN001592,CUST0018,2026-08-05,debit,maintenance,350,Society maintenance
TXN001593,CUST0018,2026-08-11,debit,groceries,1810,Groceries
TXN001594,CUST0018,2026-08-12,debit,utilities,460,Electricity and water
TXN001595,CUST0018,2026-08-11,debit,transport,640,Fuel and commute
TXN001596,CUST0018,2026-08-10,debit,dining_entertainment,1090,Dining and entertainment
TXN001597,CUST0019,2025-09-01,credit,salary,11100,Monthly credit
TXN001598,CUST0019,2025-09-05,debit,maintenance,400,Society maintenance
TXN001599,CUST0019,2025-09-10,debit,groceries,1540,Groceries
TXN001600,CUST0019,2025-09-12,debit,utilities,570,Electricity and water
TXN001601,CUST0019,2025-09-21,debit,transport,960,Fuel and commute
TXN001602,CUST0019,2025-09-22,debit,dining_entertainment,940,Dining and entertainment
TXN001603,CUST0019,2025-09-07,debit,emi,2330,Loan EMI
TXN001604,CUST0019,2025-09-21,debit,shopping,1070,Online shopping
TXN001605,CUST0019,2025-10-02,credit,salary,11200,Monthly credit
TXN001606,CUST0019,2025-10-05,debit,maintenance,280,Society maintenance
TXN001607,CUST0019,2025-10-10,debit,groceries,1440,Groceries
TXN001608,CUST0019,2025-10-12,debit,utilities,500,Electricity and water
TXN001609,CUST0019,2025-10-24,debit,transport,1000,Fuel and commute
TXN001610,CUST0019,2025-10-08,debit,dining_entertainment,1330,Dining and entertainment
TXN001611,CUST0019,2025-10-07,debit,emi,2300,Loan EMI
TXN001612,CUST0019,2025-10-03,debit,medical,3690,Medical expenses
TXN001613,CUST0019,2025-11-03,credit,salary,11200,Monthly credit
TXN001614,CUST0019,2025-11-05,debit,maintenance,360,Society maintenance
TXN001615,CUST0019,2025-11-16,debit,groceries,1380,Groceries
TXN001616,CUST0019,2025-11-12,debit,utilities,630,Electricity and water
TXN001617,CUST0019,2025-11-17,debit,transport,750,Fuel and commute
TXN001618,CUST0019,2025-11-09,debit,dining_entertainment,1290,Dining and entertainment
TXN001619,CUST0019,2025-11-07,debit,emi,2330,Loan EMI
TXN001620,CUST0019,2025-11-22,debit,shopping,1260,Online shopping
TXN001621,CUST0019,2025-12-03,credit,salary,11100,Monthly credit
TXN001622,CUST0019,2025-12-05,debit,maintenance,360,Society maintenance
TXN001623,CUST0019,2025-12-16,debit,groceries,1030,Groceries
TXN001624,CUST0019,2025-12-12,debit,utilities,350,Electricity and water
TXN001625,CUST0019,2025-12-13,debit,transport,620,Fuel and commute
TXN001626,CUST0019,2025-12-13,debit,dining_entertainment,910,Dining and entertainment
TXN001627,CUST0019,2025-12-07,debit,emi,2330,Loan EMI
TXN001628,CUST0019,2025-12-18,debit,insurance_premium,6310,Insurance premium
TXN001629,CUST0019,2025-12-22,debit,shopping,940,Online shopping
TXN001630,CUST0019,2026-01-01,credit,salary,11200,Monthly credit
TXN001631,CUST0019,2026-01-05,debit,maintenance,320,Society maintenance
TXN001632,CUST0019,2026-01-17,debit,groceries,1660,Groceries
TXN001633,CUST0019,2026-01-12,debit,utilities,570,Electricity and water
TXN001634,CUST0019,2026-01-14,debit,transport,630,Fuel and commute
TXN001635,CUST0019,2026-01-14,debit,dining_entertainment,800,Dining and entertainment
TXN001636,CUST0019,2026-01-07,debit,emi,2330,Loan EMI
TXN001637,CUST0019,2026-02-01,credit,salary,11100,Monthly credit
TXN001638,CUST0019,2026-02-05,debit,maintenance,370,Society maintenance
TXN001639,CUST0019,2026-02-11,debit,groceries,1150,Groceries
TXN001640,CUST0019,2026-02-12,debit,utilities,520,Electricity and water
TXN001641,CUST0019,2026-02-11,debit,transport,700,Fuel and commute
TXN001642,CUST0019,2026-02-20,debit,dining_entertainment,650,Dining and entertainment
TXN001643,CUST0019,2026-02-07,debit,emi,2330,Loan EMI
TXN001644,CUST0019,2026-02-02,debit,medical,2490,Medical expenses
TXN001645,CUST0019,2026-02-25,debit,shopping,1280,Online shopping
TXN001646,CUST0019,2026-03-02,credit,salary,11400,Monthly credit
TXN001647,CUST0019,2026-03-05,debit,maintenance,320,Society maintenance
TXN001648,CUST0019,2026-03-18,debit,groceries,1660,Groceries
TXN001649,CUST0019,2026-03-12,debit,utilities,500,Electricity and water
TXN001650,CUST0019,2026-03-14,debit,transport,520,Fuel and commute
TXN001651,CUST0019,2026-03-24,debit,dining_entertainment,1060,Dining and entertainment
TXN001652,CUST0019,2026-03-07,debit,emi,2320,Loan EMI
TXN001653,CUST0019,2026-03-22,debit,shopping,1040,Online shopping
TXN001654,CUST0019,2026-04-02,credit,salary,11100,Monthly credit
TXN001655,CUST0019,2026-04-05,debit,maintenance,350,Society maintenance
TXN001656,CUST0019,2026-04-19,debit,groceries,1080,Groceries
TXN001657,CUST0019,2026-04-12,debit,utilities,600,Electricity and water
TXN001658,CUST0019,2026-04-10,debit,transport,650,Fuel and commute
TXN001659,CUST0019,2026-04-14,debit,dining_entertainment,990,Dining and entertainment
TXN001660,CUST0019,2026-04-07,debit,emi,2300,Loan EMI
TXN001661,CUST0019,2026-04-27,debit,shopping,700,Online shopping
TXN001662,CUST0019,2026-05-03,credit,salary,11500,Monthly credit
TXN001663,CUST0019,2026-05-05,debit,maintenance,300,Society maintenance
TXN001664,CUST0019,2026-05-16,debit,groceries,1630,Groceries
TXN001665,CUST0019,2026-05-12,debit,utilities,410,Electricity and water
TXN001666,CUST0019,2026-05-13,debit,transport,480,Fuel and commute
TXN001667,CUST0019,2026-05-23,debit,dining_entertainment,1190,Dining and entertainment
TXN001668,CUST0019,2026-05-07,debit,emi,2320,Loan EMI
TXN001669,CUST0019,2026-06-02,credit,salary,11100,Monthly credit
TXN001670,CUST0019,2026-06-05,debit,maintenance,310,Society maintenance
TXN001671,CUST0019,2026-06-11,debit,groceries,1360,Groceries
TXN001672,CUST0019,2026-06-12,debit,utilities,540,Electricity and water
TXN001673,CUST0019,2026-06-24,debit,transport,950,Fuel and commute
TXN001674,CUST0019,2026-06-09,debit,dining_entertainment,570,Dining and entertainment
TXN001675,CUST0019,2026-06-07,debit,emi,2340,Loan EMI
TXN001676,CUST0019,2026-07-01,credit,salary,11300,Monthly credit
TXN001677,CUST0019,2026-07-05,debit,maintenance,280,Society maintenance
TXN001678,CUST0019,2026-07-13,debit,groceries,1200,Groceries
TXN001679,CUST0019,2026-07-12,debit,utilities,540,Electricity and water
TXN001680,CUST0019,2026-07-16,debit,transport,630,Fuel and commute
TXN001681,CUST0019,2026-07-18,debit,dining_entertainment,1150,Dining and entertainment
TXN001682,CUST0019,2026-07-07,debit,emi,2310,Loan EMI
TXN001683,CUST0019,2026-07-16,debit,shopping,580,Online shopping
TXN001684,CUST0019,2026-08-02,credit,salary,11500,Monthly credit
TXN001685,CUST0019,2026-08-05,debit,maintenance,390,Society maintenance
TXN001686,CUST0019,2026-08-15,debit,groceries,1070,Groceries
TXN001687,CUST0019,2026-08-12,debit,utilities,500,Electricity and water
TXN001688,CUST0019,2026-08-14,debit,transport,950,Fuel and commute
TXN001689,CUST0019,2026-08-22,debit,dining_entertainment,720,Dining and entertainment
TXN001690,CUST0019,2026-08-07,debit,emi,2300,Loan EMI
TXN001691,CUST0020,2025-09-01,credit,salary,7300,Monthly credit
TXN001692,CUST0020,2025-09-05,debit,maintenance,180,Society maintenance
TXN001693,CUST0020,2025-09-10,debit,groceries,960,Groceries
TXN001694,CUST0020,2025-09-12,debit,utilities,250,Electricity and water
TXN001695,CUST0020,2025-09-24,debit,transport,610,Fuel and commute
TXN001696,CUST0020,2025-09-18,debit,dining_entertainment,570,Dining and entertainment
TXN001697,CUST0020,2025-09-28,credit,interest_payout,380,Deposit interest payout
TXN001698,CUST0020,2025-10-01,credit,salary,7500,Monthly credit
TXN001699,CUST0020,2025-10-05,debit,maintenance,220,Society maintenance
TXN001700,CUST0020,2025-10-09,debit,groceries,950,Groceries
TXN001701,CUST0020,2025-10-12,debit,utilities,240,Electricity and water
TXN001702,CUST0020,2025-10-25,debit,transport,610,Fuel and commute
TXN001703,CUST0020,2025-10-14,debit,dining_entertainment,810,Dining and entertainment
TXN001704,CUST0020,2025-10-28,credit,interest_payout,360,Deposit interest payout
TXN001705,CUST0020,2025-11-01,credit,salary,7400,Monthly credit
TXN001706,CUST0020,2025-11-05,debit,maintenance,200,Society maintenance
TXN001707,CUST0020,2025-11-09,debit,groceries,890,Groceries
TXN001708,CUST0020,2025-11-12,debit,utilities,420,Electricity and water
TXN001709,CUST0020,2025-11-14,debit,transport,510,Fuel and commute
TXN001710,CUST0020,2025-11-08,debit,dining_entertainment,840,Dining and entertainment
TXN001711,CUST0020,2025-11-26,debit,shopping,880,Online shopping
TXN001712,CUST0020,2025-11-28,credit,interest_payout,200,Deposit interest payout
TXN001713,CUST0020,2025-12-02,credit,salary,7400,Monthly credit
TXN001714,CUST0020,2025-12-05,debit,maintenance,250,Society maintenance
TXN001715,CUST0020,2025-12-07,debit,groceries,1020,Groceries
TXN001716,CUST0020,2025-12-12,debit,utilities,320,Electricity and water
TXN001717,CUST0020,2025-12-10,debit,transport,380,Fuel and commute
TXN001718,CUST0020,2025-12-21,debit,dining_entertainment,720,Dining and entertainment
TXN001719,CUST0020,2025-12-23,debit,shopping,410,Online shopping
TXN001720,CUST0020,2026-01-03,credit,salary,7200,Monthly credit
TXN001721,CUST0020,2026-01-05,debit,maintenance,200,Society maintenance
TXN001722,CUST0020,2026-01-19,debit,groceries,1030,Groceries
TXN001723,CUST0020,2026-01-12,debit,utilities,340,Electricity and water
TXN001724,CUST0020,2026-01-24,debit,transport,510,Fuel and commute
TXN001725,CUST0020,2026-01-12,debit,dining_entertainment,600,Dining and entertainment
TXN001726,CUST0020,2026-01-18,debit,insurance_premium,9540,Insurance premium
TXN001727,CUST0020,2026-01-28,credit,interest_payout,280,Deposit interest payout
TXN001728,CUST0020,2026-02-03,credit,salary,7400,Monthly credit
TXN001729,CUST0020,2026-02-05,debit,maintenance,180,Society maintenance
TXN001730,CUST0020,2026-02-11,debit,groceries,1130,Groceries
TXN001731,CUST0020,2026-02-12,debit,utilities,340,Electricity and water
TXN001732,CUST0020,2026-02-18,debit,transport,400,Fuel and commute
TXN001733,CUST0020,2026-02-25,debit,dining_entertainment,720,Dining and entertainment
TXN001734,CUST0020,2026-02-22,debit,shopping,670,Online shopping
TXN001735,CUST0020,2026-02-28,credit,interest_payout,360,Deposit interest payout
TXN001736,CUST0020,2026-03-03,credit,salary,7200,Monthly credit
TXN001737,CUST0020,2026-03-05,debit,maintenance,210,Society maintenance
TXN001738,CUST0020,2026-03-12,debit,groceries,690,Groceries
TXN001739,CUST0020,2026-03-12,debit,utilities,300,Electricity and water
TXN001740,CUST0020,2026-03-21,debit,transport,520,Fuel and commute
TXN001741,CUST0020,2026-03-25,debit,dining_entertainment,550,Dining and entertainment
TXN001742,CUST0020,2026-03-28,credit,interest_payout,200,Deposit interest payout
TXN001743,CUST0020,2026-04-03,credit,salary,7300,Monthly credit
TXN001744,CUST0020,2026-04-05,debit,maintenance,180,Society maintenance
TXN001745,CUST0020,2026-04-18,debit,groceries,910,Groceries
TXN001746,CUST0020,2026-04-12,debit,utilities,350,Electricity and water
TXN001747,CUST0020,2026-04-16,debit,transport,650,Fuel and commute
TXN001748,CUST0020,2026-04-15,debit,dining_entertainment,750,Dining and entertainment
TXN001749,CUST0020,2026-04-28,credit,interest_payout,270,Deposit interest payout
TXN001750,CUST0020,2026-05-02,credit,salary,7200,Monthly credit
TXN001751,CUST0020,2026-05-05,debit,maintenance,200,Society maintenance
TXN001752,CUST0020,2026-05-14,debit,groceries,910,Groceries
TXN001753,CUST0020,2026-05-12,debit,utilities,400,Electricity and water
TXN001754,CUST0020,2026-05-19,debit,transport,470,Fuel and commute
TXN001755,CUST0020,2026-05-19,debit,dining_entertainment,590,Dining and entertainment
TXN001756,CUST0020,2026-05-28,credit,interest_payout,420,Deposit interest payout
TXN001757,CUST0020,2026-06-02,credit,salary,7200,Monthly credit
TXN001758,CUST0020,2026-06-05,debit,maintenance,180,Society maintenance
TXN001759,CUST0020,2026-06-08,debit,groceries,870,Groceries
TXN001760,CUST0020,2026-06-12,debit,utilities,280,Electricity and water
TXN001761,CUST0020,2026-06-13,debit,transport,650,Fuel and commute
TXN001762,CUST0020,2026-06-11,debit,dining_entertainment,440,Dining and entertainment
TXN001763,CUST0020,2026-06-28,credit,interest_payout,300,Deposit interest payout
TXN001764,CUST0020,2026-07-02,credit,salary,7400,Monthly credit
TXN001765,CUST0020,2026-07-05,debit,maintenance,210,Society maintenance
TXN001766,CUST0020,2026-07-20,debit,groceries,1020,Groceries
TXN001767,CUST0020,2026-07-12,debit,utilities,250,Electricity and water
TXN001768,CUST0020,2026-07-24,debit,transport,420,Fuel and commute
TXN001769,CUST0020,2026-07-08,debit,dining_entertainment,740,Dining and entertainment
TXN001770,CUST0020,2026-07-10,debit,shopping,800,Online shopping
TXN001771,CUST0020,2026-07-28,credit,interest_payout,300,Deposit interest payout
TXN001772,CUST0020,2026-08-03,credit,salary,7300,Monthly credit
TXN001773,CUST0020,2026-08-05,debit,maintenance,200,Society maintenance
TXN001774,CUST0020,2026-08-11,debit,groceries,1000,Groceries
TXN001775,CUST0020,2026-08-12,debit,utilities,330,Electricity and water
TXN001776,CUST0020,2026-08-24,debit,transport,540,Fuel and commute
TXN001777,CUST0020,2026-08-26,debit,dining_entertainment,600,Dining and entertainment
TXN001778,CUST0020,2026-08-28,credit,interest_payout,220,Deposit interest payout
TXN001779,CUST0021,2025-09-02,credit,salary,6900,Monthly credit
TXN001780,CUST0021,2025-09-05,debit,maintenance,200,Society maintenance
TXN001781,CUST0021,2025-09-20,debit,groceries,710,Groceries
TXN001782,CUST0021,2025-09-12,debit,utilities,240,Electricity and water
TXN001783,CUST0021,2025-09-15,debit,transport,470,Fuel and commute
TXN001784,CUST0021,2025-09-12,debit,dining_entertainment,830,Dining and entertainment
TXN001785,CUST0021,2025-09-18,debit,insurance_premium,4560,Insurance premium
TXN001786,CUST0021,2025-09-15,debit,school_fees,3240,School fees
TXN001787,CUST0021,2025-10-02,credit,salary,7000,Monthly credit
TXN001788,CUST0021,2025-10-05,debit,maintenance,180,Society maintenance
TXN001789,CUST0021,2025-10-06,debit,groceries,910,Groceries
TXN001790,CUST0021,2025-10-12,debit,utilities,350,Electricity and water
TXN001791,CUST0021,2025-10-14,debit,transport,620,Fuel and commute
TXN001792,CUST0021,2025-10-25,debit,dining_entertainment,530,Dining and entertainment
TXN001793,CUST0021,2025-11-01,credit,salary,6900,Monthly credit
TXN001794,CUST0021,2025-11-05,debit,maintenance,200,Society maintenance
TXN001795,CUST0021,2025-11-08,debit,groceries,880,Groceries
TXN001796,CUST0021,2025-11-12,debit,utilities,410,Electricity and water
TXN001797,CUST0021,2025-11-14,debit,transport,610,Fuel and commute
TXN001798,CUST0021,2025-11-25,debit,dining_entertainment,340,Dining and entertainment
TXN001799,CUST0021,2025-12-02,credit,salary,7100,Monthly credit
TXN001800,CUST0021,2025-12-05,debit,maintenance,240,Society maintenance
TXN001801,CUST0021,2025-12-18,debit,groceries,1110,Groceries
TXN001802,CUST0021,2025-12-12,debit,utilities,420,Electricity and water
TXN001803,CUST0021,2025-12-14,debit,transport,480,Fuel and commute
TXN001804,CUST0021,2025-12-22,debit,dining_entertainment,740,Dining and entertainment
TXN001805,CUST0021,2025-12-15,debit,school_fees,4030,School fees
TXN001806,CUST0021,2026-01-03,credit,salary,6900,Monthly credit
TXN001807,CUST0021,2026-01-05,debit,maintenance,210,Society maintenance
TXN001808,CUST0021,2026-01-12,debit,groceries,790,Groceries
TXN001809,CUST0021,2026-01-12,debit,utilities,340,Electricity and water
TXN001810,CUST0021,2026-01-21,debit,transport,360,Fuel and commute
TXN001811,CUST0021,2026-01-09,debit,dining_entertainment,380,Dining and entertainment
TXN001812,CUST0021,2026-01-27,debit,shopping,540,Online shopping
TXN001813,CUST0021,2026-02-01,credit,salary,7000,Monthly credit
TXN001814,CUST0021,2026-02-05,debit,maintenance,170,Society maintenance
TXN001815,CUST0021,2026-02-16,debit,groceries,1050,Groceries
TXN001816,CUST0021,2026-02-12,debit,utilities,350,Electricity and water
TXN001817,CUST0021,2026-02-22,debit,transport,310,Fuel and commute
TXN001818,CUST0021,2026-02-18,debit,dining_entertainment,430,Dining and entertainment
TXN001819,CUST0021,2026-03-03,credit,salary,6900,Monthly credit
TXN001820,CUST0021,2026-03-05,debit,maintenance,200,Society maintenance
TXN001821,CUST0021,2026-03-19,debit,groceries,710,Groceries
TXN001822,CUST0021,2026-03-12,debit,utilities,300,Electricity and water
TXN001823,CUST0021,2026-03-10,debit,transport,420,Fuel and commute
TXN001824,CUST0021,2026-03-19,debit,dining_entertainment,480,Dining and entertainment
TXN001825,CUST0021,2026-03-15,debit,school_fees,3920,School fees
TXN001826,CUST0021,2026-04-02,credit,salary,7000,Monthly credit
TXN001827,CUST0021,2026-04-05,debit,maintenance,230,Society maintenance
TXN001828,CUST0021,2026-04-13,debit,groceries,840,Groceries
TXN001829,CUST0021,2026-04-12,debit,utilities,270,Electricity and water
TXN001830,CUST0021,2026-04-23,debit,transport,560,Fuel and commute
TXN001831,CUST0021,2026-04-21,debit,dining_entertainment,710,Dining and entertainment
TXN001832,CUST0021,2026-05-01,credit,salary,6900,Monthly credit
TXN001833,CUST0021,2026-05-05,debit,maintenance,190,Society maintenance
TXN001834,CUST0021,2026-05-14,debit,groceries,1120,Groceries
TXN001835,CUST0021,2026-05-12,debit,utilities,420,Electricity and water
TXN001836,CUST0021,2026-05-22,debit,transport,300,Fuel and commute
TXN001837,CUST0021,2026-05-21,debit,dining_entertainment,380,Dining and entertainment
TXN001838,CUST0021,2026-06-02,credit,salary,6900,Monthly credit
TXN001839,CUST0021,2026-06-05,debit,maintenance,230,Society maintenance
TXN001840,CUST0021,2026-06-08,debit,groceries,1010,Groceries
TXN001841,CUST0021,2026-06-12,debit,utilities,250,Electricity and water
TXN001842,CUST0021,2026-06-19,debit,transport,570,Fuel and commute
TXN001843,CUST0021,2026-06-09,debit,dining_entertainment,620,Dining and entertainment
TXN001844,CUST0021,2026-06-15,debit,school_fees,5740,School fees
TXN001845,CUST0021,2026-07-03,credit,salary,7000,Monthly credit
TXN001846,CUST0021,2026-07-05,debit,maintenance,200,Society maintenance
TXN001847,CUST0021,2026-07-06,debit,groceries,650,Groceries
TXN001848,CUST0021,2026-07-12,debit,utilities,240,Electricity and water
TXN001849,CUST0021,2026-07-25,debit,transport,380,Fuel and commute
TXN001850,CUST0021,2026-07-17,debit,dining_entertainment,400,Dining and entertainment
TXN001851,CUST0021,2026-08-01,credit,salary,7100,Monthly credit
TXN001852,CUST0021,2026-08-05,debit,maintenance,170,Society maintenance
TXN001853,CUST0021,2026-08-13,debit,groceries,1010,Groceries
TXN001854,CUST0021,2026-08-12,debit,utilities,420,Electricity and water
TXN001855,CUST0021,2026-08-21,debit,transport,300,Fuel and commute
TXN001856,CUST0021,2026-08-26,debit,dining_entertainment,630,Dining and entertainment
TXN001857,CUST0022,2025-09-03,credit,business_income,17200,Business receipt
TXN001858,CUST0022,2025-09-05,debit,rent,2880,House rent
TXN001859,CUST0022,2025-09-15,debit,groceries,1840,Groceries
TXN001860,CUST0022,2025-09-12,debit,utilities,540,Electricity and water
TXN001861,CUST0022,2025-09-14,debit,transport,950,Fuel and commute
TXN001862,CUST0022,2025-09-09,debit,dining_entertainment,1250,Dining and entertainment
TXN001863,CUST0022,2025-10-02,credit,business_income,22000,Business receipt
TXN001864,CUST0022,2025-10-05,debit,rent,2900,House rent
TXN001865,CUST0022,2025-10-16,debit,groceries,1880,Groceries
TXN001866,CUST0022,2025-10-12,debit,utilities,990,Electricity and water
TXN001867,CUST0022,2025-10-15,debit,transport,1120,Fuel and commute
TXN001868,CUST0022,2025-10-13,debit,dining_entertainment,1760,Dining and entertainment
TXN001869,CUST0022,2025-11-03,credit,business_income,20900,Business receipt
TXN001870,CUST0022,2025-11-05,debit,rent,3380,House rent
TXN001871,CUST0022,2025-11-17,debit,groceries,1860,Groceries
TXN001872,CUST0022,2025-11-12,debit,utilities,860,Electricity and water
TXN001873,CUST0022,2025-11-21,debit,transport,760,Fuel and commute
TXN001874,CUST0022,2025-11-08,debit,dining_entertainment,1830,Dining and entertainment
TXN001875,CUST0022,2025-12-02,credit,business_income,20400,Business receipt
TXN001876,CUST0022,2025-12-05,debit,rent,3090,House rent
TXN001877,CUST0022,2025-12-07,debit,groceries,2620,Groceries
TXN001878,CUST0022,2025-12-12,debit,utilities,620,Electricity and water
TXN001879,CUST0022,2025-12-16,debit,transport,1110,Fuel and commute
TXN001880,CUST0022,2025-12-25,debit,dining_entertainment,1790,Dining and entertainment
TXN001881,CUST0022,2026-01-03,credit,business_income,17300,Business receipt
TXN001882,CUST0022,2026-01-05,debit,rent,3330,House rent
TXN001883,CUST0022,2026-01-18,debit,groceries,2370,Groceries
TXN001884,CUST0022,2026-01-12,debit,utilities,570,Electricity and water
TXN001885,CUST0022,2026-01-12,debit,transport,1070,Fuel and commute
TXN001886,CUST0022,2026-01-12,debit,dining_entertainment,960,Dining and entertainment
TXN001887,CUST0022,2026-02-02,credit,business_income,14800,Business receipt
TXN001888,CUST0022,2026-02-05,debit,rent,2960,House rent
TXN001889,CUST0022,2026-02-15,debit,groceries,2060,Groceries
TXN001890,CUST0022,2026-02-12,debit,utilities,780,Electricity and water
TXN001891,CUST0022,2026-02-15,debit,transport,1510,Fuel and commute
TXN001892,CUST0022,2026-02-08,debit,dining_entertainment,1690,Dining and entertainment
TXN001893,CUST0022,2026-02-18,debit,insurance_premium,19980,Insurance premium
TXN001894,CUST0022,2026-02-25,debit,shopping,1570,Online shopping
TXN001895,CUST0022,2026-03-01,credit,business_income,13800,Business receipt
TXN001896,CUST0022,2026-03-05,debit,rent,3000,House rent
TXN001897,CUST0022,2026-03-12,debit,groceries,2710,Groceries
TXN001898,CUST0022,2026-03-12,debit,utilities,860,Electricity and water
TXN001899,CUST0022,2026-03-12,debit,transport,1350,Fuel and commute
TXN001900,CUST0022,2026-03-23,debit,dining_entertainment,840,Dining and entertainment
TXN001901,CUST0022,2026-03-24,debit,shopping,670,Online shopping
TXN001902,CUST0022,2026-04-01,credit,business_income,17200,Business receipt
TXN001903,CUST0022,2026-04-05,debit,rent,3170,House rent
TXN001904,CUST0022,2026-04-06,debit,groceries,2620,Groceries
TXN001905,CUST0022,2026-04-12,debit,utilities,540,Electricity and water
TXN001906,CUST0022,2026-04-13,debit,transport,1250,Fuel and commute
TXN001907,CUST0022,2026-04-14,debit,dining_entertainment,1780,Dining and entertainment
TXN001908,CUST0022,2026-04-03,debit,shopping,1540,Online shopping
TXN001909,CUST0022,2026-05-03,credit,business_income,12100,Business receipt
TXN001910,CUST0022,2026-05-05,debit,rent,3470,House rent
TXN001911,CUST0022,2026-05-11,debit,groceries,2670,Groceries
TXN001912,CUST0022,2026-05-12,debit,utilities,690,Electricity and water
TXN001913,CUST0022,2026-05-17,debit,transport,1410,Fuel and commute
TXN001914,CUST0022,2026-05-10,debit,dining_entertainment,1440,Dining and entertainment
TXN001915,CUST0022,2026-06-01,credit,business_income,11200,Business receipt
TXN001916,CUST0022,2026-06-05,debit,rent,3330,House rent
TXN001917,CUST0022,2026-06-08,debit,groceries,2690,Groceries
TXN001918,CUST0022,2026-06-12,debit,utilities,970,Electricity and water
TXN001919,CUST0022,2026-06-13,debit,transport,1140,Fuel and commute
TXN001920,CUST0022,2026-06-24,debit,dining_entertainment,1950,Dining and entertainment
TXN001921,CUST0022,2026-07-01,credit,business_income,19400,Business receipt
TXN001922,CUST0022,2026-07-05,debit,rent,3150,House rent
TXN001923,CUST0022,2026-07-08,debit,groceries,2680,Groceries
TXN001924,CUST0022,2026-07-12,debit,utilities,940,Electricity and water
TXN001925,CUST0022,2026-07-23,debit,transport,1520,Fuel and commute
TXN001926,CUST0022,2026-07-15,debit,dining_entertainment,1080,Dining and entertainment
TXN001927,CUST0022,2026-08-02,credit,business_income,14800,Business receipt
TXN001928,CUST0022,2026-08-05,debit,rent,2940,House rent
TXN001929,CUST0022,2026-08-18,debit,groceries,1690,Groceries
TXN001930,CUST0022,2026-08-12,debit,utilities,690,Electricity and water
TXN001931,CUST0022,2026-08-11,debit,transport,920,Fuel and commute
TXN001932,CUST0022,2026-08-23,debit,dining_entertainment,920,Dining and entertainment
TXN001933,CUST0023,2025-09-02,credit,salary,11200,Monthly credit
TXN001934,CUST0023,2025-09-05,debit,rent,2500,House rent
TXN001935,CUST0023,2025-09-09,debit,groceries,1690,Groceries
TXN001936,CUST0023,2025-09-12,debit,utilities,630,Electricity and water
TXN001937,CUST0023,2025-09-25,debit,transport,960,Fuel and commute
TXN001938,CUST0023,2025-09-19,debit,dining_entertainment,1310,Dining and entertainment
TXN001939,CUST0023,2025-09-07,debit,emi,3770,Loan EMI
TXN001940,CUST0023,2025-10-02,credit,salary,11100,Monthly credit
TXN001941,CUST0023,2025-10-05,debit,rent,2620,House rent
TXN001942,CUST0023,2025-10-07,debit,groceries,1550,Groceries
TXN001943,CUST0023,2025-10-12,debit,utilities,380,Electricity and water
TXN001944,CUST0023,2025-10-13,debit,transport,680,Fuel and commute
TXN001945,CUST0023,2025-10-13,debit,dining_entertainment,1140,Dining and entertainment
TXN001946,CUST0023,2025-10-07,debit,emi,3760,Loan EMI
TXN001947,CUST0023,2025-11-02,credit,salary,11300,Monthly credit
TXN001948,CUST0023,2025-11-05,debit,rent,2420,House rent
TXN001949,CUST0023,2025-11-17,debit,groceries,1680,Groceries
TXN001950,CUST0023,2025-11-12,debit,utilities,500,Electricity and water
TXN001951,CUST0023,2025-11-18,debit,transport,880,Fuel and commute
TXN001952,CUST0023,2025-11-20,debit,dining_entertainment,1160,Dining and entertainment
TXN001953,CUST0023,2025-11-07,debit,emi,3790,Loan EMI
TXN001954,CUST0023,2025-12-03,credit,salary,11500,Monthly credit
TXN001955,CUST0023,2025-12-05,debit,rent,2500,House rent
TXN001956,CUST0023,2025-12-07,debit,groceries,1620,Groceries
TXN001957,CUST0023,2025-12-12,debit,utilities,380,Electricity and water
TXN001958,CUST0023,2025-12-17,debit,transport,730,Fuel and commute
TXN001959,CUST0023,2025-12-12,debit,dining_entertainment,1050,Dining and entertainment
TXN001960,CUST0023,2025-12-07,debit,emi,3760,Loan EMI
TXN001961,CUST0023,2026-01-01,credit,salary,11300,Monthly credit
TXN001962,CUST0023,2026-01-05,debit,rent,2860,House rent
TXN001963,CUST0023,2026-01-16,debit,groceries,1320,Groceries
TXN001964,CUST0023,2026-01-12,debit,utilities,450,Electricity and water
TXN001965,CUST0023,2026-01-13,debit,transport,620,Fuel and commute
TXN001966,CUST0023,2026-01-24,debit,dining_entertainment,1160,Dining and entertainment
TXN001967,CUST0023,2026-01-07,debit,emi,3820,Loan EMI
TXN001968,CUST0023,2026-01-18,debit,shopping,1010,Online shopping
TXN001969,CUST0023,2026-02-03,credit,salary,11300,Monthly credit
TXN001970,CUST0023,2026-02-05,debit,rent,2530,House rent
TXN001971,CUST0023,2026-02-14,debit,groceries,1700,Groceries
TXN001972,CUST0023,2026-02-12,debit,utilities,340,Electricity and water
TXN001973,CUST0023,2026-02-23,debit,transport,880,Fuel and commute
TXN001974,CUST0023,2026-02-11,debit,dining_entertainment,1260,Dining and entertainment
TXN001975,CUST0023,2026-02-07,debit,emi,3790,Loan EMI
TXN001976,CUST0023,2026-03-01,credit,salary,11300,Monthly credit
TXN001977,CUST0023,2026-03-05,debit,rent,2440,House rent
TXN001978,CUST0023,2026-03-18,debit,groceries,1540,Groceries
TXN001979,CUST0023,2026-03-12,debit,utilities,440,Electricity and water
TXN001980,CUST0023,2026-03-25,debit,transport,850,Fuel and commute
TXN001981,CUST0023,2026-03-17,debit,dining_entertainment,890,Dining and entertainment
TXN001982,CUST0023,2026-03-07,debit,emi,3810,Loan EMI
TXN001983,CUST0023,2026-03-24,debit,shopping,1020,Online shopping
TXN001984,CUST0023,2026-04-03,credit,salary,11300,Monthly credit
TXN001985,CUST0023,2026-04-05,debit,rent,2650,House rent
TXN001986,CUST0023,2026-04-19,debit,groceries,1390,Groceries
TXN001987,CUST0023,2026-04-12,debit,utilities,390,Electricity and water
TXN001988,CUST0023,2026-04-18,debit,transport,480,Fuel and commute
TXN001989,CUST0023,2026-04-20,debit,dining_entertainment,940,Dining and entertainment
TXN001990,CUST0023,2026-04-07,debit,emi,3800,Loan EMI
TXN001991,CUST0023,2026-04-18,debit,insurance_premium,9260,Insurance premium
TXN001992,CUST0023,2026-05-01,credit,salary,11100,Monthly credit
TXN001993,CUST0023,2026-05-05,debit,rent,2420,House rent
TXN001994,CUST0023,2026-05-18,debit,groceries,1310,Groceries
TXN001995,CUST0023,2026-05-12,debit,utilities,590,Electricity and water
TXN001996,CUST0023,2026-05-20,debit,transport,460,Fuel and commute
TXN001997,CUST0023,2026-05-21,debit,dining_entertainment,850,Dining and entertainment
TXN001998,CUST0023,2026-05-07,debit,emi,3780,Loan EMI
TXN001999,CUST0023,2026-06-01,credit,salary,11400,Monthly credit
TXN002000,CUST0023,2026-06-05,debit,rent,2470,House rent
TXN002001,CUST0023,2026-06-07,debit,groceries,1260,Groceries
TXN002002,CUST0023,2026-06-12,debit,utilities,640,Electricity and water
TXN002003,CUST0023,2026-06-19,debit,transport,490,Fuel and commute
TXN002004,CUST0023,2026-06-13,debit,dining_entertainment,630,Dining and entertainment
TXN002005,CUST0023,2026-06-07,debit,emi,3760,Loan EMI
TXN002006,CUST0023,2026-07-03,credit,salary,11400,Monthly credit
TXN002007,CUST0023,2026-07-05,debit,rent,2620,House rent
TXN002008,CUST0023,2026-07-06,debit,groceries,1350,Groceries
TXN002009,CUST0023,2026-07-12,debit,utilities,570,Electricity and water
TXN002010,CUST0023,2026-07-20,debit,transport,780,Fuel and commute
TXN002011,CUST0023,2026-07-20,debit,dining_entertainment,850,Dining and entertainment
TXN002012,CUST0023,2026-07-07,debit,emi,3780,Loan EMI
TXN002013,CUST0023,2026-08-01,credit,salary,11400,Monthly credit
TXN002014,CUST0023,2026-08-05,debit,rent,2530,House rent
TXN002015,CUST0023,2026-08-18,debit,groceries,1410,Groceries
TXN002016,CUST0023,2026-08-12,debit,utilities,560,Electricity and water
TXN002017,CUST0023,2026-08-19,debit,transport,540,Fuel and commute
TXN002018,CUST0023,2026-08-21,debit,dining_entertainment,840,Dining and entertainment
TXN002019,CUST0023,2026-08-07,debit,emi,3770,Loan EMI
TXN002020,CUST0024,2025-09-01,credit,salary,6400,Monthly credit
TXN002021,CUST0024,2025-09-05,debit,maintenance,170,Society maintenance
TXN002022,CUST0024,2025-09-18,debit,groceries,840,Groceries
TXN002023,CUST0024,2025-09-12,debit,utilities,230,Electricity and water
TXN002024,CUST0024,2025-09-12,debit,transport,500,Fuel and commute
TXN002025,CUST0024,2025-09-26,debit,dining_entertainment,640,Dining and entertainment
TXN002026,CUST0024,2025-09-28,credit,interest_payout,330,Deposit interest payout
TXN002027,CUST0024,2025-10-01,credit,salary,6400,Monthly credit
TXN002028,CUST0024,2025-10-05,debit,maintenance,180,Society maintenance
TXN002029,CUST0024,2025-10-19,debit,groceries,610,Groceries
TXN002030,CUST0024,2025-10-12,debit,utilities,250,Electricity and water
TXN002031,CUST0024,2025-10-23,debit,transport,520,Fuel and commute
TXN002032,CUST0024,2025-10-18,debit,dining_entertainment,620,Dining and entertainment
TXN002033,CUST0024,2025-10-28,credit,interest_payout,240,Deposit interest payout
TXN002034,CUST0024,2025-11-01,credit,salary,6500,Monthly credit
TXN002035,CUST0024,2025-11-05,debit,maintenance,220,Society maintenance
TXN002036,CUST0024,2025-11-14,debit,groceries,870,Groceries
TXN002037,CUST0024,2025-11-12,debit,utilities,360,Electricity and water
TXN002038,CUST0024,2025-11-16,debit,transport,440,Fuel and commute
TXN002039,CUST0024,2025-11-22,debit,dining_entertainment,620,Dining and entertainment
TXN002040,CUST0024,2025-11-28,credit,interest_payout,350,Deposit interest payout
TXN002041,CUST0024,2025-12-03,credit,salary,6600,Monthly credit
TXN002042,CUST0024,2025-12-05,debit,maintenance,210,Society maintenance
TXN002043,CUST0024,2025-12-09,debit,groceries,610,Groceries
TXN002044,CUST0024,2025-12-12,debit,utilities,260,Electricity and water
TXN002045,CUST0024,2025-12-14,debit,transport,300,Fuel and commute
TXN002046,CUST0024,2025-12-17,debit,dining_entertainment,660,Dining and entertainment
TXN002047,CUST0024,2025-12-18,debit,insurance_premium,8180,Insurance premium
TXN002048,CUST0024,2026-01-02,credit,salary,6500,Monthly credit
TXN002049,CUST0024,2026-01-05,debit,maintenance,170,Society maintenance
TXN002050,CUST0024,2026-01-08,debit,groceries,710,Groceries
TXN002051,CUST0024,2026-01-12,debit,utilities,240,Electricity and water
TXN002052,CUST0024,2026-01-22,debit,transport,450,Fuel and commute
TXN002053,CUST0024,2026-01-12,debit,dining_entertainment,420,Dining and entertainment
TXN002054,CUST0024,2026-01-17,debit,shopping,670,Online shopping
TXN002055,CUST0024,2026-01-28,credit,interest_payout,380,Deposit interest payout
TXN002056,CUST0024,2026-02-01,credit,salary,6400,Monthly credit
TXN002057,CUST0024,2026-02-05,debit,maintenance,170,Society maintenance
TXN002058,CUST0024,2026-02-06,debit,groceries,700,Groceries
TXN002059,CUST0024,2026-02-12,debit,utilities,240,Electricity and water
TXN002060,CUST0024,2026-02-15,debit,transport,520,Fuel and commute
TXN002061,CUST0024,2026-02-09,debit,dining_entertainment,610,Dining and entertainment
TXN002062,CUST0024,2026-02-28,credit,interest_payout,350,Deposit interest payout
TXN002063,CUST0024,2026-03-03,credit,salary,6300,Monthly credit
TXN002064,CUST0024,2026-03-05,debit,maintenance,170,Society maintenance
TXN002065,CUST0024,2026-03-12,debit,groceries,610,Groceries
TXN002066,CUST0024,2026-03-12,debit,utilities,360,Electricity and water
TXN002067,CUST0024,2026-03-12,debit,transport,470,Fuel and commute
TXN002068,CUST0024,2026-03-12,debit,dining_entertainment,490,Dining and entertainment
TXN002069,CUST0024,2026-03-28,credit,interest_payout,200,Deposit interest payout
TXN002070,CUST0024,2026-04-03,credit,salary,6500,Monthly credit
TXN002071,CUST0024,2026-04-05,debit,maintenance,230,Society maintenance
TXN002072,CUST0024,2026-04-10,debit,groceries,1000,Groceries
TXN002073,CUST0024,2026-04-12,debit,utilities,290,Electricity and water
TXN002074,CUST0024,2026-04-13,debit,transport,280,Fuel and commute
TXN002075,CUST0024,2026-04-18,debit,dining_entertainment,670,Dining and entertainment
TXN002076,CUST0024,2026-04-28,credit,interest_payout,320,Deposit interest payout
TXN002077,CUST0024,2026-05-02,credit,salary,6400,Monthly credit
TXN002078,CUST0024,2026-05-05,debit,maintenance,170,Society maintenance
TXN002079,CUST0024,2026-05-09,debit,groceries,630,Groceries
TXN002080,CUST0024,2026-05-12,debit,utilities,380,Electricity and water
TXN002081,CUST0024,2026-05-18,debit,transport,400,Fuel and commute
TXN002082,CUST0024,2026-05-09,debit,dining_entertainment,710,Dining and entertainment
TXN002083,CUST0024,2026-06-02,credit,salary,6400,Monthly credit
TXN002084,CUST0024,2026-06-05,debit,maintenance,190,Society maintenance
TXN002085,CUST0024,2026-06-10,debit,groceries,690,Groceries
TXN002086,CUST0024,2026-06-12,debit,utilities,360,Electricity and water
TXN002087,CUST0024,2026-06-21,debit,transport,560,Fuel and commute
TXN002088,CUST0024,2026-06-19,debit,dining_entertainment,530,Dining and entertainment
TXN002089,CUST0024,2026-06-22,debit,shopping,760,Online shopping
TXN002090,CUST0024,2026-06-28,credit,interest_payout,320,Deposit interest payout
TXN002091,CUST0024,2026-07-01,credit,salary,6500,Monthly credit
TXN002092,CUST0024,2026-07-05,debit,maintenance,200,Society maintenance
TXN002093,CUST0024,2026-07-09,debit,groceries,940,Groceries
TXN002094,CUST0024,2026-07-12,debit,utilities,240,Electricity and water
TXN002095,CUST0024,2026-07-21,debit,transport,380,Fuel and commute
TXN002096,CUST0024,2026-07-11,debit,dining_entertainment,730,Dining and entertainment
TXN002097,CUST0024,2026-07-03,debit,shopping,450,Online shopping
TXN002098,CUST0024,2026-08-02,credit,salary,6400,Monthly credit
TXN002099,CUST0024,2026-08-05,debit,maintenance,170,Society maintenance
TXN002100,CUST0024,2026-08-18,debit,groceries,1010,Groceries
TXN002101,CUST0024,2026-08-12,debit,utilities,240,Electricity and water
TXN002102,CUST0024,2026-08-15,debit,transport,320,Fuel and commute
TXN002103,CUST0024,2026-08-18,debit,dining_entertainment,740,Dining and entertainment
TXN002104,CUST0024,2026-08-28,credit,interest_payout,200,Deposit interest payout
TXN002105,CUST0025,2025-09-02,credit,salary,6300,Monthly credit
TXN002106,CUST0025,2025-09-05,debit,rent,1430,House rent
TXN002107,CUST0025,2025-09-12,debit,groceries,710,Groceries
TXN002108,CUST0025,2025-09-12,debit,utilities,350,Electricity and water
TXN002109,CUST0025,2025-09-15,debit,transport,510,Fuel and commute
TXN002110,CUST0025,2025-09-24,debit,dining_entertainment,620,Dining and entertainment
TXN002111,CUST0025,2025-09-07,debit,emi,1920,Loan EMI
TXN002112,CUST0025,2025-10-02,credit,salary,6300,Monthly credit
TXN002113,CUST0025,2025-10-05,debit,rent,1310,House rent
TXN002114,CUST0025,2025-10-06,debit,groceries,580,Groceries
TXN002115,CUST0025,2025-10-12,debit,utilities,310,Electricity and water
TXN002116,CUST0025,2025-10-24,debit,transport,310,Fuel and commute
TXN002117,CUST0025,2025-10-12,debit,dining_entertainment,660,Dining and entertainment
TXN002118,CUST0025,2025-10-07,debit,emi,1920,Loan EMI
TXN002119,CUST0025,2025-11-01,credit,salary,6300,Monthly credit
TXN002120,CUST0025,2025-11-05,debit,rent,1230,House rent
TXN002121,CUST0025,2025-11-18,debit,groceries,790,Groceries
TXN002122,CUST0025,2025-11-12,debit,utilities,340,Electricity and water
TXN002123,CUST0025,2025-11-23,debit,transport,490,Fuel and commute
TXN002124,CUST0025,2025-11-18,debit,dining_entertainment,660,Dining and entertainment
TXN002125,CUST0025,2025-11-07,debit,emi,1930,Loan EMI
TXN002126,CUST0025,2025-11-21,debit,shopping,280,Online shopping
TXN002127,CUST0025,2025-12-02,credit,salary,6400,Monthly credit
TXN002128,CUST0025,2025-12-05,debit,rent,1240,House rent
TXN002129,CUST0025,2025-12-08,debit,groceries,750,Groceries
TXN002130,CUST0025,2025-12-12,debit,utilities,260,Electricity and water
TXN002131,CUST0025,2025-12-17,debit,transport,370,Fuel and commute
TXN002132,CUST0025,2025-12-08,debit,dining_entertainment,310,Dining and entertainment
TXN002133,CUST0025,2025-12-07,debit,emi,1950,Loan EMI
TXN002134,CUST0025,2026-01-02,credit,salary,6400,Monthly credit
TXN002135,CUST0025,2026-01-05,debit,rent,1240,House rent
TXN002136,CUST0025,2026-01-08,debit,groceries,880,Groceries
TXN002137,CUST0025,2026-01-12,debit,utilities,190,Electricity and water
TXN002138,CUST0025,2026-01-18,debit,transport,440,Fuel and commute
TXN002139,CUST0025,2026-01-19,debit,dining_entertainment,370,Dining and entertainment
TXN002140,CUST0025,2026-01-07,debit,emi,1920,Loan EMI
TXN002141,CUST0025,2026-01-27,debit,shopping,480,Online shopping
TXN002142,CUST0025,2026-02-02,credit,salary,6400,Monthly credit
TXN002143,CUST0025,2026-02-05,debit,rent,1410,House rent
TXN002144,CUST0025,2026-02-09,debit,groceries,780,Groceries
TXN002145,CUST0025,2026-02-12,debit,utilities,320,Electricity and water
TXN002146,CUST0025,2026-02-18,debit,transport,310,Fuel and commute
TXN002147,CUST0025,2026-02-23,debit,dining_entertainment,430,Dining and entertainment
TXN002148,CUST0025,2026-02-07,debit,emi,1930,Loan EMI
TXN002149,CUST0025,2026-02-12,debit,shopping,310,Online shopping
TXN002150,CUST0025,2026-03-01,credit,salary,6300,Monthly credit
TXN002151,CUST0025,2026-03-05,debit,rent,1300,House rent
TXN002152,CUST0025,2026-03-08,debit,groceries,750,Groceries
TXN002153,CUST0025,2026-03-12,debit,utilities,190,Electricity and water
TXN002154,CUST0025,2026-03-17,debit,transport,560,Fuel and commute
TXN002155,CUST0025,2026-03-15,debit,dining_entertainment,580,Dining and entertainment
TXN002156,CUST0025,2026-03-07,debit,emi,1930,Loan EMI
TXN002157,CUST0025,2026-04-01,credit,salary,6200,Monthly credit
TXN002158,CUST0025,2026-04-05,debit,rent,1420,House rent
TXN002159,CUST0025,2026-04-12,debit,groceries,1000,Groceries
TXN002160,CUST0025,2026-04-12,debit,utilities,320,Electricity and water
TXN002161,CUST0025,2026-04-23,debit,transport,470,Fuel and commute
TXN002162,CUST0025,2026-04-16,debit,dining_entertainment,630,Dining and entertainment
TXN002163,CUST0025,2026-04-07,debit,emi,1920,Loan EMI
TXN002164,CUST0025,2026-04-18,debit,insurance_premium,6340,Insurance premium
TXN002165,CUST0025,2026-04-17,debit,medical,2380,Medical expenses
TXN002166,CUST0025,2026-05-03,credit,salary,6400,Monthly credit
TXN002167,CUST0025,2026-05-05,debit,rent,1440,House rent
TXN002168,CUST0025,2026-05-17,debit,groceries,830,Groceries
TXN002169,CUST0025,2026-05-12,debit,utilities,340,Electricity and water
TXN002170,CUST0025,2026-05-22,debit,transport,250,Fuel and commute
TXN002171,CUST0025,2026-05-20,debit,dining_entertainment,440,Dining and entertainment
TXN002172,CUST0025,2026-05-07,debit,emi,1940,Loan EMI
TXN002173,CUST0025,2026-06-01,credit,salary,6200,Monthly credit
TXN002174,CUST0025,2026-06-05,debit,rent,1260,House rent
TXN002175,CUST0025,2026-06-20,debit,groceries,790,Groceries
TXN002176,CUST0025,2026-06-12,debit,utilities,250,Electricity and water
TXN002177,CUST0025,2026-06-12,debit,transport,400,Fuel and commute
TXN002178,CUST0025,2026-06-24,debit,dining_entertainment,440,Dining and entertainment
TXN002179,CUST0025,2026-06-07,debit,emi,1930,Loan EMI
TXN002180,CUST0025,2026-07-02,credit,salary,6400,Monthly credit
TXN002181,CUST0025,2026-07-05,debit,rent,1420,House rent
TXN002182,CUST0025,2026-07-17,debit,groceries,940,Groceries
TXN002183,CUST0025,2026-07-12,debit,utilities,250,Electricity and water
TXN002184,CUST0025,2026-07-18,debit,transport,380,Fuel and commute
TXN002185,CUST0025,2026-07-16,debit,dining_entertainment,580,Dining and entertainment
TXN002186,CUST0025,2026-07-07,debit,emi,1940,Loan EMI
TXN002187,CUST0025,2026-07-18,debit,shopping,600,Online shopping
TXN002188,CUST0025,2026-08-01,credit,salary,6300,Monthly credit
TXN002189,CUST0025,2026-08-05,debit,rent,1330,House rent
TXN002190,CUST0025,2026-08-16,debit,groceries,970,Groceries
TXN002191,CUST0025,2026-08-12,debit,utilities,340,Electricity and water
TXN002192,CUST0025,2026-08-14,debit,transport,270,Fuel and commute
TXN002193,CUST0025,2026-08-13,debit,dining_entertainment,320,Dining and entertainment
TXN002194,CUST0025,2026-08-07,debit,emi,1920,Loan EMI
TXN002195,CUST0026,2025-09-03,credit,salary,12300,Monthly credit
TXN002196,CUST0026,2025-09-05,debit,maintenance,370,Society maintenance
TXN002197,CUST0026,2025-09-07,debit,groceries,1500,Groceries
TXN002198,CUST0026,2025-09-12,debit,utilities,680,Electricity and water
TXN002199,CUST0026,2025-09-13,debit,transport,1020,Fuel and commute
TXN002200,CUST0026,2025-09-14,debit,dining_entertainment,900,Dining and entertainment
TXN002201,CUST0026,2025-09-18,debit,insurance_premium,15800,Insurance premium
TXN002202,CUST0026,2025-09-15,debit,school_fees,6040,School fees
TXN002203,CUST0026,2025-10-03,credit,salary,12200,Monthly credit
TXN002204,CUST0026,2025-10-05,debit,maintenance,380,Society maintenance
TXN002205,CUST0026,2025-10-06,debit,groceries,1610,Groceries
TXN002206,CUST0026,2025-10-12,debit,utilities,560,Electricity and water
TXN002207,CUST0026,2025-10-23,debit,transport,840,Fuel and commute
TXN002208,CUST0026,2025-10-15,debit,dining_entertainment,1400,Dining and entertainment
TXN002209,CUST0026,2025-11-01,credit,salary,12500,Monthly credit
TXN002210,CUST0026,2025-11-05,debit,maintenance,330,Society maintenance
TXN002211,CUST0026,2025-11-07,debit,groceries,1950,Groceries
TXN002212,CUST0026,2025-11-12,debit,utilities,510,Electricity and water
TXN002213,CUST0026,2025-11-13,debit,transport,850,Fuel and commute
TXN002214,CUST0026,2025-11-12,debit,dining_entertainment,1330,Dining and entertainment
TXN002215,CUST0026,2025-11-24,debit,medical,2600,Medical expenses
TXN002216,CUST0026,2025-12-02,credit,salary,12300,Monthly credit
TXN002217,CUST0026,2025-12-05,debit,maintenance,380,Society maintenance
TXN002218,CUST0026,2025-12-06,debit,groceries,1110,Groceries
TXN002219,CUST0026,2025-12-12,debit,utilities,610,Electricity and water
TXN002220,CUST0026,2025-12-20,debit,transport,1070,Fuel and commute
TXN002221,CUST0026,2025-12-26,debit,dining_entertainment,1430,Dining and entertainment
TXN002222,CUST0026,2025-12-15,debit,school_fees,5730,School fees
TXN002223,CUST0026,2026-01-01,credit,salary,12200,Monthly credit
TXN002224,CUST0026,2026-01-05,debit,maintenance,400,Society maintenance
TXN002225,CUST0026,2026-01-15,debit,groceries,1580,Groceries
TXN002226,CUST0026,2026-01-12,debit,utilities,510,Electricity and water
TXN002227,CUST0026,2026-01-15,debit,transport,730,Fuel and commute
TXN002228,CUST0026,2026-01-20,debit,dining_entertainment,800,Dining and entertainment
TXN002229,CUST0026,2026-02-02,credit,salary,12100,Monthly credit
TXN002230,CUST0026,2026-02-05,debit,maintenance,330,Society maintenance
TXN002231,CUST0026,2026-02-16,debit,groceries,1750,Groceries
TXN002232,CUST0026,2026-02-12,debit,utilities,420,Electricity and water
TXN002233,CUST0026,2026-02-23,debit,transport,670,Fuel and commute
TXN002234,CUST0026,2026-02-17,debit,dining_entertainment,1240,Dining and entertainment
TXN002235,CUST0026,2026-03-01,credit,salary,12200,Monthly credit
TXN002236,CUST0026,2026-03-05,debit,maintenance,410,Society maintenance
TXN002237,CUST0026,2026-03-13,debit,groceries,1550,Groceries
TXN002238,CUST0026,2026-03-12,debit,utilities,530,Electricity and water
TXN002239,CUST0026,2026-03-18,debit,transport,730,Fuel and commute
TXN002240,CUST0026,2026-03-21,debit,dining_entertainment,1090,Dining and entertainment
TXN002241,CUST0026,2026-03-15,debit,school_fees,5480,School fees
TXN002242,CUST0026,2026-04-03,credit,salary,12100,Monthly credit
TXN002243,CUST0026,2026-04-05,debit,maintenance,350,Society maintenance
TXN002244,CUST0026,2026-04-11,debit,groceries,1140,Groceries
TXN002245,CUST0026,2026-04-12,debit,utilities,730,Electricity and water
TXN002246,CUST0026,2026-04-14,debit,transport,910,Fuel and commute
TXN002247,CUST0026,2026-04-24,debit,dining_entertainment,1410,Dining and entertainment
TXN002248,CUST0026,2026-05-02,credit,salary,12200,Monthly credit
TXN002249,CUST0026,2026-05-05,debit,maintenance,300,Society maintenance
TXN002250,CUST0026,2026-05-10,debit,groceries,1800,Groceries
TXN002251,CUST0026,2026-05-12,debit,utilities,420,Electricity and water
TXN002252,CUST0026,2026-05-19,debit,transport,570,Fuel and commute
TXN002253,CUST0026,2026-05-24,debit,dining_entertainment,1330,Dining and entertainment
TXN002254,CUST0026,2026-06-01,credit,salary,12300,Monthly credit
TXN002255,CUST0026,2026-06-05,debit,maintenance,370,Society maintenance
TXN002256,CUST0026,2026-06-12,debit,groceries,1550,Groceries
TXN002257,CUST0026,2026-06-12,debit,utilities,400,Electricity and water
TXN002258,CUST0026,2026-06-18,debit,transport,900,Fuel and commute
TXN002259,CUST0026,2026-06-26,debit,dining_entertainment,900,Dining and entertainment
TXN002260,CUST0026,2026-06-15,debit,school_fees,5430,School fees
TXN002261,CUST0026,2026-06-08,debit,shopping,1100,Online shopping
TXN002262,CUST0026,2026-07-02,credit,salary,12400,Monthly credit
TXN002263,CUST0026,2026-07-05,debit,maintenance,300,Society maintenance
TXN002264,CUST0026,2026-07-17,debit,groceries,1460,Groceries
TXN002265,CUST0026,2026-07-12,debit,utilities,480,Electricity and water
TXN002266,CUST0026,2026-07-24,debit,transport,850,Fuel and commute
TXN002267,CUST0026,2026-07-22,debit,dining_entertainment,1260,Dining and entertainment
TXN002268,CUST0026,2026-08-01,credit,salary,12500,Monthly credit
TXN002269,CUST0026,2026-08-05,debit,maintenance,320,Society maintenance
TXN002270,CUST0026,2026-08-15,debit,groceries,1170,Groceries
TXN002271,CUST0026,2026-08-12,debit,utilities,460,Electricity and water
TXN002272,CUST0026,2026-08-23,debit,transport,900,Fuel and commute
TXN002273,CUST0026,2026-08-08,debit,dining_entertainment,1060,Dining and entertainment
TXN002274,CUST0026,2026-08-17,debit,shopping,1090,Online shopping
TXN002275,CUST0027,2025-09-03,credit,salary,5800,Monthly credit
TXN002276,CUST0027,2025-09-05,debit,rent,1450,House rent
TXN002277,CUST0027,2025-09-19,debit,groceries,630,Groceries
TXN002278,CUST0027,2025-09-12,debit,utilities,340,Electricity and water
TXN002279,CUST0027,2025-09-22,debit,transport,330,Fuel and commute
TXN002280,CUST0027,2025-09-10,debit,dining_entertainment,600,Dining and entertainment
TXN002281,CUST0027,2025-09-15,debit,school_fees,2650,School fees
TXN002282,CUST0027,2025-09-02,debit,medical,510,Medical expenses
TXN002283,CUST0027,2025-10-01,credit,salary,5600,Monthly credit
TXN002284,CUST0027,2025-10-05,debit,rent,1310,House rent
TXN002285,CUST0027,2025-10-16,debit,groceries,770,Groceries
TXN002286,CUST0027,2025-10-12,debit,utilities,210,Electricity and water
TXN002287,CUST0027,2025-10-16,debit,transport,470,Fuel and commute
TXN002288,CUST0027,2025-10-22,debit,dining_entertainment,310,Dining and entertainment
TXN002289,CUST0027,2025-11-01,credit,salary,5600,Monthly credit
TXN002290,CUST0027,2025-11-05,debit,rent,1450,House rent
TXN002291,CUST0027,2025-11-13,debit,groceries,690,Groceries
TXN002292,CUST0027,2025-11-12,debit,utilities,250,Electricity and water
TXN002293,CUST0027,2025-11-17,debit,transport,470,Fuel and commute
TXN002294,CUST0027,2025-11-26,debit,dining_entertainment,350,Dining and entertainment
TXN002295,CUST0027,2025-12-01,credit,salary,5700,Monthly credit
TXN002296,CUST0027,2025-12-05,debit,rent,1420,House rent
TXN002297,CUST0027,2025-12-12,debit,groceries,800,Groceries
TXN002298,CUST0027,2025-12-12,debit,utilities,310,Electricity and water
TXN002299,CUST0027,2025-12-19,debit,transport,440,Fuel and commute
TXN002300,CUST0027,2025-12-20,debit,dining_entertainment,290,Dining and entertainment
TXN002301,CUST0027,2025-12-15,debit,school_fees,3690,School fees
TXN002302,CUST0027,2026-01-02,credit,salary,5700,Monthly credit
TXN002303,CUST0027,2026-01-05,debit,rent,1310,House rent
TXN002304,CUST0027,2026-01-06,debit,groceries,540,Groceries
TXN002305,CUST0027,2026-01-12,debit,utilities,240,Electricity and water
TXN002306,CUST0027,2026-01-12,debit,transport,320,Fuel and commute
TXN002307,CUST0027,2026-01-21,debit,dining_entertainment,380,Dining and entertainment
TXN002308,CUST0027,2026-01-23,debit,shopping,490,Online shopping
TXN002309,CUST0027,2026-02-03,credit,salary,5700,Monthly credit
TXN002310,CUST0027,2026-02-05,debit,rent,1370,House rent
TXN002311,CUST0027,2026-02-17,debit,groceries,580,Groceries
TXN002312,CUST0027,2026-02-12,debit,utilities,200,Electricity and water
TXN002313,CUST0027,2026-02-17,debit,transport,320,Fuel and commute
TXN002314,CUST0027,2026-02-26,debit,dining_entertainment,480,Dining and entertainment
TXN002315,CUST0027,2026-03-03,credit,salary,5700,Monthly credit
TXN002316,CUST0027,2026-03-05,debit,rent,1430,House rent
TXN002317,CUST0027,2026-03-10,debit,groceries,570,Groceries
TXN002318,CUST0027,2026-03-12,debit,utilities,290,Electricity and water
TXN002319,CUST0027,2026-03-23,debit,transport,340,Fuel and commute
TXN002320,CUST0027,2026-03-19,debit,dining_entertainment,620,Dining and entertainment
TXN002321,CUST0027,2026-03-15,debit,school_fees,4580,School fees
TXN002322,CUST0027,2026-04-02,credit,salary,5700,Monthly credit
TXN002323,CUST0027,2026-04-05,debit,rent,1440,House rent
TXN002324,CUST0027,2026-04-13,debit,groceries,550,Groceries
TXN002325,CUST0027,2026-04-12,debit,utilities,190,Electricity and water
TXN002326,CUST0027,2026-04-25,debit,transport,280,Fuel and commute
TXN002327,CUST0027,2026-04-21,debit,dining_entertainment,310,Dining and entertainment
TXN002328,CUST0027,2026-05-03,credit,salary,5600,Monthly credit
TXN002329,CUST0027,2026-05-05,debit,rent,1260,House rent
TXN002330,CUST0027,2026-05-20,debit,groceries,520,Groceries
TXN002331,CUST0027,2026-05-12,debit,utilities,210,Electricity and water
TXN002332,CUST0027,2026-05-15,debit,transport,420,Fuel and commute
TXN002333,CUST0027,2026-05-24,debit,dining_entertainment,610,Dining and entertainment
TXN002334,CUST0027,2026-05-15,debit,medical,410,Medical expenses
TXN002335,CUST0027,2026-05-20,debit,shopping,280,Online shopping
TXN002336,CUST0027,2026-06-02,credit,salary,5600,Monthly credit
TXN002337,CUST0027,2026-06-05,debit,rent,1520,House rent
TXN002338,CUST0027,2026-06-18,debit,groceries,830,Groceries
TXN002339,CUST0027,2026-06-12,debit,utilities,180,Electricity and water
TXN002340,CUST0027,2026-06-18,debit,transport,480,Fuel and commute
TXN002341,CUST0027,2026-06-24,debit,dining_entertainment,640,Dining and entertainment
TXN002342,CUST0027,2026-06-15,debit,school_fees,4030,School fees
TXN002343,CUST0027,2026-06-17,debit,shopping,660,Online shopping
TXN002344,CUST0027,2026-07-01,credit,salary,5800,Monthly credit
TXN002345,CUST0027,2026-07-05,debit,rent,1520,House rent
TXN002346,CUST0027,2026-07-15,debit,groceries,830,Groceries
TXN002347,CUST0027,2026-07-12,debit,utilities,300,Electricity and water
TXN002348,CUST0027,2026-07-11,debit,transport,500,Fuel and commute
TXN002349,CUST0027,2026-07-13,debit,dining_entertainment,480,Dining and entertainment
TXN002350,CUST0027,2026-07-18,debit,insurance_premium,6130,Insurance premium
TXN002351,CUST0027,2026-08-02,credit,salary,5600,Monthly credit
TXN002352,CUST0027,2026-08-05,debit,rent,1440,House rent
TXN002353,CUST0027,2026-08-13,debit,groceries,820,Groceries
TXN002354,CUST0027,2026-08-12,debit,utilities,290,Electricity and water
TXN002355,CUST0027,2026-08-21,debit,transport,250,Fuel and commute
TXN002356,CUST0027,2026-08-12,debit,dining_entertainment,410,Dining and entertainment
TXN002357,CUST0027,2026-08-27,debit,shopping,670,Online shopping
TXN002358,CUST0028,2025-09-02,credit,business_income,18900,Business receipt
TXN002359,CUST0028,2025-09-05,debit,rent,7110,House rent
TXN002360,CUST0028,2025-09-11,debit,groceries,3510,Groceries
TXN002361,CUST0028,2025-09-12,debit,utilities,1200,Electricity and water
TXN002362,CUST0028,2025-09-23,debit,transport,1280,Fuel and commute
TXN002363,CUST0028,2025-09-12,debit,dining_entertainment,2570,Dining and entertainment
TXN002364,CUST0028,2025-09-07,debit,emi,5310,Loan EMI
TXN002365,CUST0028,2025-09-10,debit,sip_investment,4300,Mutual fund SIP
TXN002366,CUST0028,2025-09-15,debit,school_fees,14910,School fees
TXN002367,CUST0028,2025-10-03,credit,business_income,30600,Business receipt
TXN002368,CUST0028,2025-10-05,debit,rent,7090,House rent
TXN002369,CUST0028,2025-10-08,debit,groceries,2260,Groceries
TXN002370,CUST0028,2025-10-12,debit,utilities,1300,Electricity and water
TXN002371,CUST0028,2025-10-12,debit,transport,1860,Fuel and commute
TXN002372,CUST0028,2025-10-18,debit,dining_entertainment,1330,Dining and entertainment
TXN002373,CUST0028,2025-10-07,debit,emi,5270,Loan EMI
TXN002374,CUST0028,2025-10-10,debit,sip_investment,4300,Mutual fund SIP
TXN002375,CUST0028,2025-11-01,credit,business_income,22700,Business receipt
TXN002376,CUST0028,2025-11-05,debit,rent,7530,House rent
TXN002377,CUST0028,2025-11-20,debit,groceries,3310,Groceries
TXN002378,CUST0028,2025-11-12,debit,utilities,1160,Electricity and water
TXN002379,CUST0028,2025-11-19,debit,transport,2180,Fuel and commute
TXN002380,CUST0028,2025-11-25,debit,dining_entertainment,1920,Dining and entertainment
TXN002381,CUST0028,2025-11-07,debit,emi,5320,Loan EMI
TXN002382,CUST0028,2025-11-10,debit,sip_investment,4300,Mutual fund SIP
TXN002383,CUST0028,2025-12-02,credit,business_income,21900,Business receipt
TXN002384,CUST0028,2025-12-05,debit,rent,7880,House rent
TXN002385,CUST0028,2025-12-08,debit,groceries,3260,Groceries
TXN002386,CUST0028,2025-12-12,debit,utilities,1250,Electricity and water
TXN002387,CUST0028,2025-12-16,debit,transport,1530,Fuel and commute
TXN002388,CUST0028,2025-12-22,debit,dining_entertainment,2750,Dining and entertainment
TXN002389,CUST0028,2025-12-07,debit,emi,5300,Loan EMI
TXN002390,CUST0028,2025-12-10,debit,sip_investment,4300,Mutual fund SIP
TXN002391,CUST0028,2025-12-15,debit,school_fees,20740,School fees
TXN002392,CUST0028,2026-01-02,credit,business_income,19300,Business receipt
TXN002393,CUST0028,2026-01-05,debit,rent,6690,House rent
TXN002394,CUST0028,2026-01-12,debit,groceries,3130,Groceries
TXN002395,CUST0028,2026-01-12,debit,utilities,1270,Electricity and water
TXN002396,CUST0028,2026-01-14,debit,transport,1890,Fuel and commute
TXN002397,CUST0028,2026-01-25,debit,dining_entertainment,2100,Dining and entertainment
TXN002398,CUST0028,2026-01-07,debit,emi,5250,Loan EMI
TXN002399,CUST0028,2026-01-10,debit,sip_investment,4300,Mutual fund SIP
TXN002400,CUST0028,2026-02-03,credit,business_income,24900,Business receipt
TXN002401,CUST0028,2026-02-05,debit,rent,6800,House rent
TXN002402,CUST0028,2026-02-18,debit,groceries,2260,Groceries
TXN002403,CUST0028,2026-02-12,debit,utilities,1130,Electricity and water
TXN002404,CUST0028,2026-02-19,debit,transport,1300,Fuel and commute
TXN002405,CUST0028,2026-02-24,debit,dining_entertainment,2460,Dining and entertainment
TXN002406,CUST0028,2026-02-07,debit,emi,5230,Loan EMI
TXN002407,CUST0028,2026-02-10,debit,sip_investment,4300,Mutual fund SIP
TXN002408,CUST0028,2026-02-22,debit,medical,4430,Medical expenses
TXN002409,CUST0028,2026-03-03,credit,business_income,18100,Business receipt
TXN002410,CUST0028,2026-03-05,debit,rent,7940,House rent
TXN002411,CUST0028,2026-03-15,debit,groceries,2980,Groceries
TXN002412,CUST0028,2026-03-12,debit,utilities,1280,Electricity and water
TXN002413,CUST0028,2026-03-17,debit,transport,1540,Fuel and commute
TXN002414,CUST0028,2026-03-26,debit,dining_entertainment,2600,Dining and entertainment
TXN002415,CUST0028,2026-03-07,debit,emi,5280,Loan EMI
TXN002416,CUST0028,2026-03-10,debit,sip_investment,4300,Mutual fund SIP
TXN002417,CUST0028,2026-03-15,debit,school_fees,20820,School fees
TXN002418,CUST0028,2026-04-02,credit,business_income,26200,Business receipt
TXN002419,CUST0028,2026-04-05,debit,rent,7000,House rent
TXN002420,CUST0028,2026-04-19,debit,groceries,3360,Groceries
TXN002421,CUST0028,2026-04-12,debit,utilities,1260,Electricity and water
TXN002422,CUST0028,2026-04-22,debit,transport,1800,Fuel and commute
TXN002423,CUST0028,2026-04-15,debit,dining_entertainment,2090,Dining and entertainment
TXN002424,CUST0028,2026-04-07,debit,emi,5230,Loan EMI
TXN002425,CUST0028,2026-04-10,debit,sip_investment,4300,Mutual fund SIP
TXN002426,CUST0028,2026-04-17,debit,shopping,2460,Online shopping
TXN002427,CUST0028,2026-05-03,credit,business_income,17600,Business receipt
TXN002428,CUST0028,2026-05-05,debit,rent,7190,House rent
TXN002429,CUST0028,2026-05-07,debit,groceries,2920,Groceries
TXN002430,CUST0028,2026-05-12,debit,utilities,780,Electricity and water
TXN002431,CUST0028,2026-05-25,debit,transport,2070,Fuel and commute
TXN002432,CUST0028,2026-05-10,debit,dining_entertainment,1560,Dining and entertainment
TXN002433,CUST0028,2026-05-07,debit,emi,5260,Loan EMI
TXN002434,CUST0028,2026-05-10,debit,sip_investment,4300,Mutual fund SIP
TXN002435,CUST0028,2026-05-18,debit,insurance_premium,23930,Insurance premium
TXN002436,CUST0028,2026-06-02,credit,business_income,22700,Business receipt
TXN002437,CUST0028,2026-06-05,debit,rent,7420,House rent
TXN002438,CUST0028,2026-06-13,debit,groceries,3300,Groceries
TXN002439,CUST0028,2026-06-12,debit,utilities,1240,Electricity and water
TXN002440,CUST0028,2026-06-23,debit,transport,2140,Fuel and commute
TXN002441,CUST0028,2026-06-12,debit,dining_entertainment,2630,Dining and entertainment
TXN002442,CUST0028,2026-06-07,debit,emi,5280,Loan EMI
TXN002443,CUST0028,2026-06-10,debit,sip_investment,4300,Mutual fund SIP
TXN002444,CUST0028,2026-06-15,debit,school_fees,15790,School fees
TXN002445,CUST0028,2026-07-03,credit,business_income,24800,Business receipt
TXN002446,CUST0028,2026-07-05,debit,rent,6740,House rent
TXN002447,CUST0028,2026-07-13,debit,groceries,2570,Groceries
TXN002448,CUST0028,2026-07-12,debit,utilities,760,Electricity and water
TXN002449,CUST0028,2026-07-21,debit,transport,1170,Fuel and commute
TXN002450,CUST0028,2026-07-11,debit,dining_entertainment,2810,Dining and entertainment
TXN002451,CUST0028,2026-07-07,debit,emi,5290,Loan EMI
TXN002452,CUST0028,2026-07-10,debit,sip_investment,4300,Mutual fund SIP
TXN002453,CUST0028,2026-07-04,debit,shopping,2000,Online shopping
TXN002454,CUST0028,2026-08-01,credit,business_income,24900,Business receipt
TXN002455,CUST0028,2026-08-05,debit,rent,7110,House rent
TXN002456,CUST0028,2026-08-10,debit,groceries,3910,Groceries
TXN002457,CUST0028,2026-08-12,debit,utilities,950,Electricity and water
TXN002458,CUST0028,2026-08-14,debit,transport,1010,Fuel and commute
TXN002459,CUST0028,2026-08-26,debit,dining_entertainment,1430,Dining and entertainment
TXN002460,CUST0028,2026-08-07,debit,emi,5270,Loan EMI
TXN002461,CUST0028,2026-08-10,debit,sip_investment,4300,Mutual fund SIP
TXN002462,CUST0029,2025-09-01,credit,salary,13300,Monthly credit
TXN002463,CUST0029,2025-09-05,debit,maintenance,380,Society maintenance
TXN002464,CUST0029,2025-09-15,debit,groceries,1740,Groceries
TXN002465,CUST0029,2025-09-12,debit,utilities,580,Electricity and water
TXN002466,CUST0029,2025-09-22,debit,transport,760,Fuel and commute
TXN002467,CUST0029,2025-09-12,debit,dining_entertainment,1100,Dining and entertainment
TXN002468,CUST0029,2025-09-07,debit,emi,2020,Loan EMI
TXN002469,CUST0029,2025-09-10,debit,sip_investment,2300,Mutual fund SIP
TXN002470,CUST0029,2025-09-15,debit,school_fees,8750,School fees
TXN002471,CUST0029,2025-09-28,credit,interest_payout,730,Deposit interest payout
TXN002472,CUST0029,2025-10-03,credit,salary,13300,Monthly credit
TXN002473,CUST0029,2025-10-05,debit,maintenance,420,Society maintenance
TXN002474,CUST0029,2025-10-09,debit,groceries,1590,Groceries
TXN002475,CUST0029,2025-10-12,debit,utilities,760,Electricity and water
TXN002476,CUST0029,2025-10-11,debit,transport,760,Fuel and commute
TXN002477,CUST0029,2025-10-22,debit,dining_entertainment,1560,Dining and entertainment
TXN002478,CUST0029,2025-10-07,debit,emi,2020,Loan EMI
TXN002479,CUST0029,2025-10-10,debit,sip_investment,2300,Mutual fund SIP
TXN002480,CUST0029,2025-10-28,credit,interest_payout,570,Deposit interest payout
TXN002481,CUST0029,2025-11-03,credit,salary,13500,Monthly credit
TXN002482,CUST0029,2025-11-05,debit,maintenance,370,Society maintenance
TXN002483,CUST0029,2025-11-16,debit,groceries,1810,Groceries
TXN002484,CUST0029,2025-11-12,debit,utilities,620,Electricity and water
TXN002485,CUST0029,2025-11-11,debit,transport,660,Fuel and commute
TXN002486,CUST0029,2025-11-24,debit,dining_entertainment,1560,Dining and entertainment
TXN002487,CUST0029,2025-11-07,debit,emi,2000,Loan EMI
TXN002488,CUST0029,2025-11-10,debit,sip_investment,2300,Mutual fund SIP
TXN002489,CUST0029,2025-11-28,credit,interest_payout,770,Deposit interest payout
TXN002490,CUST0029,2025-12-01,credit,salary,13200,Monthly credit
TXN002491,CUST0029,2025-12-05,debit,maintenance,360,Society maintenance
TXN002492,CUST0029,2025-12-19,debit,groceries,1400,Groceries
TXN002493,CUST0029,2025-12-12,debit,utilities,680,Electricity and water
TXN002494,CUST0029,2025-12-24,debit,transport,1130,Fuel and commute
TXN002495,CUST0029,2025-12-25,debit,dining_entertainment,720,Dining and entertainment
TXN002496,CUST0029,2025-12-07,debit,emi,2020,Loan EMI
TXN002497,CUST0029,2025-12-10,debit,sip_investment,2300,Mutual fund SIP
TXN002498,CUST0029,2025-12-15,debit,school_fees,8060,School fees
TXN002499,CUST0029,2025-12-02,debit,medical,4710,Medical expenses
TXN002500,CUST0029,2025-12-28,credit,interest_payout,280,Deposit interest payout
TXN002501,CUST0029,2026-01-02,credit,salary,13400,Monthly credit
TXN002502,CUST0029,2026-01-05,debit,maintenance,360,Society maintenance
TXN002503,CUST0029,2026-01-07,debit,groceries,1310,Groceries
TXN002504,CUST0029,2026-01-12,debit,utilities,620,Electricity and water
TXN002505,CUST0029,2026-01-15,debit,transport,720,Fuel and commute
TXN002506,CUST0029,2026-01-10,debit,dining_entertainment,890,Dining and entertainment
TXN002507,CUST0029,2026-01-07,debit,emi,2000,Loan EMI
TXN002508,CUST0029,2026-01-10,debit,sip_investment,2300,Mutual fund SIP
TXN002509,CUST0029,2026-01-28,credit,interest_payout,780,Deposit interest payout
TXN002510,CUST0029,2026-02-03,credit,salary,13200,Monthly credit
TXN002511,CUST0029,2026-02-05,debit,maintenance,330,Society maintenance
TXN002512,CUST0029,2026-02-11,debit,groceries,1570,Groceries
TXN002513,CUST0029,2026-02-12,debit,utilities,450,Electricity and water
TXN002514,CUST0029,2026-02-18,debit,transport,1130,Fuel and commute
TXN002515,CUST0029,2026-02-11,debit,dining_entertainment,1000,Dining and entertainment
TXN002516,CUST0029,2026-02-07,debit,emi,1990,Loan EMI
TXN002517,CUST0029,2026-02-10,debit,sip_investment,2300,Mutual fund SIP
TXN002518,CUST0029,2026-02-28,credit,interest_payout,540,Deposit interest payout
TXN002519,CUST0029,2026-03-01,credit,salary,13400,Monthly credit
TXN002520,CUST0029,2026-03-05,debit,maintenance,360,Society maintenance
TXN002521,CUST0029,2026-03-14,debit,groceries,1500,Groceries
TXN002522,CUST0029,2026-03-12,debit,utilities,560,Electricity and water
TXN002523,CUST0029,2026-03-23,debit,transport,860,Fuel and commute
TXN002524,CUST0029,2026-03-08,debit,dining_entertainment,1250,Dining and entertainment
TXN002525,CUST0029,2026-03-07,debit,emi,2000,Loan EMI
TXN002526,CUST0029,2026-03-10,debit,sip_investment,2300,Mutual fund SIP
TXN002527,CUST0029,2026-03-15,debit,school_fees,11820,School fees
TXN002528,CUST0029,2026-03-07,debit,shopping,1070,Online shopping
TXN002529,CUST0029,2026-03-28,credit,interest_payout,480,Deposit interest payout
TXN002530,CUST0029,2026-04-03,credit,salary,13100,Monthly credit
TXN002531,CUST0029,2026-04-05,debit,maintenance,400,Society maintenance
TXN002532,CUST0029,2026-04-08,debit,groceries,1940,Groceries
TXN002533,CUST0029,2026-04-12,debit,utilities,550,Electricity and water
TXN002534,CUST0029,2026-04-17,debit,transport,1190,Fuel and commute
TXN002535,CUST0029,2026-04-21,debit,dining_entertainment,1160,Dining and entertainment
TXN002536,CUST0029,2026-04-07,debit,emi,2030,Loan EMI
TXN002537,CUST0029,2026-04-10,debit,sip_investment,2300,Mutual fund SIP
TXN002538,CUST0029,2026-04-22,debit,shopping,1380,Online shopping
TXN002539,CUST0029,2026-04-28,credit,interest_payout,780,Deposit interest payout
TXN002540,CUST0029,2026-05-02,credit,salary,13100,Monthly credit
TXN002541,CUST0029,2026-05-05,debit,maintenance,360,Society maintenance
TXN002542,CUST0029,2026-05-16,debit,groceries,1440,Groceries
TXN002543,CUST0029,2026-05-12,debit,utilities,550,Electricity and water
TXN002544,CUST0029,2026-05-16,debit,transport,770,Fuel and commute
TXN002545,CUST0029,2026-05-24,debit,dining_entertainment,1200,Dining and entertainment
TXN002546,CUST0029,2026-05-07,debit,emi,2000,Loan EMI
TXN002547,CUST0029,2026-05-10,debit,sip_investment,2300,Mutual fund SIP
TXN002548,CUST0029,2026-05-18,debit,insurance_premium,8650,Insurance premium
TXN002549,CUST0029,2026-05-25,debit,shopping,510,Online shopping
TXN002550,CUST0029,2026-05-28,credit,interest_payout,340,Deposit interest payout
TXN002551,CUST0029,2026-06-02,credit,salary,13400,Monthly credit
TXN002552,CUST0029,2026-06-05,debit,maintenance,460,Society maintenance
TXN002553,CUST0029,2026-06-14,debit,groceries,1400,Groceries
TXN002554,CUST0029,2026-06-12,debit,utilities,780,Electricity and water
TXN002555,CUST0029,2026-06-20,debit,transport,750,Fuel and commute
TXN002556,CUST0029,2026-06-22,debit,dining_entertainment,1250,Dining and entertainment
TXN002557,CUST0029,2026-06-07,debit,emi,2000,Loan EMI
TXN002558,CUST0029,2026-06-10,debit,sip_investment,2300,Mutual fund SIP
TXN002559,CUST0029,2026-06-15,debit,school_fees,9800,School fees
TXN002560,CUST0029,2026-06-13,debit,shopping,1560,Online shopping
TXN002561,CUST0029,2026-06-28,credit,interest_payout,630,Deposit interest payout
TXN002562,CUST0029,2026-07-01,credit,salary,13400,Monthly credit
TXN002563,CUST0029,2026-07-05,debit,maintenance,410,Society maintenance
TXN002564,CUST0029,2026-07-06,debit,groceries,1210,Groceries
TXN002565,CUST0029,2026-07-12,debit,utilities,670,Electricity and water
TXN002566,CUST0029,2026-07-25,debit,transport,810,Fuel and commute
TXN002567,CUST0029,2026-07-25,debit,dining_entertainment,1380,Dining and entertainment
TXN002568,CUST0029,2026-07-07,debit,emi,2000,Loan EMI
TXN002569,CUST0029,2026-07-10,debit,sip_investment,2300,Mutual fund SIP
TXN002570,CUST0029,2026-07-28,credit,interest_payout,740,Deposit interest payout
TXN002571,CUST0029,2026-08-02,credit,salary,13500,Monthly credit
TXN002572,CUST0029,2026-08-05,debit,maintenance,430,Society maintenance
TXN002573,CUST0029,2026-08-19,debit,groceries,1530,Groceries
TXN002574,CUST0029,2026-08-12,debit,utilities,550,Electricity and water
TXN002575,CUST0029,2026-08-22,debit,transport,930,Fuel and commute
TXN002576,CUST0029,2026-08-08,debit,dining_entertainment,810,Dining and entertainment
TXN002577,CUST0029,2026-08-07,debit,emi,2000,Loan EMI
TXN002578,CUST0029,2026-08-10,debit,sip_investment,2300,Mutual fund SIP
TXN002579,CUST0029,2026-08-26,debit,shopping,410,Online shopping
TXN002580,CUST0029,2026-08-28,credit,interest_payout,410,Deposit interest payout
TXN002581,CUST0030,2025-09-03,credit,business_income,2000,Business receipt
TXN002582,CUST0030,2025-09-05,debit,rent,650,House rent
TXN002583,CUST0030,2025-09-09,debit,groceries,470,Groceries
TXN002584,CUST0030,2025-09-12,debit,utilities,120,Electricity and water
TXN002585,CUST0030,2025-09-21,debit,transport,210,Fuel and commute
TXN002586,CUST0030,2025-09-23,debit,dining_entertainment,160,Dining and entertainment
TXN002587,CUST0030,2025-09-15,debit,school_fees,2760,School fees
TXN002588,CUST0030,2025-09-23,debit,shopping,150,Online shopping
TXN002589,CUST0030,2025-10-02,credit,business_income,2800,Business receipt
TXN002590,CUST0030,2025-10-05,debit,rent,650,House rent
TXN002591,CUST0030,2025-10-14,debit,groceries,400,Groceries
TXN002592,CUST0030,2025-10-12,debit,utilities,110,Electricity and water
TXN002593,CUST0030,2025-10-15,debit,transport,250,Fuel and commute
TXN002594,CUST0030,2025-10-12,debit,dining_entertainment,170,Dining and entertainment
TXN002595,CUST0030,2025-10-10,debit,shopping,370,Online shopping
TXN002596,CUST0030,2025-11-03,credit,business_income,4700,Business receipt
TXN002597,CUST0030,2025-11-05,debit,rent,670,House rent
TXN002598,CUST0030,2025-11-16,debit,groceries,330,Groceries
TXN002599,CUST0030,2025-11-12,debit,utilities,100,Electricity and water
TXN002600,CUST0030,2025-11-18,debit,transport,280,Fuel and commute
TXN002601,CUST0030,2025-11-22,debit,dining_entertainment,310,Dining and entertainment
TXN002602,CUST0030,2025-11-23,debit,medical,640,Medical expenses
TXN002603,CUST0030,2025-12-02,credit,business_income,1500,Business receipt
TXN002604,CUST0030,2025-12-05,debit,rent,630,House rent
TXN002605,CUST0030,2025-12-10,debit,groceries,510,Groceries
TXN002606,CUST0030,2025-12-12,debit,utilities,100,Electricity and water
TXN002607,CUST0030,2025-12-25,debit,transport,210,Fuel and commute
TXN002608,CUST0030,2025-12-09,debit,dining_entertainment,240,Dining and entertainment
TXN002609,CUST0030,2025-12-15,debit,school_fees,2730,School fees
TXN002610,CUST0030,2026-01-02,credit,business_income,2900,Business receipt
TXN002611,CUST0030,2026-01-05,debit,rent,610,House rent
TXN002612,CUST0030,2026-01-11,debit,groceries,380,Groceries
TXN002613,CUST0030,2026-01-12,debit,utilities,100,Electricity and water
TXN002614,CUST0030,2026-01-10,debit,transport,220,Fuel and commute
TXN002615,CUST0030,2026-01-15,debit,dining_entertainment,380,Dining and entertainment
TXN002616,CUST0030,2026-02-01,credit,business_income,1500,Business receipt
TXN002617,CUST0030,2026-02-05,debit,rent,600,House rent
TXN002618,CUST0030,2026-02-07,debit,groceries,360,Groceries
TXN002619,CUST0030,2026-02-12,debit,utilities,150,Electricity and water
TXN002620,CUST0030,2026-02-25,debit,transport,140,Fuel and commute
TXN002621,CUST0030,2026-02-08,debit,dining_entertainment,250,Dining and entertainment
TXN002622,CUST0030,2026-02-18,debit,insurance_premium,3350,Insurance premium
TXN002623,CUST0030,2026-03-01,credit,business_income,2200,Business receipt
TXN002624,CUST0030,2026-03-05,debit,rent,640,House rent
TXN002625,CUST0030,2026-03-19,debit,groceries,510,Groceries
TXN002626,CUST0030,2026-03-12,debit,utilities,100,Electricity and water
TXN002627,CUST0030,2026-03-17,debit,transport,180,Fuel and commute
TXN002628,CUST0030,2026-03-22,debit,dining_entertainment,370,Dining and entertainment
TXN002629,CUST0030,2026-03-15,debit,school_fees,2540,School fees
TXN002630,CUST0030,2026-04-01,credit,business_income,1600,Business receipt
TXN002631,CUST0030,2026-04-05,debit,rent,690,House rent
TXN002632,CUST0030,2026-04-20,debit,groceries,370,Groceries
TXN002633,CUST0030,2026-04-12,debit,utilities,180,Electricity and water
TXN002634,CUST0030,2026-04-14,debit,transport,140,Fuel and commute
TXN002635,CUST0030,2026-04-22,debit,dining_entertainment,170,Dining and entertainment
TXN002636,CUST0030,2026-04-15,debit,medical,850,Medical expenses
TXN002637,CUST0030,2026-04-20,debit,shopping,290,Online shopping
TXN002638,CUST0030,2026-05-02,credit,business_income,1500,Business receipt
TXN002639,CUST0030,2026-05-05,debit,rent,630,House rent
TXN002640,CUST0030,2026-05-12,debit,groceries,430,Groceries
TXN002641,CUST0030,2026-05-12,debit,utilities,120,Electricity and water
TXN002642,CUST0030,2026-05-10,debit,transport,220,Fuel and commute
TXN002643,CUST0030,2026-05-22,debit,dining_entertainment,260,Dining and entertainment
TXN002644,CUST0030,2026-06-02,credit,business_income,3700,Business receipt
TXN002645,CUST0030,2026-06-05,debit,rent,660,House rent
TXN002646,CUST0030,2026-06-06,debit,groceries,440,Groceries
TXN002647,CUST0030,2026-06-12,debit,utilities,140,Electricity and water
TXN002648,CUST0030,2026-06-16,debit,transport,180,Fuel and commute
TXN002649,CUST0030,2026-06-08,debit,dining_entertainment,180,Dining and entertainment
TXN002650,CUST0030,2026-06-15,debit,school_fees,2260,School fees
TXN002651,CUST0030,2026-07-03,credit,business_income,2000,Business receipt
TXN002652,CUST0030,2026-07-05,debit,rent,590,House rent
TXN002653,CUST0030,2026-07-11,debit,groceries,400,Groceries
TXN002654,CUST0030,2026-07-12,debit,utilities,130,Electricity and water
TXN002655,CUST0030,2026-07-24,debit,transport,240,Fuel and commute
TXN002656,CUST0030,2026-07-12,debit,dining_entertainment,190,Dining and entertainment
TXN002657,CUST0030,2026-07-16,debit,shopping,180,Online shopping
TXN002658,CUST0030,2026-08-03,credit,business_income,3300,Business receipt
TXN002659,CUST0030,2026-08-05,debit,rent,670,House rent
TXN002660,CUST0030,2026-08-20,debit,groceries,360,Groceries
TXN002661,CUST0030,2026-08-12,debit,utilities,150,Electricity and water
TXN002662,CUST0030,2026-08-25,debit,transport,150,Fuel and commute
TXN002663,CUST0030,2026-08-18,debit,dining_entertainment,220,Dining and entertainment
TXN002664,CUST0031,2025-09-02,credit,business_income,23200,Business receipt
TXN002665,CUST0031,2025-09-05,debit,rent,6100,House rent
TXN002666,CUST0031,2025-09-16,debit,groceries,3620,Groceries
TXN002667,CUST0031,2025-09-12,debit,utilities,1310,Electricity and water
TXN002668,CUST0031,2025-09-20,debit,transport,1810,Fuel and commute
TXN002669,CUST0031,2025-09-23,debit,dining_entertainment,1410,Dining and entertainment
TXN002670,CUST0031,2025-09-07,debit,emi,4480,Loan EMI
TXN002671,CUST0031,2025-10-03,credit,business_income,22700,Business receipt
TXN002672,CUST0031,2025-10-05,debit,rent,6380,House rent
TXN002673,CUST0031,2025-10-10,debit,groceries,2600,Groceries
TXN002674,CUST0031,2025-10-12,debit,utilities,970,Electricity and water
TXN002675,CUST0031,2025-10-24,debit,transport,1100,Fuel and commute
TXN002676,CUST0031,2025-10-09,debit,dining_entertainment,2540,Dining and entertainment
TXN002677,CUST0031,2025-10-07,debit,emi,4460,Loan EMI
TXN002678,CUST0031,2025-11-02,credit,business_income,23000,Business receipt
TXN002679,CUST0031,2025-11-05,debit,rent,6450,House rent
TXN002680,CUST0031,2025-11-17,debit,groceries,2440,Groceries
TXN002681,CUST0031,2025-11-12,debit,utilities,1210,Electricity and water
TXN002682,CUST0031,2025-11-22,debit,transport,1850,Fuel and commute
TXN002683,CUST0031,2025-11-13,debit,dining_entertainment,1430,Dining and entertainment
TXN002684,CUST0031,2025-11-07,debit,emi,4490,Loan EMI
TXN002685,CUST0031,2025-11-13,debit,medical,1220,Medical expenses
TXN002686,CUST0031,2025-11-12,debit,shopping,920,Online shopping
TXN002687,CUST0031,2025-12-03,credit,business_income,22800,Business receipt
TXN002688,CUST0031,2025-12-05,debit,rent,6400,House rent
TXN002689,CUST0031,2025-12-06,debit,groceries,3290,Groceries
TXN002690,CUST0031,2025-12-12,debit,utilities,1350,Electricity and water
TXN002691,CUST0031,2025-12-19,debit,transport,1140,Fuel and commute
TXN002692,CUST0031,2025-12-16,debit,dining_entertainment,1380,Dining and entertainment
TXN002693,CUST0031,2025-12-07,debit,emi,4480,Loan EMI
TXN002694,CUST0031,2026-01-01,credit,business_income,22600,Business receipt
TXN002695,CUST0031,2026-01-05,debit,rent,5890,House rent
TXN002696,CUST0031,2026-01-07,debit,groceries,2480,Groceries
TXN002697,CUST0031,2026-01-12,debit,utilities,700,Electricity and water
TXN002698,CUST0031,2026-01-22,debit,transport,1690,Fuel and commute
TXN002699,CUST0031,2026-01-11,debit,dining_entertainment,2180,Dining and entertainment
TXN002700,CUST0031,2026-01-07,debit,emi,4450,Loan EMI
TXN002701,CUST0031,2026-02-02,credit,business_income,22700,Business receipt
TXN002702,CUST0031,2026-02-05,debit,rent,6500,House rent
TXN002703,CUST0031,2026-02-18,debit,groceries,3570,Groceries
TXN002704,CUST0031,2026-02-12,debit,utilities,1370,Electricity and water
TXN002705,CUST0031,2026-02-12,debit,transport,1920,Fuel and commute
TXN002706,CUST0031,2026-02-12,debit,dining_entertainment,1290,Dining and entertainment
TXN002707,CUST0031,2026-02-07,debit,emi,4490,Loan EMI
TXN002708,CUST0031,2026-03-03,credit,business_income,22800,Business receipt
TXN002709,CUST0031,2026-03-05,debit,rent,6210,House rent
TXN002710,CUST0031,2026-03-20,debit,groceries,3080,Groceries
TXN002711,CUST0031,2026-03-12,debit,utilities,710,Electricity and water
TXN002712,CUST0031,2026-03-16,debit,transport,1620,Fuel and commute
TXN002713,CUST0031,2026-03-17,debit,dining_entertainment,2500,Dining and entertainment
TXN002714,CUST0031,2026-03-07,debit,emi,4490,Loan EMI
TXN002715,CUST0031,2026-03-07,debit,shopping,2320,Online shopping
TXN002716,CUST0031,2026-04-03,credit,business_income,23200,Business receipt
TXN002717,CUST0031,2026-04-05,debit,rent,6780,House rent
TXN002718,CUST0031,2026-04-07,debit,groceries,2390,Groceries
TXN002719,CUST0031,2026-04-12,debit,utilities,1220,Electricity and water
TXN002720,CUST0031,2026-04-12,debit,transport,1820,Fuel and commute
TXN002721,CUST0031,2026-04-20,debit,dining_entertainment,1370,Dining and entertainment
TXN002722,CUST0031,2026-04-07,debit,emi,4490,Loan EMI
TXN002723,CUST0031,2026-05-02,credit,business_income,22900,Business receipt
TXN002724,CUST0031,2026-05-05,debit,rent,5890,House rent
TXN002725,CUST0031,2026-05-14,debit,groceries,3200,Groceries
TXN002726,CUST0031,2026-05-12,debit,utilities,1160,Electricity and water
TXN002727,CUST0031,2026-05-25,debit,transport,1730,Fuel and commute
TXN002728,CUST0031,2026-05-26,debit,dining_entertainment,1880,Dining and entertainment
TXN002729,CUST0031,2026-05-07,debit,emi,4460,Loan EMI
TXN002730,CUST0031,2026-05-18,debit,insurance_premium,30450,Insurance premium
TXN002731,CUST0031,2026-05-09,debit,shopping,1140,Online shopping
TXN002732,CUST0031,2026-06-01,credit,business_income,22800,Business receipt
TXN002733,CUST0031,2026-06-05,debit,rent,6170,House rent
TXN002734,CUST0031,2026-06-20,debit,groceries,2550,Groceries
TXN002735,CUST0031,2026-06-12,debit,utilities,940,Electricity and water
TXN002736,CUST0031,2026-06-21,debit,transport,1090,Fuel and commute
TXN002737,CUST0031,2026-06-10,debit,dining_entertainment,1510,Dining and entertainment
TXN002738,CUST0031,2026-06-07,debit,emi,4430,Loan EMI
TXN002739,CUST0031,2026-07-03,credit,business_income,22700,Business receipt
TXN002740,CUST0031,2026-07-05,debit,rent,5720,House rent
TXN002741,CUST0031,2026-07-11,debit,groceries,2880,Groceries
TXN002742,CUST0031,2026-07-12,debit,utilities,980,Electricity and water
TXN002743,CUST0031,2026-07-23,debit,transport,1450,Fuel and commute
TXN002744,CUST0031,2026-07-23,debit,dining_entertainment,1700,Dining and entertainment
TXN002745,CUST0031,2026-07-07,debit,emi,4450,Loan EMI
TXN002746,CUST0031,2026-07-23,debit,shopping,1160,Online shopping
TXN002747,CUST0031,2026-08-01,credit,business_income,22500,Business receipt
TXN002748,CUST0031,2026-08-05,debit,rent,6040,House rent
TXN002749,CUST0031,2026-08-14,debit,groceries,2860,Groceries
TXN002750,CUST0031,2026-08-12,debit,utilities,1120,Electricity and water
TXN002751,CUST0031,2026-08-17,debit,transport,1810,Fuel and commute
TXN002752,CUST0031,2026-08-10,debit,dining_entertainment,1260,Dining and entertainment
TXN002753,CUST0031,2026-08-07,debit,emi,4450,Loan EMI
TXN002754,CUST0032,2025-09-03,credit,salary,5200,Monthly credit
TXN002755,CUST0032,2025-09-05,debit,rent,1150,House rent
TXN002756,CUST0032,2025-09-15,debit,groceries,530,Groceries
TXN002757,CUST0032,2025-09-12,debit,utilities,300,Electricity and water
TXN002758,CUST0032,2025-09-18,debit,transport,460,Fuel and commute
TXN002759,CUST0032,2025-09-17,debit,dining_entertainment,250,Dining and entertainment
TXN002760,CUST0032,2025-09-15,debit,school_fees,2790,School fees
TXN002761,CUST0032,2025-10-03,credit,salary,5200,Monthly credit
TXN002762,CUST0032,2025-10-05,debit,rent,970,House rent
TXN002763,CUST0032,2025-10-18,debit,groceries,700,Groceries
TXN002764,CUST0032,2025-10-12,debit,utilities,300,Electricity and water
TXN002765,CUST0032,2025-10-17,debit,transport,430,Fuel and commute
TXN002766,CUST0032,2025-10-14,debit,dining_entertainment,330,Dining and entertainment
TXN002767,CUST0032,2025-10-28,credit,interest_payout,250,Deposit interest payout
TXN002768,CUST0032,2025-11-02,credit,salary,5200,Monthly credit
TXN002769,CUST0032,2025-11-05,debit,rent,1040,House rent
TXN002770,CUST0032,2025-11-19,debit,groceries,490,Groceries
TXN002771,CUST0032,2025-11-12,debit,utilities,180,Electricity and water
TXN002772,CUST0032,2025-11-23,debit,transport,400,Fuel and commute
TXN002773,CUST0032,2025-11-22,debit,dining_entertainment,320,Dining and entertainment
TXN002774,CUST0032,2025-11-07,debit,shopping,210,Online shopping
TXN002775,CUST0032,2025-11-28,credit,interest_payout,250,Deposit interest payout
TXN002776,CUST0032,2025-12-03,credit,salary,5100,Monthly credit
TXN002777,CUST0032,2025-12-05,debit,rent,1150,House rent
TXN002778,CUST0032,2025-12-12,debit,groceries,580,Groceries
TXN002779,CUST0032,2025-12-12,debit,utilities,220,Electricity and water
TXN002780,CUST0032,2025-12-19,debit,transport,400,Fuel and commute
TXN002781,CUST0032,2025-12-08,debit,dining_entertainment,360,Dining and entertainment
TXN002782,CUST0032,2025-12-15,debit,school_fees,3530,School fees
TXN002783,CUST0032,2025-12-12,debit,medical,500,Medical expenses
TXN002784,CUST0032,2025-12-28,credit,interest_payout,290,Deposit interest payout
TXN002785,CUST0032,2026-01-02,credit,salary,5100,Monthly credit
TXN002786,CUST0032,2026-01-05,debit,rent,1180,House rent
TXN002787,CUST0032,2026-01-12,debit,groceries,530,Groceries
TXN002788,CUST0032,2026-01-12,debit,utilities,160,Electricity and water
TXN002789,CUST0032,2026-01-25,debit,transport,300,Fuel and commute
TXN002790,CUST0032,2026-01-26,debit,dining_entertainment,280,Dining and entertainment
TXN002791,CUST0032,2026-01-28,credit,interest_payout,200,Deposit interest payout
TXN002792,CUST0032,2026-02-01,credit,salary,5200,Monthly credit
TXN002793,CUST0032,2026-02-05,debit,rent,970,House rent
TXN002794,CUST0032,2026-02-13,debit,groceries,710,Groceries
TXN002795,CUST0032,2026-02-12,debit,utilities,150,Electricity and water
TXN002796,CUST0032,2026-02-22,debit,transport,250,Fuel and commute
TXN002797,CUST0032,2026-02-15,debit,dining_entertainment,350,Dining and entertainment
TXN002798,CUST0032,2026-02-28,credit,interest_payout,200,Deposit interest payout
TXN002799,CUST0032,2026-03-02,credit,salary,5000,Monthly credit
TXN002800,CUST0032,2026-03-05,debit,rent,1150,House rent
TXN002801,CUST0032,2026-03-08,debit,groceries,610,Groceries
TXN002802,CUST0032,2026-03-12,debit,utilities,300,Electricity and water
TXN002803,CUST0032,2026-03-23,debit,transport,230,Fuel and commute
TXN002804,CUST0032,2026-03-10,debit,dining_entertainment,420,Dining and entertainment
TXN002805,CUST0032,2026-03-15,debit,school_fees,3070,School fees
TXN002806,CUST0032,2026-03-12,debit,shopping,550,Online shopping
TXN002807,CUST0032,2026-03-28,credit,interest_payout,240,Deposit interest payout
TXN002808,CUST0032,2026-04-03,credit,salary,5100,Monthly credit
TXN002809,CUST0032,2026-04-05,debit,rent,1090,House rent
TXN002810,CUST0032,2026-04-09,debit,groceries,570,Groceries
TXN002811,CUST0032,2026-04-12,debit,utilities,230,Electricity and water
TXN002812,CUST0032,2026-04-18,debit,transport,380,Fuel and commute
TXN002813,CUST0032,2026-04-12,debit,dining_entertainment,320,Dining and entertainment
TXN002814,CUST0032,2026-04-28,credit,interest_payout,200,Deposit interest payout
TXN002815,CUST0032,2026-05-03,credit,salary,5100,Monthly credit
TXN002816,CUST0032,2026-05-05,debit,rent,1160,House rent
TXN002817,CUST0032,2026-05-15,debit,groceries,630,Groceries
TXN002818,CUST0032,2026-05-12,debit,utilities,160,Electricity and water
TXN002819,CUST0032,2026-05-24,debit,transport,230,Fuel and commute
TXN002820,CUST0032,2026-05-17,debit,dining_entertainment,370,Dining and entertainment
TXN002821,CUST0032,2026-05-28,credit,interest_payout,200,Deposit interest payout
TXN002822,CUST0032,2026-06-03,credit,salary,5000,Monthly credit
TXN002823,CUST0032,2026-06-05,debit,rent,1130,House rent
TXN002824,CUST0032,2026-06-20,debit,groceries,630,Groceries
TXN002825,CUST0032,2026-06-12,debit,utilities,250,Electricity and water
TXN002826,CUST0032,2026-06-13,debit,transport,380,Fuel and commute
TXN002827,CUST0032,2026-06-09,debit,dining_entertainment,390,Dining and entertainment
TXN002828,CUST0032,2026-06-15,debit,school_fees,2680,School fees
TXN002829,CUST0032,2026-06-28,credit,interest_payout,200,Deposit interest payout
TXN002830,CUST0032,2026-07-03,credit,salary,5200,Monthly credit
TXN002831,CUST0032,2026-07-05,debit,rent,1120,House rent
TXN002832,CUST0032,2026-07-20,debit,groceries,790,Groceries
TXN002833,CUST0032,2026-07-12,debit,utilities,230,Electricity and water
TXN002834,CUST0032,2026-07-13,debit,transport,460,Fuel and commute
TXN002835,CUST0032,2026-07-10,debit,dining_entertainment,610,Dining and entertainment
TXN002836,CUST0032,2026-07-28,credit,interest_payout,200,Deposit interest payout
TXN002837,CUST0032,2026-08-01,credit,salary,5000,Monthly credit
TXN002838,CUST0032,2026-08-05,debit,rent,1080,House rent
TXN002839,CUST0032,2026-08-07,debit,groceries,630,Groceries
TXN002840,CUST0032,2026-08-12,debit,utilities,250,Electricity and water
TXN002841,CUST0032,2026-08-24,debit,transport,380,Fuel and commute
TXN002842,CUST0032,2026-08-20,debit,dining_entertainment,380,Dining and entertainment
TXN002843,CUST0032,2026-08-18,debit,insurance_premium,6560,Insurance premium
TXN002844,CUST0032,2026-08-07,debit,shopping,200,Online shopping
TXN002845,CUST0032,2026-08-28,credit,interest_payout,250,Deposit interest payout
TXN002846,CUST0033,2025-09-02,credit,business_income,10800,Business receipt
TXN002847,CUST0033,2025-09-05,debit,maintenance,240,Society maintenance
TXN002848,CUST0033,2025-09-19,debit,groceries,1410,Groceries
TXN002849,CUST0033,2025-09-12,debit,utilities,330,Electricity and water
TXN002850,CUST0033,2025-09-13,debit,transport,780,Fuel and commute
TXN002851,CUST0033,2025-09-11,debit,dining_entertainment,580,Dining and entertainment
TXN002852,CUST0033,2025-09-10,debit,sip_investment,1400,Mutual fund SIP
TXN002853,CUST0033,2025-09-28,credit,interest_payout,480,Deposit interest payout
TXN002854,CUST0033,2025-10-01,credit,business_income,10600,Business receipt
TXN002855,CUST0033,2025-10-05,debit,maintenance,280,Society maintenance
TXN002856,CUST0033,2025-10-17,debit,groceries,980,Groceries
TXN002857,CUST0033,2025-10-12,debit,utilities,290,Electricity and water
TXN002858,CUST0033,2025-10-16,debit,transport,700,Fuel and commute
TXN002859,CUST0033,2025-10-09,debit,dining_entertainment,760,Dining and entertainment
TXN002860,CUST0033,2025-10-10,debit,sip_investment,1400,Mutual fund SIP
TXN002861,CUST0033,2025-10-28,credit,interest_payout,460,Deposit interest payout
TXN002862,CUST0033,2025-11-02,credit,business_income,11800,Business receipt
TXN002863,CUST0033,2025-11-05,debit,maintenance,300,Society maintenance
TXN002864,CUST0033,2025-11-15,debit,groceries,1160,Groceries
TXN002865,CUST0033,2025-11-12,debit,utilities,280,Electricity and water
TXN002866,CUST0033,2025-11-16,debit,transport,750,Fuel and commute
TXN002867,CUST0033,2025-11-19,debit,dining_entertainment,1100,Dining and entertainment
TXN002868,CUST0033,2025-11-10,debit,sip_investment,1400,Mutual fund SIP
TXN002869,CUST0033,2025-11-03,debit,shopping,300,Online shopping
TXN002870,CUST0033,2025-12-01,credit,business_income,8600,Business receipt
TXN002871,CUST0033,2025-12-05,debit,maintenance,300,Society maintenance
TXN002872,CUST0033,2025-12-20,debit,groceries,900,Groceries
TXN002873,CUST0033,2025-12-12,debit,utilities,310,Electricity and water
TXN002874,CUST0033,2025-12-15,debit,transport,780,Fuel and commute
TXN002875,CUST0033,2025-12-09,debit,dining_entertainment,950,Dining and entertainment
TXN002876,CUST0033,2025-12-10,debit,sip_investment,1400,Mutual fund SIP
TXN002877,CUST0033,2025-12-18,debit,insurance_premium,8370,Insurance premium
TXN002878,CUST0033,2025-12-28,credit,interest_payout,260,Deposit interest payout
TXN002879,CUST0033,2026-01-03,credit,business_income,7800,Business receipt
TXN002880,CUST0033,2026-01-05,debit,maintenance,270,Society maintenance
TXN002881,CUST0033,2026-01-09,debit,groceries,1140,Groceries
TXN002882,CUST0033,2026-01-12,debit,utilities,340,Electricity and water
TXN002883,CUST0033,2026-01-15,debit,transport,550,Fuel and commute
TXN002884,CUST0033,2026-01-18,debit,dining_entertainment,470,Dining and entertainment
TXN002885,CUST0033,2026-01-10,debit,sip_investment,1400,Mutual fund SIP
TXN002886,CUST0033,2026-01-09,debit,medical,1190,Medical expenses
TXN002887,CUST0033,2026-01-23,debit,shopping,990,Online shopping
TXN002888,CUST0033,2026-01-28,credit,interest_payout,200,Deposit interest payout
TXN002889,CUST0033,2026-02-02,credit,business_income,11700,Business receipt
TXN002890,CUST0033,2026-02-05,debit,maintenance,260,Society maintenance
TXN002891,CUST0033,2026-02-07,debit,groceries,1260,Groceries
TXN002892,CUST0033,2026-02-12,debit,utilities,490,Electricity and water
TXN002893,CUST0033,2026-02-15,debit,transport,760,Fuel and commute
TXN002894,CUST0033,2026-02-11,debit,dining_entertainment,630,Dining and entertainment
TXN002895,CUST0033,2026-02-10,debit,sip_investment,1400,Mutual fund SIP
TXN002896,CUST0033,2026-02-28,credit,interest_payout,450,Deposit interest payout
TXN002897,CUST0033,2026-03-03,credit,business_income,12200,Business receipt
TXN002898,CUST0033,2026-03-05,debit,maintenance,240,Society maintenance
TXN002899,CUST0033,2026-03-18,debit,groceries,980,Groceries
TXN002900,CUST0033,2026-03-12,debit,utilities,540,Electricity and water
TXN002901,CUST0033,2026-03-25,debit,transport,530,Fuel and commute
TXN002902,CUST0033,2026-03-08,debit,dining_entertainment,500,Dining and entertainment
TXN002903,CUST0033,2026-03-10,debit,sip_investment,1400,Mutual fund SIP
TXN002904,CUST0033,2026-03-28,credit,interest_payout,430,Deposit interest payout
TXN002905,CUST0033,2026-04-03,credit,business_income,8000,Business receipt
TXN002906,CUST0033,2026-04-05,debit,maintenance,310,Society maintenance
TXN002907,CUST0033,2026-04-06,debit,groceries,870,Groceries
TXN002908,CUST0033,2026-04-12,debit,utilities,460,Electricity and water
TXN002909,CUST0033,2026-04-19,debit,transport,810,Fuel and commute
TXN002910,CUST0033,2026-04-21,debit,dining_entertainment,620,Dining and entertainment
TXN002911,CUST0033,2026-04-10,debit,sip_investment,1400,Mutual fund SIP
TXN002912,CUST0033,2026-04-28,credit,interest_payout,330,Deposit interest payout
TXN002913,CUST0033,2026-05-01,credit,business_income,8400,Business receipt
TXN002914,CUST0033,2026-05-05,debit,maintenance,270,Society maintenance
TXN002915,CUST0033,2026-05-09,debit,groceries,1290,Groceries
TXN002916,CUST0033,2026-05-12,debit,utilities,550,Electricity and water
TXN002917,CUST0033,2026-05-24,debit,transport,660,Fuel and commute
TXN002918,CUST0033,2026-05-18,debit,dining_entertainment,970,Dining and entertainment
TXN002919,CUST0033,2026-05-10,debit,sip_investment,1400,Mutual fund SIP
TXN002920,CUST0033,2026-05-28,credit,interest_payout,200,Deposit interest payout
TXN002921,CUST0033,2026-06-02,credit,business_income,11200,Business receipt
TXN002922,CUST0033,2026-06-05,debit,maintenance,300,Society maintenance
TXN002923,CUST0033,2026-06-06,debit,groceries,1050,Groceries
TXN002924,CUST0033,2026-06-12,debit,utilities,350,Electricity and water
TXN002925,CUST0033,2026-06-20,debit,transport,730,Fuel and commute
TXN002926,CUST0033,2026-06-25,debit,dining_entertainment,620,Dining and entertainment
TXN002927,CUST0033,2026-06-10,debit,sip_investment,1400,Mutual fund SIP
TXN002928,CUST0033,2026-06-09,debit,medical,3550,Medical expenses
TXN002929,CUST0033,2026-06-28,credit,interest_payout,270,Deposit interest payout
TXN002930,CUST0033,2026-07-03,credit,business_income,11700,Business receipt
TXN002931,CUST0033,2026-07-05,debit,maintenance,260,Society maintenance
TXN002932,CUST0033,2026-07-06,debit,groceries,1150,Groceries
TXN002933,CUST0033,2026-07-12,debit,utilities,300,Electricity and water
TXN002934,CUST0033,2026-07-16,debit,transport,610,Fuel and commute
TXN002935,CUST0033,2026-07-12,debit,dining_entertainment,490,Dining and entertainment
TXN002936,CUST0033,2026-07-10,debit,sip_investment,1400,Mutual fund SIP
TXN002937,CUST0033,2026-07-20,debit,shopping,430,Online shopping
TXN002938,CUST0033,2026-07-28,credit,interest_payout,540,Deposit interest payout
TXN002939,CUST0033,2026-08-01,credit,business_income,8000,Business receipt
TXN002940,CUST0033,2026-08-05,debit,maintenance,270,Society maintenance
TXN002941,CUST0033,2026-08-08,debit,groceries,1170,Groceries
TXN002942,CUST0033,2026-08-12,debit,utilities,490,Electricity and water
TXN002943,CUST0033,2026-08-15,debit,transport,500,Fuel and commute
TXN002944,CUST0033,2026-08-17,debit,dining_entertainment,870,Dining and entertainment
TXN002945,CUST0033,2026-08-10,debit,sip_investment,1400,Mutual fund SIP
TXN002946,CUST0033,2026-08-28,credit,interest_payout,290,Deposit interest payout
TXN002947,CUST0034,2025-09-02,credit,business_income,4300,Business receipt
TXN002948,CUST0034,2025-09-05,debit,rent,1380,House rent
TXN002949,CUST0034,2025-09-17,debit,groceries,630,Groceries
TXN002950,CUST0034,2025-09-12,debit,utilities,210,Electricity and water
TXN002951,CUST0034,2025-09-25,debit,transport,240,Fuel and commute
TXN002952,CUST0034,2025-09-20,debit,dining_entertainment,250,Dining and entertainment
TXN002953,CUST0034,2025-09-07,debit,emi,1690,Loan EMI
TXN002954,CUST0034,2025-10-03,credit,business_income,3800,Business receipt
TXN002955,CUST0034,2025-10-05,debit,rent,1300,House rent
TXN002956,CUST0034,2025-10-10,debit,groceries,710,Groceries
TXN002957,CUST0034,2025-10-12,debit,utilities,210,Electricity and water
TXN002958,CUST0034,2025-10-19,debit,transport,280,Fuel and commute
TXN002959,CUST0034,2025-10-23,debit,dining_entertainment,380,Dining and entertainment
TXN002960,CUST0034,2025-10-07,debit,emi,1680,Loan EMI
TXN002961,CUST0034,2025-11-01,credit,business_income,2900,Business receipt
TXN002962,CUST0034,2025-11-05,debit,rent,1250,House rent
TXN002963,CUST0034,2025-11-17,debit,groceries,760,Groceries
TXN002964,CUST0034,2025-11-12,debit,utilities,260,Electricity and water
TXN002965,CUST0034,2025-11-23,debit,transport,320,Fuel and commute
TXN002966,CUST0034,2025-11-19,debit,dining_entertainment,580,Dining and entertainment
TXN002967,CUST0034,2025-11-07,debit,emi,1690,Loan EMI
TXN002968,CUST0034,2025-12-01,credit,business_income,2400,Business receipt
TXN002969,CUST0034,2025-12-05,debit,rent,1530,House rent
TXN002970,CUST0034,2025-12-20,debit,groceries,500,Groceries
TXN002971,CUST0034,2025-12-12,debit,utilities,230,Electricity and water
TXN002972,CUST0034,2025-12-23,debit,transport,250,Fuel and commute
TXN002973,CUST0034,2025-12-19,debit,dining_entertainment,590,Dining and entertainment
TXN002974,CUST0034,2025-12-07,debit,emi,1700,Loan EMI
TXN002975,CUST0034,2026-01-03,credit,business_income,6200,Business receipt
TXN002976,CUST0034,2026-01-05,debit,rent,1360,House rent
TXN002977,CUST0034,2026-01-09,debit,groceries,600,Groceries
TXN002978,CUST0034,2026-01-12,debit,utilities,180,Electricity and water
TXN002979,CUST0034,2026-01-21,debit,transport,210,Fuel and commute
TXN002980,CUST0034,2026-01-08,debit,dining_entertainment,470,Dining and entertainment
TXN002981,CUST0034,2026-01-07,debit,emi,1700,Loan EMI
TXN002982,CUST0034,2026-02-03,credit,business_income,4800,Business receipt
TXN002983,CUST0034,2026-02-05,debit,rent,1290,House rent
TXN002984,CUST0034,2026-02-15,debit,groceries,540,Groceries
TXN002985,CUST0034,2026-02-12,debit,utilities,290,Electricity and water
TXN002986,CUST0034,2026-02-10,debit,transport,410,Fuel and commute
TXN002987,CUST0034,2026-02-10,debit,dining_entertainment,280,Dining and entertainment
TXN002988,CUST0034,2026-02-07,debit,emi,1700,Loan EMI
TXN002989,CUST0034,2026-03-01,credit,business_income,5600,Business receipt
TXN002990,CUST0034,2026-03-05,debit,rent,1400,House rent
TXN002991,CUST0034,2026-03-12,debit,groceries,520,Groceries
TXN002992,CUST0034,2026-03-12,debit,utilities,170,Electricity and water
TXN002993,CUST0034,2026-03-19,debit,transport,310,Fuel and commute
TXN002994,CUST0034,2026-03-25,debit,dining_entertainment,420,Dining and entertainment
TXN002995,CUST0034,2026-03-07,debit,emi,1700,Loan EMI
TXN002996,CUST0034,2026-03-18,debit,insurance_premium,4290,Insurance premium
TXN002997,CUST0034,2026-04-03,credit,business_income,7300,Business receipt
TXN002998,CUST0034,2026-04-05,debit,rent,1500,House rent
TXN002999,CUST0034,2026-04-15,debit,groceries,490,Groceries
TXN003000,CUST0034,2026-04-12,debit,utilities,270,Electricity and water
TXN003001,CUST0034,2026-04-14,debit,transport,290,Fuel and commute
TXN003002,CUST0034,2026-04-14,debit,dining_entertainment,340,Dining and entertainment
TXN003003,CUST0034,2026-04-07,debit,emi,1710,Loan EMI
TXN003004,CUST0034,2026-05-02,credit,business_income,8000,Business receipt
TXN003005,CUST0034,2026-05-05,debit,rent,1250,House rent
TXN003006,CUST0034,2026-05-17,debit,groceries,480,Groceries
TXN003007,CUST0034,2026-05-12,debit,utilities,210,Electricity and water
TXN003008,CUST0034,2026-05-19,debit,transport,300,Fuel and commute
TXN003009,CUST0034,2026-05-13,debit,dining_entertainment,510,Dining and entertainment
TXN003010,CUST0034,2026-05-07,debit,emi,1680,Loan EMI
TXN003011,CUST0034,2026-05-19,debit,shopping,370,Online shopping
TXN003012,CUST0034,2026-06-02,credit,business_income,7800,Business receipt
TXN003013,CUST0034,2026-06-05,debit,rent,1410,House rent
TXN003014,CUST0034,2026-06-09,debit,groceries,530,Groceries
TXN003015,CUST0034,2026-06-12,debit,utilities,160,Electricity and water
TXN003016,CUST0034,2026-06-16,debit,transport,240,Fuel and commute
TXN003017,CUST0034,2026-06-21,debit,dining_entertainment,330,Dining and entertainment
TXN003018,CUST0034,2026-06-07,debit,emi,1690,Loan EMI
TXN003019,CUST0034,2026-06-05,debit,shopping,440,Online shopping
TXN003020,CUST0034,2026-07-02,credit,business_income,3800,Business receipt
TXN003021,CUST0034,2026-07-05,debit,rent,1290,House rent
TXN003022,CUST0034,2026-07-06,debit,groceries,480,Groceries
TXN003023,CUST0034,2026-07-12,debit,utilities,240,Electricity and water
TXN003024,CUST0034,2026-07-13,debit,transport,320,Fuel and commute
TXN003025,CUST0034,2026-07-16,debit,dining_entertainment,240,Dining and entertainment
TXN003026,CUST0034,2026-07-07,debit,emi,1700,Loan EMI
TXN003027,CUST0034,2026-07-03,debit,medical,1290,Medical expenses
TXN003028,CUST0034,2026-07-03,debit,shopping,390,Online shopping
TXN003029,CUST0034,2026-08-03,credit,business_income,4300,Business receipt
TXN003030,CUST0034,2026-08-05,debit,rent,1530,House rent
TXN003031,CUST0034,2026-08-20,debit,groceries,720,Groceries
TXN003032,CUST0034,2026-08-12,debit,utilities,220,Electricity and water
TXN003033,CUST0034,2026-08-23,debit,transport,390,Fuel and commute
TXN003034,CUST0034,2026-08-18,debit,dining_entertainment,360,Dining and entertainment
TXN003035,CUST0034,2026-08-07,debit,emi,1710,Loan EMI
TXN003036,CUST0035,2025-09-02,credit,salary,3300,Monthly credit
TXN003037,CUST0035,2025-09-05,debit,rent,620,House rent
TXN003038,CUST0035,2025-09-19,debit,groceries,300,Groceries
TXN003039,CUST0035,2025-09-12,debit,utilities,160,Electricity and water
TXN003040,CUST0035,2025-09-14,debit,transport,250,Fuel and commute
TXN003041,CUST0035,2025-09-11,debit,dining_entertainment,160,Dining and entertainment
TXN003042,CUST0035,2025-09-18,debit,insurance_premium,4270,Insurance premium
TXN003043,CUST0035,2025-10-02,credit,salary,3300,Monthly credit
TXN003044,CUST0035,2025-10-05,debit,rent,580,House rent
TXN003045,CUST0035,2025-10-19,debit,groceries,460,Groceries
TXN003046,CUST0035,2025-10-12,debit,utilities,140,Electricity and water
TXN003047,CUST0035,2025-10-16,debit,transport,200,Fuel and commute
TXN003048,CUST0035,2025-10-18,debit,dining_entertainment,160,Dining and entertainment
TXN003049,CUST0035,2025-10-03,debit,medical,580,Medical expenses
TXN003050,CUST0035,2025-11-03,credit,salary,3300,Monthly credit
TXN003051,CUST0035,2025-11-05,debit,rent,580,House rent
TXN003052,CUST0035,2025-11-12,debit,groceries,440,Groceries
TXN003053,CUST0035,2025-11-12,debit,utilities,170,Electricity and water
TXN003054,CUST0035,2025-11-21,debit,transport,260,Fuel and commute
TXN003055,CUST0035,2025-11-23,debit,dining_entertainment,260,Dining and entertainment
TXN003056,CUST0035,2025-12-03,credit,salary,3300,Monthly credit
TXN003057,CUST0035,2025-12-05,debit,rent,570,House rent
TXN003058,CUST0035,2025-12-17,debit,groceries,440,Groceries
TXN003059,CUST0035,2025-12-12,debit,utilities,110,Electricity and water
TXN003060,CUST0035,2025-12-11,debit,transport,210,Fuel and commute
TXN003061,CUST0035,2025-12-10,debit,dining_entertainment,190,Dining and entertainment
TXN003062,CUST0035,2026-01-02,credit,salary,3300,Monthly credit
TXN003063,CUST0035,2026-01-05,debit,rent,540,House rent
TXN003064,CUST0035,2026-01-07,debit,groceries,400,Groceries
TXN003065,CUST0035,2026-01-12,debit,utilities,140,Electricity and water
TXN003066,CUST0035,2026-01-17,debit,transport,220,Fuel and commute
TXN003067,CUST0035,2026-01-10,debit,dining_entertainment,210,Dining and entertainment
TXN003068,CUST0035,2026-02-02,credit,salary,3200,Monthly credit
TXN003069,CUST0035,2026-02-05,debit,rent,630,House rent
TXN003070,CUST0035,2026-02-09,debit,groceries,470,Groceries
TXN003071,CUST0035,2026-02-12,debit,utilities,170,Electricity and water
TXN003072,CUST0035,2026-02-13,debit,transport,240,Fuel and commute
TXN003073,CUST0035,2026-02-25,debit,dining_entertainment,310,Dining and entertainment
TXN003074,CUST0035,2026-03-02,credit,salary,3300,Monthly credit
TXN003075,CUST0035,2026-03-05,debit,rent,630,House rent
TXN003076,CUST0035,2026-03-18,debit,groceries,510,Groceries
TXN003077,CUST0035,2026-03-12,debit,utilities,190,Electricity and water
TXN003078,CUST0035,2026-03-20,debit,transport,140,Fuel and commute
TXN003079,CUST0035,2026-03-20,debit,dining_entertainment,250,Dining and entertainment
TXN003080,CUST0035,2026-04-02,credit,salary,3300,Monthly credit
TXN003081,CUST0035,2026-04-05,debit,rent,620,House rent
TXN003082,CUST0035,2026-04-07,debit,groceries,350,Groceries
TXN003083,CUST0035,2026-04-12,debit,utilities,120,Electricity and water
TXN003084,CUST0035,2026-04-20,debit,transport,150,Fuel and commute
TXN003085,CUST0035,2026-04-14,debit,dining_entertainment,330,Dining and entertainment
TXN003086,CUST0035,2026-04-13,debit,shopping,210,Online shopping
TXN003087,CUST0035,2026-05-03,credit,salary,3300,Monthly credit
TXN003088,CUST0035,2026-05-05,debit,rent,610,House rent
TXN003089,CUST0035,2026-05-15,debit,groceries,370,Groceries
TXN003090,CUST0035,2026-05-12,debit,utilities,150,Electricity and water
TXN003091,CUST0035,2026-05-23,debit,transport,270,Fuel and commute
TXN003092,CUST0035,2026-05-19,debit,dining_entertainment,230,Dining and entertainment
TXN003093,CUST0035,2026-06-03,credit,salary,3200,Monthly credit
TXN003094,CUST0035,2026-06-05,debit,rent,590,House rent
TXN003095,CUST0035,2026-06-12,debit,groceries,350,Groceries
TXN003096,CUST0035,2026-06-12,debit,utilities,100,Electricity and water
TXN003097,CUST0035,2026-06-20,debit,transport,270,Fuel and commute
TXN003098,CUST0035,2026-06-17,debit,dining_entertainment,190,Dining and entertainment
TXN003099,CUST0035,2026-07-03,credit,salary,3300,Monthly credit
TXN003100,CUST0035,2026-07-05,debit,rent,560,House rent
TXN003101,CUST0035,2026-07-19,debit,groceries,470,Groceries
TXN003102,CUST0035,2026-07-12,debit,utilities,180,Electricity and water
TXN003103,CUST0035,2026-07-20,debit,transport,250,Fuel and commute
TXN003104,CUST0035,2026-07-11,debit,dining_entertainment,230,Dining and entertainment
TXN003105,CUST0035,2026-08-03,credit,salary,3300,Monthly credit
TXN003106,CUST0035,2026-08-05,debit,rent,620,House rent
TXN003107,CUST0035,2026-08-17,debit,groceries,410,Groceries
TXN003108,CUST0035,2026-08-12,debit,utilities,190,Electricity and water
TXN003109,CUST0035,2026-08-20,debit,transport,140,Fuel and commute
TXN003110,CUST0035,2026-08-14,debit,dining_entertainment,190,Dining and entertainment
TXN003111,CUST0036,2025-09-03,credit,business_income,8300,Business receipt
TXN003112,CUST0036,2025-09-05,debit,maintenance,190,Society maintenance
TXN003113,CUST0036,2025-09-16,debit,groceries,1090,Groceries
TXN003114,CUST0036,2025-09-12,debit,utilities,390,Electricity and water
TXN003115,CUST0036,2025-09-10,debit,transport,330,Fuel and commute
TXN003116,CUST0036,2025-09-18,debit,dining_entertainment,600,Dining and entertainment
TXN003117,CUST0036,2025-09-15,debit,school_fees,4220,School fees
TXN003118,CUST0036,2025-09-28,credit,interest_payout,200,Deposit interest payout
TXN003119,CUST0036,2025-10-02,credit,business_income,7800,Business receipt
TXN003120,CUST0036,2025-10-05,debit,maintenance,220,Society maintenance
TXN003121,CUST0036,2025-10-19,debit,groceries,710,Groceries
TXN003122,CUST0036,2025-10-12,debit,utilities,320,Electricity and water
TXN003123,CUST0036,2025-10-20,debit,transport,310,Fuel and commute
TXN003124,CUST0036,2025-10-26,debit,dining_entertainment,700,Dining and entertainment
TXN003125,CUST0036,2025-10-12,debit,shopping,780,Online shopping
TXN003126,CUST0036,2025-10-28,credit,interest_payout,200,Deposit interest payout
TXN003127,CUST0036,2025-11-03,credit,business_income,5400,Business receipt
TXN003128,CUST0036,2025-11-05,debit,maintenance,200,Society maintenance
TXN003129,CUST0036,2025-11-09,debit,groceries,1050,Groceries
TXN003130,CUST0036,2025-11-12,debit,utilities,250,Electricity and water
TXN003131,CUST0036,2025-11-10,debit,transport,530,Fuel and commute
TXN003132,CUST0036,2025-11-26,debit,dining_entertainment,510,Dining and entertainment
TXN003133,CUST0036,2025-11-18,debit,insurance_premium,4090,Insurance premium
TXN003134,CUST0036,2025-11-28,credit,interest_payout,410,Deposit interest payout
TXN003135,CUST0036,2025-12-01,credit,business_income,7600,Business receipt
TXN003136,CUST0036,2025-12-05,debit,maintenance,240,Society maintenance
TXN003137,CUST0036,2025-12-13,debit,groceries,660,Groceries
TXN003138,CUST0036,2025-12-12,debit,utilities,240,Electricity and water
TXN003139,CUST0036,2025-12-20,debit,transport,290,Fuel and commute
TXN003140,CUST0036,2025-12-12,debit,dining_entertainment,620,Dining and entertainment
TXN003141,CUST0036,2025-12-15,debit,school_fees,4930,School fees
TXN003142,CUST0036,2025-12-18,debit,shopping,350,Online shopping
TXN003143,CUST0036,2025-12-28,credit,interest_payout,300,Deposit interest payout
TXN003144,CUST0036,2026-01-03,credit,business_income,5500,Business receipt
TXN003145,CUST0036,2026-01-05,debit,maintenance,190,Society maintenance
TXN003146,CUST0036,2026-01-18,debit,groceries,950,Groceries
TXN003147,CUST0036,2026-01-12,debit,utilities,340,Electricity and water
TXN003148,CUST0036,2026-01-24,debit,transport,300,Fuel and commute
TXN003149,CUST0036,2026-01-20,debit,dining_entertainment,760,Dining and entertainment
TXN003150,CUST0036,2026-01-28,credit,interest_payout,200,Deposit interest payout
TXN003151,CUST0036,2026-02-02,credit,business_income,5100,Business receipt
TXN003152,CUST0036,2026-02-05,debit,maintenance,210,Society maintenance
TXN003153,CUST0036,2026-02-09,debit,groceries,1060,Groceries
TXN003154,CUST0036,2026-02-12,debit,utilities,210,Electricity and water
TXN003155,CUST0036,2026-02-25,debit,transport,470,Fuel and commute
TXN003156,CUST0036,2026-02-11,debit,dining_entertainment,460,Dining and entertainment
TXN003157,CUST0036,2026-02-23,debit,shopping,500,Online shopping
TXN003158,CUST0036,2026-02-28,credit,interest_payout,220,Deposit interest payout
TXN003159,CUST0036,2026-03-02,credit,business_income,5300,Business receipt
TXN003160,CUST0036,2026-03-05,debit,maintenance,170,Society maintenance
TXN003161,CUST0036,2026-03-18,debit,groceries,1060,Groceries
TXN003162,CUST0036,2026-03-12,debit,utilities,310,Electricity and water
TXN003163,CUST0036,2026-03-10,debit,transport,410,Fuel and commute
TXN003164,CUST0036,2026-03-25,debit,dining_entertainment,520,Dining and entertainment
TXN003165,CUST0036,2026-03-15,debit,school_fees,5470,School fees
TXN003166,CUST0036,2026-03-20,debit,shopping,720,Online shopping
TXN003167,CUST0036,2026-03-28,credit,interest_payout,350,Deposit interest payout
TXN003168,CUST0036,2026-04-01,credit,business_income,5300,Business receipt
TXN003169,CUST0036,2026-04-05,debit,maintenance,240,Society maintenance
TXN003170,CUST0036,2026-04-08,debit,groceries,1050,Groceries
TXN003171,CUST0036,2026-04-12,debit,utilities,380,Electricity and water
TXN003172,CUST0036,2026-04-10,debit,transport,510,Fuel and commute
TXN003173,CUST0036,2026-04-18,debit,dining_entertainment,600,Dining and entertainment
TXN003174,CUST0036,2026-04-08,debit,shopping,330,Online shopping
TXN003175,CUST0036,2026-04-28,credit,interest_payout,200,Deposit interest payout
TXN003176,CUST0036,2026-05-01,credit,business_income,7900,Business receipt
TXN003177,CUST0036,2026-05-05,debit,maintenance,240,Society maintenance
TXN003178,CUST0036,2026-05-11,debit,groceries,860,Groceries
TXN003179,CUST0036,2026-05-12,debit,utilities,400,Electricity and water
TXN003180,CUST0036,2026-05-10,debit,transport,330,Fuel and commute
TXN003181,CUST0036,2026-05-09,debit,dining_entertainment,450,Dining and entertainment
TXN003182,CUST0036,2026-05-28,credit,interest_payout,320,Deposit interest payout
TXN003183,CUST0036,2026-06-03,credit,business_income,6600,Business receipt
TXN003184,CUST0036,2026-06-05,debit,maintenance,200,Society maintenance
TXN003185,CUST0036,2026-06-20,debit,groceries,770,Groceries
TXN003186,CUST0036,2026-06-12,debit,utilities,410,Electricity and water
TXN003187,CUST0036,2026-06-16,debit,transport,390,Fuel and commute
TXN003188,CUST0036,2026-06-09,debit,dining_entertainment,670,Dining and entertainment
TXN003189,CUST0036,2026-06-15,debit,school_fees,3580,School fees
TXN003190,CUST0036,2026-06-28,credit,interest_payout,400,Deposit interest payout
TXN003191,CUST0036,2026-07-01,credit,business_income,7300,Business receipt
TXN003192,CUST0036,2026-07-05,debit,maintenance,210,Society maintenance
TXN003193,CUST0036,2026-07-17,debit,groceries,750,Groceries
TXN003194,CUST0036,2026-07-12,debit,utilities,330,Electricity and water
TXN003195,CUST0036,2026-07-18,debit,transport,300,Fuel and commute
TXN003196,CUST0036,2026-07-13,debit,dining_entertainment,460,Dining and entertainment
TXN003197,CUST0036,2026-07-16,debit,shopping,360,Online shopping
TXN003198,CUST0036,2026-08-01,credit,business_income,5400,Business receipt
TXN003199,CUST0036,2026-08-05,debit,maintenance,170,Society maintenance
TXN003200,CUST0036,2026-08-16,debit,groceries,970,Groceries
TXN003201,CUST0036,2026-08-12,debit,utilities,350,Electricity and water
TXN003202,CUST0036,2026-08-21,debit,transport,340,Fuel and commute
TXN003203,CUST0036,2026-08-24,debit,dining_entertainment,610,Dining and entertainment
TXN003204,CUST0036,2026-08-28,credit,interest_payout,410,Deposit interest payout
TXN003205,CUST0037,2025-09-03,credit,business_income,2800,Business receipt
TXN003206,CUST0037,2025-09-05,debit,rent,680,House rent
TXN003207,CUST0037,2025-09-07,debit,groceries,510,Groceries
TXN003208,CUST0037,2025-09-12,debit,utilities,150,Electricity and water
TXN003209,CUST0037,2025-09-20,debit,transport,170,Fuel and commute
TXN003210,CUST0037,2025-09-12,debit,dining_entertainment,720,Dining and entertainment
TXN003211,CUST0037,2025-09-07,debit,emi,1060,Loan EMI
TXN003212,CUST0037,2025-09-10,debit,sip_investment,600,Mutual fund SIP
TXN003213,CUST0037,2025-09-10,debit,shopping,250,Online shopping
TXN003214,CUST0037,2025-10-01,credit,business_income,3400,Business receipt
TXN003215,CUST0037,2025-10-05,debit,rent,790,House rent
TXN003216,CUST0037,2025-10-14,debit,groceries,390,Groceries
TXN003217,CUST0037,2025-10-12,debit,utilities,200,Electricity and water
TXN003218,CUST0037,2025-10-25,debit,transport,220,Fuel and commute
TXN003219,CUST0037,2025-10-19,debit,dining_entertainment,380,Dining and entertainment
TXN003220,CUST0037,2025-10-07,debit,emi,1060,Loan EMI
TXN003221,CUST0037,2025-10-10,debit,sip_investment,600,Mutual fund SIP
TXN003222,CUST0037,2025-10-18,debit,insurance_premium,5110,Insurance premium
TXN003223,CUST0037,2025-11-01,credit,business_income,5900,Business receipt
TXN003224,CUST0037,2025-11-05,debit,rent,720,House rent
TXN003225,CUST0037,2025-11-08,debit,groceries,570,Groceries
TXN003226,CUST0037,2025-11-12,debit,utilities,160,Electricity and water
TXN003227,CUST0037,2025-11-22,debit,transport,300,Fuel and commute
TXN003228,CUST0037,2025-11-12,debit,dining_entertainment,570,Dining and entertainment
TXN003229,CUST0037,2025-11-07,debit,emi,1050,Loan EMI
TXN003230,CUST0037,2025-11-10,debit,sip_investment,600,Mutual fund SIP
TXN003231,CUST0037,2025-12-01,credit,business_income,4700,Business receipt
TXN003232,CUST0037,2025-12-05,debit,rent,720,House rent
TXN003233,CUST0037,2025-12-06,debit,groceries,560,Groceries
TXN003234,CUST0037,2025-12-12,debit,utilities,230,Electricity and water
TXN003235,CUST0037,2025-12-21,debit,transport,280,Fuel and commute
TXN003236,CUST0037,2025-12-15,debit,dining_entertainment,690,Dining and entertainment
TXN003237,CUST0037,2025-12-07,debit,emi,1060,Loan EMI
TXN003238,CUST0037,2025-12-10,debit,sip_investment,600,Mutual fund SIP
TXN003239,CUST0037,2026-01-02,credit,business_income,3700,Business receipt
TXN003240,CUST0037,2026-01-05,debit,rent,790,House rent
TXN003241,CUST0037,2026-01-10,debit,groceries,500,Groceries
TXN003242,CUST0037,2026-01-12,debit,utilities,230,Electricity and water
TXN003243,CUST0037,2026-01-17,debit,transport,260,Fuel and commute
TXN003244,CUST0037,2026-01-10,debit,dining_entertainment,480,Dining and entertainment
TXN003245,CUST0037,2026-01-07,debit,emi,1060,Loan EMI
TXN003246,CUST0037,2026-01-10,debit,sip_investment,600,Mutual fund SIP
TXN003247,CUST0037,2026-02-01,credit,business_income,2000,Business receipt
TXN003248,CUST0037,2026-02-05,debit,rent,680,House rent
TXN003249,CUST0037,2026-02-07,debit,groceries,420,Groceries
TXN003250,CUST0037,2026-02-12,debit,utilities,130,Electricity and water
TXN003251,CUST0037,2026-02-19,debit,transport,170,Fuel and commute
TXN003252,CUST0037,2026-02-23,debit,dining_entertainment,610,Dining and entertainment
TXN003253,CUST0037,2026-02-07,debit,emi,1060,Loan EMI
TXN003254,CUST0037,2026-02-10,debit,sip_investment,600,Mutual fund SIP
TXN003255,CUST0037,2026-02-23,debit,medical,1520,Medical expenses
TXN003256,CUST0037,2026-03-02,credit,business_income,5100,Business receipt
TXN003257,CUST0037,2026-03-05,debit,rent,740,House rent
TXN003258,CUST0037,2026-03-16,debit,groceries,550,Groceries
TXN003259,CUST0037,2026-03-12,debit,utilities,220,Electricity and water
TXN003260,CUST0037,2026-03-22,debit,transport,290,Fuel and commute
TXN003261,CUST0037,2026-03-14,debit,dining_entertainment,340,Dining and entertainment
TXN003262,CUST0037,2026-03-07,debit,emi,1060,Loan EMI
TXN003263,CUST0037,2026-03-10,debit,sip_investment,600,Mutual fund SIP
TXN003264,CUST0037,2026-04-03,credit,business_income,4900,Business receipt
TXN003265,CUST0037,2026-04-05,debit,rent,720,House rent
TXN003266,CUST0037,2026-04-16,debit,groceries,630,Groceries
TXN003267,CUST0037,2026-04-12,debit,utilities,230,Electricity and water
TXN003268,CUST0037,2026-04-11,debit,transport,320,Fuel and commute
TXN003269,CUST0037,2026-04-13,debit,dining_entertainment,640,Dining and entertainment
TXN003270,CUST0037,2026-04-07,debit,emi,1060,Loan EMI
TXN003271,CUST0037,2026-04-10,debit,sip_investment,600,Mutual fund SIP
TXN003272,CUST0037,2026-05-01,credit,business_income,2600,Business receipt
TXN003273,CUST0037,2026-05-05,debit,rent,720,House rent
TXN003274,CUST0037,2026-05-11,debit,groceries,390,Groceries
TXN003275,CUST0037,2026-05-12,debit,utilities,230,Electricity and water
TXN003276,CUST0037,2026-05-22,debit,transport,240,Fuel and commute
TXN003277,CUST0037,2026-05-11,debit,dining_entertainment,420,Dining and entertainment
TXN003278,CUST0037,2026-05-07,debit,emi,1050,Loan EMI
TXN003279,CUST0037,2026-05-10,debit,sip_investment,600,Mutual fund SIP
TXN003280,CUST0037,2026-06-01,credit,business_income,5600,Business receipt
TXN003281,CUST0037,2026-06-05,debit,rent,710,House rent
TXN003282,CUST0037,2026-06-10,debit,groceries,490,Groceries
TXN003283,CUST0037,2026-06-12,debit,utilities,140,Electricity and water
TXN003284,CUST0037,2026-06-22,debit,transport,300,Fuel and commute
TXN003285,CUST0037,2026-06-17,debit,dining_entertainment,440,Dining and entertainment
TXN003286,CUST0037,2026-06-07,debit,emi,1060,Loan EMI
TXN003287,CUST0037,2026-06-10,debit,sip_investment,600,Mutual fund SIP
TXN003288,CUST0037,2026-07-02,credit,business_income,5800,Business receipt
TXN003289,CUST0037,2026-07-05,debit,rent,800,House rent
TXN003290,CUST0037,2026-07-06,debit,groceries,590,Groceries
TXN003291,CUST0037,2026-07-12,debit,utilities,160,Electricity and water
TXN003292,CUST0037,2026-07-20,debit,transport,280,Fuel and commute
TXN003293,CUST0037,2026-07-11,debit,dining_entertainment,480,Dining and entertainment
TXN003294,CUST0037,2026-07-07,debit,emi,1040,Loan EMI
TXN003295,CUST0037,2026-07-10,debit,sip_investment,600,Mutual fund SIP
TXN003296,CUST0037,2026-07-06,debit,shopping,240,Online shopping
TXN003297,CUST0037,2026-08-01,credit,business_income,3600,Business receipt
TXN003298,CUST0037,2026-08-05,debit,rent,680,House rent
TXN003299,CUST0037,2026-08-08,debit,groceries,500,Groceries
TXN003300,CUST0037,2026-08-12,debit,utilities,160,Electricity and water
TXN003301,CUST0037,2026-08-10,debit,transport,340,Fuel and commute
TXN003302,CUST0037,2026-08-16,debit,dining_entertainment,410,Dining and entertainment
TXN003303,CUST0037,2026-08-07,debit,emi,1050,Loan EMI
TXN003304,CUST0037,2026-08-10,debit,sip_investment,600,Mutual fund SIP
TXN003305,CUST0038,2025-09-02,credit,business_income,6800,Business receipt
TXN003306,CUST0038,2025-09-05,debit,rent,1140,House rent
TXN003307,CUST0038,2025-09-19,debit,groceries,800,Groceries
TXN003308,CUST0038,2025-09-12,debit,utilities,280,Electricity and water
TXN003309,CUST0038,2025-09-23,debit,transport,310,Fuel and commute
TXN003310,CUST0038,2025-09-14,debit,dining_entertainment,320,Dining and entertainment
TXN003311,CUST0038,2025-09-15,debit,school_fees,3030,School fees
TXN003312,CUST0038,2025-09-13,debit,shopping,450,Online shopping
TXN003313,CUST0038,2025-10-01,credit,business_income,8200,Business receipt
TXN003314,CUST0038,2025-10-05,debit,rent,1280,House rent
TXN003315,CUST0038,2025-10-16,debit,groceries,1040,Groceries
TXN003316,CUST0038,2025-10-12,debit,utilities,390,Electricity and water
TXN003317,CUST0038,2025-10-25,debit,transport,300,Fuel and commute
TXN003318,CUST0038,2025-10-12,debit,dining_entertainment,580,Dining and entertainment
TXN003319,CUST0038,2025-11-03,credit,business_income,8100,Business receipt
TXN003320,CUST0038,2025-11-05,debit,rent,1300,House rent
TXN003321,CUST0038,2025-11-19,debit,groceries,940,Groceries
TXN003322,CUST0038,2025-11-12,debit,utilities,270,Electricity and water
TXN003323,CUST0038,2025-11-13,debit,transport,300,Fuel and commute
TXN003324,CUST0038,2025-11-12,debit,dining_entertainment,700,Dining and entertainment
TXN003325,CUST0038,2025-11-18,debit,insurance_premium,4260,Insurance premium
TXN003326,CUST0038,2025-12-03,credit,business_income,5600,Business receipt
TXN003327,CUST0038,2025-12-05,debit,rent,1320,House rent
TXN003328,CUST0038,2025-12-15,debit,groceries,800,Groceries
TXN003329,CUST0038,2025-12-12,debit,utilities,340,Electricity and water
TXN003330,CUST0038,2025-12-19,debit,transport,410,Fuel and commute
TXN003331,CUST0038,2025-12-10,debit,dining_entertainment,450,Dining and entertainment
TXN003332,CUST0038,2025-12-15,debit,school_fees,5200,School fees
TXN003333,CUST0038,2025-12-10,debit,shopping,500,Online shopping
TXN003334,CUST0038,2026-01-01,credit,business_income,5700,Business receipt
TXN003335,CUST0038,2026-01-05,debit,rent,1330,House rent
TXN003336,CUST0038,2026-01-09,debit,groceries,1060,Groceries
TXN003337,CUST0038,2026-01-12,debit,utilities,330,Electricity and water
TXN003338,CUST0038,2026-01-25,debit,transport,400,Fuel and commute
TXN003339,CUST0038,2026-01-11,debit,dining_entertainment,650,Dining and entertainment
TXN003340,CUST0038,2026-02-03,credit,business_income,5300,Business receipt
TXN003341,CUST0038,2026-02-05,debit,rent,1270,House rent
TXN003342,CUST0038,2026-02-07,debit,groceries,660,Groceries
TXN003343,CUST0038,2026-02-12,debit,utilities,220,Electricity and water
TXN003344,CUST0038,2026-02-16,debit,transport,270,Fuel and commute
TXN003345,CUST0038,2026-02-21,debit,dining_entertainment,760,Dining and entertainment
TXN003346,CUST0038,2026-02-03,debit,medical,790,Medical expenses
TXN003347,CUST0038,2026-03-03,credit,business_income,6700,Business receipt
TXN003348,CUST0038,2026-03-05,debit,rent,1270,House rent
TXN003349,CUST0038,2026-03-11,debit,groceries,700,Groceries
TXN003350,CUST0038,2026-03-12,debit,utilities,280,Electricity and water
TXN003351,CUST0038,2026-03-23,debit,transport,280,Fuel and commute
TXN003352,CUST0038,2026-03-17,debit,dining_entertainment,620,Dining and entertainment
TXN003353,CUST0038,2026-03-15,debit,school_fees,3030,School fees
TXN003354,CUST0038,2026-04-01,credit,business_income,7500,Business receipt
TXN003355,CUST0038,2026-04-05,debit,rent,1200,House rent
TXN003356,CUST0038,2026-04-06,debit,groceries,620,Groceries
TXN003357,CUST0038,2026-04-12,debit,utilities,200,Electricity and water
TXN003358,CUST0038,2026-04-20,debit,transport,480,Fuel and commute
TXN003359,CUST0038,2026-04-23,debit,dining_entertainment,420,Dining and entertainment
TXN003360,CUST0038,2026-05-02,credit,business_income,6300,Business receipt
TXN003361,CUST0038,2026-05-05,debit,rent,1350,House rent
TXN003362,CUST0038,2026-05-10,debit,groceries,760,Groceries
TXN003363,CUST0038,2026-05-12,debit,utilities,220,Electricity and water
TXN003364,CUST0038,2026-05-14,debit,transport,480,Fuel and commute
TXN003365,CUST0038,2026-05-19,debit,dining_entertainment,470,Dining and entertainment
TXN003366,CUST0038,2026-06-01,credit,business_income,7000,Business receipt
TXN003367,CUST0038,2026-06-05,debit,rent,1280,House rent
TXN003368,CUST0038,2026-06-12,debit,groceries,690,Groceries
TXN003369,CUST0038,2026-06-12,debit,utilities,210,Electricity and water
TXN003370,CUST0038,2026-06-13,debit,transport,300,Fuel and commute
TXN003371,CUST0038,2026-06-14,debit,dining_entertainment,330,Dining and entertainment
TXN003372,CUST0038,2026-06-15,debit,school_fees,3300,School fees
TXN003373,CUST0038,2026-06-22,debit,shopping,760,Online shopping
TXN003374,CUST0038,2026-07-03,credit,business_income,6000,Business receipt
TXN003375,CUST0038,2026-07-05,debit,rent,1240,House rent
TXN003376,CUST0038,2026-07-14,debit,groceries,950,Groceries
TXN003377,CUST0038,2026-07-12,debit,utilities,340,Electricity and water
TXN003378,CUST0038,2026-07-16,debit,transport,280,Fuel and commute
TXN003379,CUST0038,2026-07-16,debit,dining_entertainment,520,Dining and entertainment
TXN003380,CUST0038,2026-08-03,credit,business_income,8000,Business receipt
TXN003381,CUST0038,2026-08-05,debit,rent,1360,House rent
TXN003382,CUST0038,2026-08-13,debit,groceries,1010,Groceries
TXN003383,CUST0038,2026-08-12,debit,utilities,320,Electricity and water
TXN003384,CUST0038,2026-08-23,debit,transport,300,Fuel and commute
TXN003385,CUST0038,2026-08-21,debit,dining_entertainment,350,Dining and entertainment
TXN003386,CUST0039,2025-09-03,credit,salary,8700,Monthly credit
TXN003387,CUST0039,2025-09-05,debit,rent,1680,House rent
TXN003388,CUST0039,2025-09-09,debit,groceries,1390,Groceries
TXN003389,CUST0039,2025-09-12,debit,utilities,460,Electricity and water
TXN003390,CUST0039,2025-09-12,debit,transport,520,Fuel and commute
TXN003391,CUST0039,2025-09-24,debit,dining_entertainment,520,Dining and entertainment
TXN003392,CUST0039,2025-09-10,debit,sip_investment,1100,Mutual fund SIP
TXN003393,CUST0039,2025-09-15,debit,school_fees,5220,School fees
TXN003394,CUST0039,2025-09-28,credit,interest_payout,240,Deposit interest payout
TXN003395,CUST0039,2025-10-01,credit,salary,8700,Monthly credit
TXN003396,CUST0039,2025-10-05,debit,rent,1880,House rent
TXN003397,CUST0039,2025-10-20,debit,groceries,800,Groceries
TXN003398,CUST0039,2025-10-12,debit,utilities,470,Electricity and water
TXN003399,CUST0039,2025-10-18,debit,transport,550,Fuel and commute
TXN003400,CUST0039,2025-10-15,debit,dining_entertainment,610,Dining and entertainment
TXN003401,CUST0039,2025-10-10,debit,sip_investment,1100,Mutual fund SIP
TXN003402,CUST0039,2025-10-28,credit,interest_payout,250,Deposit interest payout
TXN003403,CUST0039,2025-11-02,credit,salary,8800,Monthly credit
TXN003404,CUST0039,2025-11-05,debit,rent,1670,House rent
TXN003405,CUST0039,2025-11-20,debit,groceries,880,Groceries
TXN003406,CUST0039,2025-11-12,debit,utilities,330,Electricity and water
TXN003407,CUST0039,2025-11-11,debit,transport,410,Fuel and commute
TXN003408,CUST0039,2025-11-15,debit,dining_entertainment,830,Dining and entertainment
TXN003409,CUST0039,2025-11-10,debit,sip_investment,1100,Mutual fund SIP
TXN003410,CUST0039,2025-11-18,debit,insurance_premium,12280,Insurance premium
TXN003411,CUST0039,2025-11-23,debit,shopping,780,Online shopping
TXN003412,CUST0039,2025-11-28,credit,interest_payout,300,Deposit interest payout
TXN003413,CUST0039,2025-12-03,credit,salary,8600,Monthly credit
TXN003414,CUST0039,2025-12-05,debit,rent,1980,House rent
TXN003415,CUST0039,2025-12-08,debit,groceries,950,Groceries
TXN003416,CUST0039,2025-12-12,debit,utilities,370,Electricity and water
TXN003417,CUST0039,2025-12-20,debit,transport,620,Fuel and commute
TXN003418,CUST0039,2025-12-08,debit,dining_entertainment,1050,Dining and entertainment
TXN003419,CUST0039,2025-12-10,debit,sip_investment,1100,Mutual fund SIP
TXN003420,CUST0039,2025-12-15,debit,school_fees,7170,School fees
TXN003421,CUST0039,2025-12-28,credit,interest_payout,510,Deposit interest payout
TXN003422,CUST0039,2026-01-03,credit,salary,8800,Monthly credit
TXN003423,CUST0039,2026-01-05,debit,rent,1700,House rent
TXN003424,CUST0039,2026-01-12,debit,groceries,1250,Groceries
TXN003425,CUST0039,2026-01-12,debit,utilities,510,Electricity and water
TXN003426,CUST0039,2026-01-16,debit,transport,460,Fuel and commute
TXN003427,CUST0039,2026-01-15,debit,dining_entertainment,940,Dining and entertainment
TXN003428,CUST0039,2026-01-10,debit,sip_investment,1100,Mutual fund SIP
TXN003429,CUST0039,2026-01-27,debit,shopping,760,Online shopping
TXN003430,CUST0039,2026-01-28,credit,interest_payout,330,Deposit interest payout
TXN003431,CUST0039,2026-02-02,credit,salary,8900,Monthly credit
TXN003432,CUST0039,2026-02-05,debit,rent,1790,House rent
TXN003433,CUST0039,2026-02-07,debit,groceries,1350,Groceries
TXN003434,CUST0039,2026-02-12,debit,utilities,390,Electricity and water
TXN003435,CUST0039,2026-02-15,debit,transport,550,Fuel and commute
TXN003436,CUST0039,2026-02-23,debit,dining_entertainment,540,Dining and entertainment
TXN003437,CUST0039,2026-02-10,debit,sip_investment,1100,Mutual fund SIP
TXN003438,CUST0039,2026-02-12,debit,shopping,480,Online shopping
TXN003439,CUST0039,2026-02-28,credit,interest_payout,230,Deposit interest payout
TXN003440,CUST0039,2026-03-03,credit,salary,8700,Monthly credit
TXN003441,CUST0039,2026-03-05,debit,rent,1730,House rent
TXN003442,CUST0039,2026-03-12,debit,groceries,880,Groceries
TXN003443,CUST0039,2026-03-12,debit,utilities,320,Electricity and water
TXN003444,CUST0039,2026-03-22,debit,transport,750,Fuel and commute
TXN003445,CUST0039,2026-03-24,debit,dining_entertainment,480,Dining and entertainment
TXN003446,CUST0039,2026-03-10,debit,sip_investment,1100,Mutual fund SIP
TXN003447,CUST0039,2026-03-15,debit,school_fees,4130,School fees
TXN003448,CUST0039,2026-03-15,debit,shopping,340,Online shopping
TXN003449,CUST0039,2026-03-28,credit,interest_payout,460,Deposit interest payout
TXN003450,CUST0039,2026-04-03,credit,salary,8900,Monthly credit
TXN003451,CUST0039,2026-04-05,debit,rent,2000,House rent
TXN003452,CUST0039,2026-04-18,debit,groceries,870,Groceries
TXN003453,CUST0039,2026-04-12,debit,utilities,280,Electricity and water
TXN003454,CUST0039,2026-04-10,debit,transport,410,Fuel and commute
TXN003455,CUST0039,2026-04-08,debit,dining_entertainment,920,Dining and entertainment
TXN003456,CUST0039,2026-04-10,debit,sip_investment,1100,Mutual fund SIP
TXN003457,CUST0039,2026-04-13,debit,shopping,850,Online shopping
TXN003458,CUST0039,2026-04-28,credit,interest_payout,200,Deposit interest payout
TXN003459,CUST0039,2026-05-03,credit,salary,8700,Monthly credit
TXN003460,CUST0039,2026-05-05,debit,rent,1990,House rent
TXN003461,CUST0039,2026-05-10,debit,groceries,1290,Groceries
TXN003462,CUST0039,2026-05-12,debit,utilities,350,Electricity and water
TXN003463,CUST0039,2026-05-11,debit,transport,420,Fuel and commute
TXN003464,CUST0039,2026-05-16,debit,dining_entertainment,760,Dining and entertainment
TXN003465,CUST0039,2026-05-10,debit,sip_investment,1100,Mutual fund SIP
TXN003466,CUST0039,2026-05-06,debit,shopping,920,Online shopping
TXN003467,CUST0039,2026-05-28,credit,interest_payout,210,Deposit interest payout
TXN003468,CUST0039,2026-06-02,credit,salary,8900,Monthly credit
TXN003469,CUST0039,2026-06-05,debit,rent,1710,House rent
TXN003470,CUST0039,2026-06-06,debit,groceries,1350,Groceries
TXN003471,CUST0039,2026-06-12,debit,utilities,320,Electricity and water
TXN003472,CUST0039,2026-06-21,debit,transport,520,Fuel and commute
TXN003473,CUST0039,2026-06-15,debit,dining_entertainment,840,Dining and entertainment
TXN003474,CUST0039,2026-06-10,debit,sip_investment,1100,Mutual fund SIP
TXN003475,CUST0039,2026-06-15,debit,school_fees,7600,School fees
TXN003476,CUST0039,2026-06-28,credit,interest_payout,490,Deposit interest payout
TXN003477,CUST0039,2026-07-01,credit,salary,8800,Monthly credit
TXN003478,CUST0039,2026-07-05,debit,rent,1740,House rent
TXN003479,CUST0039,2026-07-10,debit,groceries,1380,Groceries
TXN003480,CUST0039,2026-07-12,debit,utilities,350,Electricity and water
TXN003481,CUST0039,2026-07-13,debit,transport,620,Fuel and commute
TXN003482,CUST0039,2026-07-10,debit,dining_entertainment,650,Dining and entertainment
TXN003483,CUST0039,2026-07-10,debit,sip_investment,1100,Mutual fund SIP
TXN003484,CUST0039,2026-07-28,credit,interest_payout,360,Deposit interest payout
TXN003485,CUST0039,2026-08-03,credit,salary,8800,Monthly credit
TXN003486,CUST0039,2026-08-05,debit,rent,1810,House rent
TXN003487,CUST0039,2026-08-16,debit,groceries,1340,Groceries
TXN003488,CUST0039,2026-08-12,debit,utilities,340,Electricity and water
TXN003489,CUST0039,2026-08-21,debit,transport,710,Fuel and commute
TXN003490,CUST0039,2026-08-16,debit,dining_entertainment,980,Dining and entertainment
TXN003491,CUST0039,2026-08-10,debit,sip_investment,1100,Mutual fund SIP
TXN003492,CUST0040,2025-09-01,credit,business_income,17200,Business receipt
TXN003493,CUST0040,2025-09-05,debit,rent,3350,House rent
TXN003494,CUST0040,2025-09-08,debit,groceries,1700,Groceries
TXN003495,CUST0040,2025-09-12,debit,utilities,700,Electricity and water
TXN003496,CUST0040,2025-09-25,debit,transport,1290,Fuel and commute
TXN003497,CUST0040,2025-09-11,debit,dining_entertainment,1810,Dining and entertainment
TXN003498,CUST0040,2025-09-18,debit,insurance_premium,17340,Insurance premium
TXN003499,CUST0040,2025-09-28,credit,interest_payout,1010,Deposit interest payout
TXN003500,CUST0040,2025-10-02,credit,business_income,16700,Business receipt
TXN003501,CUST0040,2025-10-05,debit,rent,3080,House rent
TXN003502,CUST0040,2025-10-13,debit,groceries,2110,Groceries
TXN003503,CUST0040,2025-10-12,debit,utilities,860,Electricity and water
TXN003504,CUST0040,2025-10-20,debit,transport,1030,Fuel and commute
TXN003505,CUST0040,2025-10-15,debit,dining_entertainment,980,Dining and entertainment
TXN003506,CUST0040,2025-10-28,credit,interest_payout,670,Deposit interest payout
TXN003507,CUST0040,2025-11-01,credit,business_income,17000,Business receipt
TXN003508,CUST0040,2025-11-05,debit,rent,3100,House rent
TXN003509,CUST0040,2025-11-12,debit,groceries,2220,Groceries
TXN003510,CUST0040,2025-11-12,debit,utilities,770,Electricity and water
TXN003511,CUST0040,2025-11-17,debit,transport,1340,Fuel and commute
TXN003512,CUST0040,2025-11-15,debit,dining_entertainment,1670,Dining and entertainment
TXN003513,CUST0040,2025-11-14,debit,shopping,1810,Online shopping
TXN003514,CUST0040,2025-11-28,credit,interest_payout,990,Deposit interest payout
TXN003515,CUST0040,2025-12-01,credit,business_income,17200,Business receipt
TXN003516,CUST0040,2025-12-05,debit,rent,3440,House rent
TXN003517,CUST0040,2025-12-19,debit,groceries,1950,Groceries
TXN003518,CUST0040,2025-12-12,debit,utilities,950,Electricity and water
TXN003519,CUST0040,2025-12-19,debit,transport,1370,Fuel and commute
TXN003520,CUST0040,2025-12-25,debit,dining_entertainment,1370,Dining and entertainment
TXN003521,CUST0040,2025-12-28,credit,interest_payout,900,Deposit interest payout
TXN003522,CUST0040,2026-01-01,credit,business_income,16600,Business receipt
TXN003523,CUST0040,2026-01-05,debit,rent,2930,House rent
TXN003524,CUST0040,2026-01-08,debit,groceries,2350,Groceries
TXN003525,CUST0040,2026-01-12,debit,utilities,700,Electricity and water
TXN003526,CUST0040,2026-01-23,debit,transport,700,Fuel and commute
TXN003527,CUST0040,2026-01-11,debit,dining_entertainment,1270,Dining and entertainment
TXN003528,CUST0040,2026-01-08,debit,shopping,1790,Online shopping
TXN003529,CUST0040,2026-01-28,credit,interest_payout,580,Deposit interest payout
TXN003530,CUST0040,2026-02-01,credit,business_income,16700,Business receipt
TXN003531,CUST0040,2026-02-05,debit,rent,2860,House rent
TXN003532,CUST0040,2026-02-12,debit,groceries,2510,Groceries
TXN003533,CUST0040,2026-02-12,debit,utilities,580,Electricity and water
TXN003534,CUST0040,2026-02-14,debit,transport,830,Fuel and commute
TXN003535,CUST0040,2026-02-17,debit,dining_entertainment,1730,Dining and entertainment
TXN003536,CUST0040,2026-02-28,credit,interest_payout,770,Deposit interest payout
TXN003537,CUST0040,2026-03-01,credit,business_income,16600,Business receipt
TXN003538,CUST0040,2026-03-05,debit,rent,2960,House rent
TXN003539,CUST0040,2026-03-06,debit,groceries,2570,Groceries
TXN003540,CUST0040,2026-03-12,debit,utilities,810,Electricity and water
TXN003541,CUST0040,2026-03-15,debit,transport,820,Fuel and commute
TXN003542,CUST0040,2026-03-21,debit,dining_entertainment,820,Dining and entertainment
TXN003543,CUST0040,2026-03-28,credit,interest_payout,900,Deposit interest payout
TXN003544,CUST0040,2026-04-03,credit,business_income,17200,Business receipt
TXN003545,CUST0040,2026-04-05,debit,rent,3050,House rent
TXN003546,CUST0040,2026-04-20,debit,groceries,1800,Groceries
TXN003547,CUST0040,2026-04-12,debit,utilities,580,Electricity and water
TXN003548,CUST0040,2026-04-22,debit,transport,1500,Fuel and commute
TXN003549,CUST0040,2026-04-12,debit,dining_entertainment,2010,Dining and entertainment
TXN003550,CUST0040,2026-04-28,credit,interest_payout,600,Deposit interest payout
TXN003551,CUST0040,2026-05-03,credit,business_income,17200,Business receipt
TXN003552,CUST0040,2026-05-05,debit,rent,3240,House rent
TXN003553,CUST0040,2026-05-17,debit,groceries,1620,Groceries
TXN003554,CUST0040,2026-05-12,debit,utilities,740,Electricity and water
TXN003555,CUST0040,2026-05-22,debit,transport,940,Fuel and commute
TXN003556,CUST0040,2026-05-13,debit,dining_entertainment,1820,Dining and entertainment
TXN003557,CUST0040,2026-05-15,debit,medical,3060,Medical expenses
TXN003558,CUST0040,2026-05-05,debit,shopping,670,Online shopping
TXN003559,CUST0040,2026-05-28,credit,interest_payout,860,Deposit interest payout
TXN003560,CUST0040,2026-06-01,credit,business_income,16800,Business receipt
TXN003561,CUST0040,2026-06-05,debit,rent,3040,House rent
TXN003562,CUST0040,2026-06-07,debit,groceries,2170,Groceries
TXN003563,CUST0040,2026-06-12,debit,utilities,610,Electricity and water
TXN003564,CUST0040,2026-06-19,debit,transport,680,Fuel and commute
TXN003565,CUST0040,2026-06-14,debit,dining_entertainment,1040,Dining and entertainment
TXN003566,CUST0040,2026-06-21,debit,shopping,920,Online shopping
TXN003567,CUST0040,2026-06-28,credit,interest_payout,720,Deposit interest payout
TXN003568,CUST0040,2026-07-01,credit,business_income,17100,Business receipt
TXN003569,CUST0040,2026-07-05,debit,rent,2890,House rent
TXN003570,CUST0040,2026-07-10,debit,groceries,1640,Groceries
TXN003571,CUST0040,2026-07-12,debit,utilities,510,Electricity and water
TXN003572,CUST0040,2026-07-19,debit,transport,980,Fuel and commute
TXN003573,CUST0040,2026-07-24,debit,dining_entertainment,1980,Dining and entertainment
TXN003574,CUST0040,2026-07-28,credit,interest_payout,1000,Deposit interest payout
TXN003575,CUST0040,2026-08-01,credit,business_income,17100,Business receipt
TXN003576,CUST0040,2026-08-05,debit,rent,3070,House rent
TXN003577,CUST0040,2026-08-14,debit,groceries,2590,Groceries
TXN003578,CUST0040,2026-08-12,debit,utilities,560,Electricity and water
TXN003579,CUST0040,2026-08-14,debit,transport,1360,Fuel and commute
TXN003580,CUST0040,2026-08-20,debit,dining_entertainment,840,Dining and entertainment
TXN003581,CUST0040,2026-08-28,credit,interest_payout,440,Deposit interest payout
TXN003582,CUST0041,2025-09-01,credit,business_income,24800,Business receipt
TXN003583,CUST0041,2025-09-05,debit,rent,7320,House rent
TXN003584,CUST0041,2025-09-18,debit,groceries,3400,Groceries
TXN003585,CUST0041,2025-09-12,debit,utilities,1290,Electricity and water
TXN003586,CUST0041,2025-09-20,debit,transport,2240,Fuel and commute
TXN003587,CUST0041,2025-09-12,debit,dining_entertainment,2010,Dining and entertainment
TXN003588,CUST0041,2025-09-10,debit,sip_investment,5900,Mutual fund SIP
TXN003589,CUST0041,2025-09-15,debit,school_fees,28570,School fees
TXN003590,CUST0041,2025-10-03,credit,business_income,25000,Business receipt
TXN003591,CUST0041,2025-10-05,debit,rent,7270,House rent
TXN003592,CUST0041,2025-10-09,debit,groceries,2930,Groceries
TXN003593,CUST0041,2025-10-12,debit,utilities,1500,Electricity and water
TXN003594,CUST0041,2025-10-14,debit,transport,1760,Fuel and commute
TXN003595,CUST0041,2025-10-23,debit,dining_entertainment,2220,Dining and entertainment
TXN003596,CUST0041,2025-10-10,debit,sip_investment,5900,Mutual fund SIP
TXN003597,CUST0041,2025-10-12,debit,shopping,2480,Online shopping
TXN003598,CUST0041,2025-11-01,credit,business_income,25100,Business receipt
TXN003599,CUST0041,2025-11-05,debit,rent,6890,House rent
TXN003600,CUST0041,2025-11-08,debit,groceries,3050,Groceries
TXN003601,CUST0041,2025-11-12,debit,utilities,1450,Electricity and water
TXN003602,CUST0041,2025-11-18,debit,transport,1200,Fuel and commute
TXN003603,CUST0041,2025-11-19,debit,dining_entertainment,2240,Dining and entertainment
TXN003604,CUST0041,2025-11-10,debit,sip_investment,5900,Mutual fund SIP
TXN003605,CUST0041,2025-11-11,debit,shopping,2490,Online shopping
TXN003606,CUST0041,2025-12-02,credit,business_income,25500,Business receipt
TXN003607,CUST0041,2025-12-05,debit,rent,7260,House rent
TXN003608,CUST0041,2025-12-20,debit,groceries,3030,Groceries
TXN003609,CUST0041,2025-12-12,debit,utilities,850,Electricity and water
TXN003610,CUST0041,2025-12-25,debit,transport,1150,Fuel and commute
TXN003611,CUST0041,2025-12-17,debit,dining_entertainment,1270,Dining and entertainment
TXN003612,CUST0041,2025-12-10,debit,sip_investment,5900,Mutual fund SIP
TXN003613,CUST0041,2025-12-15,debit,school_fees,30120,School fees
TXN003614,CUST0041,2026-01-02,credit,business_income,24700,Business receipt
TXN003615,CUST0041,2026-01-05,debit,rent,6910,House rent
TXN003616,CUST0041,2026-01-11,debit,groceries,3350,Groceries
TXN003617,CUST0041,2026-01-12,debit,utilities,1030,Electricity and water
TXN003618,CUST0041,2026-01-24,debit,transport,1850,Fuel and commute
TXN003619,CUST0041,2026-01-09,debit,dining_entertainment,1670,Dining and entertainment
TXN003620,CUST0041,2026-01-10,debit,sip_investment,5900,Mutual fund SIP
TXN003621,CUST0041,2026-02-01,credit,business_income,25300,Business receipt
TXN003622,CUST0041,2026-02-05,debit,rent,7170,House rent
TXN003623,CUST0041,2026-02-08,debit,groceries,3240,Groceries
TXN003624,CUST0041,2026-02-12,debit,utilities,1390,Electricity and water
TXN003625,CUST0041,2026-02-15,debit,transport,1360,Fuel and commute
TXN003626,CUST0041,2026-02-10,debit,dining_entertainment,2230,Dining and entertainment
TXN003627,CUST0041,2026-02-10,debit,sip_investment,5900,Mutual fund SIP
TXN003628,CUST0041,2026-03-02,credit,business_income,25200,Business receipt
TXN003629,CUST0041,2026-03-05,debit,rent,6850,House rent
TXN003630,CUST0041,2026-03-20,debit,groceries,3380,Groceries
TXN003631,CUST0041,2026-03-12,debit,utilities,1360,Electricity and water
TXN003632,CUST0041,2026-03-15,debit,transport,1140,Fuel and commute
TXN003633,CUST0041,2026-03-20,debit,dining_entertainment,2520,Dining and entertainment
TXN003634,CUST0041,2026-03-10,debit,sip_investment,5900,Mutual fund SIP
TXN003635,CUST0041,2026-03-15,debit,school_fees,39330,School fees
TXN003636,CUST0041,2026-04-03,credit,business_income,24800,Business receipt
TXN003637,CUST0041,2026-04-05,debit,rent,6870,House rent
TXN003638,CUST0041,2026-04-13,debit,groceries,3490,Groceries
TXN003639,CUST0041,2026-04-12,debit,utilities,830,Electricity and water
TXN003640,CUST0041,2026-04-14,debit,transport,1570,Fuel and commute
TXN003641,CUST0041,2026-04-12,debit,dining_entertainment,2910,Dining and entertainment
TXN003642,CUST0041,2026-04-10,debit,sip_investment,5900,Mutual fund SIP
TXN003643,CUST0041,2026-05-03,credit,business_income,24600,Business receipt
TXN003644,CUST0041,2026-05-05,debit,rent,7270,House rent
TXN003645,CUST0041,2026-05-18,debit,groceries,2360,Groceries
TXN003646,CUST0041,2026-05-12,debit,utilities,1020,Electricity and water
TXN003647,CUST0041,2026-05-25,debit,transport,1540,Fuel and commute
TXN003648,CUST0041,2026-05-14,debit,dining_entertainment,1580,Dining and entertainment
TXN003649,CUST0041,2026-05-10,debit,sip_investment,5900,Mutual fund SIP
TXN003650,CUST0041,2026-06-02,credit,business_income,25200,Business receipt
TXN003651,CUST0041,2026-06-05,debit,rent,6550,House rent
TXN003652,CUST0041,2026-06-08,debit,groceries,2560,Groceries
TXN003653,CUST0041,2026-06-12,debit,utilities,800,Electricity and water
TXN003654,CUST0041,2026-06-19,debit,transport,1510,Fuel and commute
TXN003655,CUST0041,2026-06-22,debit,dining_entertainment,2780,Dining and entertainment
TXN003656,CUST0041,2026-06-10,debit,sip_investment,5900,Mutual fund SIP
TXN003657,CUST0041,2026-06-15,debit,school_fees,41920,School fees
TXN003658,CUST0041,2026-07-01,credit,business_income,24800,Business receipt
TXN003659,CUST0041,2026-07-05,debit,rent,6330,House rent
TXN003660,CUST0041,2026-07-11,debit,groceries,3840,Groceries
TXN003661,CUST0041,2026-07-12,debit,utilities,1470,Electricity and water
TXN003662,CUST0041,2026-07-16,debit,transport,1370,Fuel and commute
TXN003663,CUST0041,2026-07-21,debit,dining_entertainment,1830,Dining and entertainment
TXN003664,CUST0041,2026-07-10,debit,sip_investment,5900,Mutual fund SIP
TXN003665,CUST0041,2026-08-03,credit,business_income,25300,Business receipt
TXN003666,CUST0041,2026-08-05,debit,rent,6810,House rent
TXN003667,CUST0041,2026-08-15,debit,groceries,3850,Groceries
TXN003668,CUST0041,2026-08-12,debit,utilities,1040,Electricity and water
TXN003669,CUST0041,2026-08-16,debit,transport,1010,Fuel and commute
TXN003670,CUST0041,2026-08-26,debit,dining_entertainment,1340,Dining and entertainment
TXN003671,CUST0041,2026-08-10,debit,sip_investment,5900,Mutual fund SIP
TXN003672,CUST0041,2026-08-18,debit,insurance_premium,26450,Insurance premium
TXN003673,CUST0042,2025-09-01,credit,business_income,17000,Business receipt
TXN003674,CUST0042,2025-09-05,debit,rent,2940,House rent
TXN003675,CUST0042,2025-09-08,debit,groceries,2060,Groceries
TXN003676,CUST0042,2025-09-12,debit,utilities,760,Electricity and water
TXN003677,CUST0042,2025-09-23,debit,transport,940,Fuel and commute
TXN003678,CUST0042,2025-09-08,debit,dining_entertainment,1130,Dining and entertainment
TXN003679,CUST0042,2025-09-15,debit,school_fees,15120,School fees
TXN003680,CUST0042,2025-09-28,credit,interest_payout,770,Deposit interest payout
TXN003681,CUST0042,2025-10-01,credit,business_income,16900,Business receipt
TXN003682,CUST0042,2025-10-05,debit,rent,2980,House rent
TXN003683,CUST0042,2025-10-12,debit,groceries,2680,Groceries
TXN003684,CUST0042,2025-10-12,debit,utilities,860,Electricity and water
TXN003685,CUST0042,2025-10-22,debit,transport,1330,Fuel and commute
TXN003686,CUST0042,2025-10-14,debit,dining_entertainment,1070,Dining and entertainment
TXN003687,CUST0042,2025-10-28,credit,interest_payout,340,Deposit interest payout
TXN003688,CUST0042,2025-11-01,credit,business_income,17100,Business receipt
TXN003689,CUST0042,2025-11-05,debit,rent,3030,House rent
TXN003690,CUST0042,2025-11-19,debit,groceries,1880,Groceries
TXN003691,CUST0042,2025-11-12,debit,utilities,940,Electricity and water
TXN003692,CUST0042,2025-11-24,debit,transport,1260,Fuel and commute
TXN003693,CUST0042,2025-11-19,debit,dining_entertainment,1310,Dining and entertainment
TXN003694,CUST0042,2025-11-28,credit,interest_payout,850,Deposit interest payout
TXN003695,CUST0042,2025-12-01,credit,business_income,16600,Business receipt
TXN003696,CUST0042,2025-12-05,debit,rent,3130,House rent
TXN003697,CUST0042,2025-12-14,debit,groceries,1960,Groceries
TXN003698,CUST0042,2025-12-12,debit,utilities,800,Electricity and water
TXN003699,CUST0042,2025-12-22,debit,transport,1130,Fuel and commute
TXN003700,CUST0042,2025-12-21,debit,dining_entertainment,1150,Dining and entertainment
TXN003701,CUST0042,2025-12-15,debit,school_fees,12120,School fees
TXN003702,CUST0042,2026-01-01,credit,business_income,16600,Business receipt
TXN003703,CUST0042,2026-01-05,debit,rent,3350,House rent
TXN003704,CUST0042,2026-01-16,debit,groceries,1640,Groceries
TXN003705,CUST0042,2026-01-12,debit,utilities,510,Electricity and water
TXN003706,CUST0042,2026-01-13,debit,transport,1460,Fuel and commute
TXN003707,CUST0042,2026-01-25,debit,dining_entertainment,1410,Dining and entertainment
TXN003708,CUST0042,2026-01-28,credit,interest_payout,360,Deposit interest payout
TXN003709,CUST0042,2026-02-02,credit,business_income,16700,Business receipt
TXN003710,CUST0042,2026-02-05,debit,rent,2980,House rent
TXN003711,CUST0042,2026-02-14,debit,groceries,2440,Groceries
TXN003712,CUST0042,2026-02-12,debit,utilities,700,Electricity and water
TXN003713,CUST0042,2026-02-25,debit,transport,840,Fuel and commute
TXN003714,CUST0042,2026-02-19,debit,dining_entertainment,1960,Dining and entertainment
TXN003715,CUST0042,2026-02-28,credit,interest_payout,890,Deposit interest payout
TXN003716,CUST0042,2026-03-03,credit,business_income,17000,Business receipt
TXN003717,CUST0042,2026-03-05,debit,rent,3090,House rent
TXN003718,CUST0042,2026-03-18,debit,groceries,2630,Groceries
TXN003719,CUST0042,2026-03-12,debit,utilities,620,Electricity and water
TXN003720,CUST0042,2026-03-18,debit,transport,910,Fuel and commute
TXN003721,CUST0042,2026-03-21,debit,dining_entertainment,1180,Dining and entertainment
TXN003722,CUST0042,2026-03-15,debit,school_fees,12460,School fees
TXN003723,CUST0042,2026-03-03,debit,medical,6220,Medical expenses
TXN003724,CUST0042,2026-03-14,debit,shopping,740,Online shopping
TXN003725,CUST0042,2026-03-28,credit,interest_payout,680,Deposit interest payout
TXN003726,CUST0042,2026-04-02,credit,business_income,17000,Business receipt
TXN003727,CUST0042,2026-04-05,debit,rent,3050,House rent
TXN003728,CUST0042,2026-04-12,debit,groceries,2650,Groceries
TXN003729,CUST0042,2026-04-12,debit,utilities,630,Electricity and water
TXN003730,CUST0042,2026-04-16,debit,transport,1500,Fuel and commute
TXN003731,CUST0042,2026-04-20,debit,dining_entertainment,1560,Dining and entertainment
TXN003732,CUST0042,2026-04-28,credit,interest_payout,420,Deposit interest payout
TXN003733,CUST0042,2026-05-03,credit,business_income,17000,Business receipt
TXN003734,CUST0042,2026-05-05,debit,rent,2950,House rent
TXN003735,CUST0042,2026-05-14,debit,groceries,2590,Groceries
TXN003736,CUST0042,2026-05-12,debit,utilities,580,Electricity and water
TXN003737,CUST0042,2026-05-14,debit,transport,870,Fuel and commute
TXN003738,CUST0042,2026-05-26,debit,dining_entertainment,1420,Dining and entertainment
TXN003739,CUST0042,2026-05-28,credit,interest_payout,510,Deposit interest payout
TXN003740,CUST0042,2026-06-02,credit,business_income,16900,Business receipt
TXN003741,CUST0042,2026-06-05,debit,rent,2970,House rent
TXN003742,CUST0042,2026-06-12,debit,groceries,1630,Groceries
TXN003743,CUST0042,2026-06-12,debit,utilities,510,Electricity and water
TXN003744,CUST0042,2026-06-14,debit,transport,1320,Fuel and commute
TXN003745,CUST0042,2026-06-25,debit,dining_entertainment,840,Dining and entertainment
TXN003746,CUST0042,2026-06-15,debit,school_fees,14550,School fees
TXN003747,CUST0042,2026-06-28,credit,interest_payout,420,Deposit interest payout
TXN003748,CUST0042,2026-07-03,credit,business_income,16800,Business receipt
TXN003749,CUST0042,2026-07-05,debit,rent,3330,House rent
TXN003750,CUST0042,2026-07-16,debit,groceries,1740,Groceries
TXN003751,CUST0042,2026-07-12,debit,utilities,960,Electricity and water
TXN003752,CUST0042,2026-07-17,debit,transport,920,Fuel and commute
TXN003753,CUST0042,2026-07-20,debit,dining_entertainment,1690,Dining and entertainment
TXN003754,CUST0042,2026-07-28,credit,interest_payout,970,Deposit interest payout
TXN003755,CUST0042,2026-08-03,credit,business_income,17000,Business receipt
TXN003756,CUST0042,2026-08-05,debit,rent,3470,House rent
TXN003757,CUST0042,2026-08-07,debit,groceries,2540,Groceries
TXN003758,CUST0042,2026-08-12,debit,utilities,740,Electricity and water
TXN003759,CUST0042,2026-08-13,debit,transport,1180,Fuel and commute
TXN003760,CUST0042,2026-08-16,debit,dining_entertainment,980,Dining and entertainment
TXN003761,CUST0042,2026-08-18,debit,insurance_premium,22070,Insurance premium
TXN003762,CUST0042,2026-08-28,credit,interest_payout,900,Deposit interest payout
TXN003763,CUST0043,2025-09-03,credit,business_income,20100,Business receipt
TXN003764,CUST0043,2025-09-05,debit,rent,4870,House rent
TXN003765,CUST0043,2025-09-12,debit,groceries,2780,Groceries
TXN003766,CUST0043,2025-09-12,debit,utilities,1140,Electricity and water
TXN003767,CUST0043,2025-09-24,debit,transport,1440,Fuel and commute
TXN003768,CUST0043,2025-09-13,debit,dining_entertainment,2140,Dining and entertainment
TXN003769,CUST0043,2025-09-07,debit,emi,3090,Loan EMI
TXN003770,CUST0043,2025-09-10,debit,sip_investment,3000,Mutual fund SIP
TXN003771,CUST0043,2025-09-15,debit,school_fees,34350,School fees
TXN003772,CUST0043,2025-10-01,credit,business_income,20400,Business receipt
TXN003773,CUST0043,2025-10-05,debit,rent,5830,House rent
TXN003774,CUST0043,2025-10-13,debit,groceries,3210,Groceries
TXN003775,CUST0043,2025-10-12,debit,utilities,1200,Electricity and water
TXN003776,CUST0043,2025-10-10,debit,transport,1410,Fuel and commute
TXN003777,CUST0043,2025-10-16,debit,dining_entertainment,1190,Dining and entertainment
TXN003778,CUST0043,2025-10-07,debit,emi,3130,Loan EMI
TXN003779,CUST0043,2025-10-10,debit,sip_investment,3000,Mutual fund SIP
TXN003780,CUST0043,2025-10-18,debit,insurance_premium,13580,Insurance premium
TXN003781,CUST0043,2025-10-18,debit,medical,1170,Medical expenses
TXN003782,CUST0043,2025-11-02,credit,business_income,19900,Business receipt
TXN003783,CUST0043,2025-11-05,debit,rent,4910,House rent
TXN003784,CUST0043,2025-11-11,debit,groceries,2120,Groceries
TXN003785,CUST0043,2025-11-12,debit,utilities,680,Electricity and water
TXN003786,CUST0043,2025-11-14,debit,transport,890,Fuel and commute
TXN003787,CUST0043,2025-11-23,debit,dining_entertainment,1350,Dining and entertainment
TXN003788,CUST0043,2025-11-07,debit,emi,3090,Loan EMI
TXN003789,CUST0043,2025-11-10,debit,sip_investment,3000,Mutual fund SIP
TXN003790,CUST0043,2025-12-02,credit,business_income,20200,Business receipt
TXN003791,CUST0043,2025-12-05,debit,rent,5580,House rent
TXN003792,CUST0043,2025-12-14,debit,groceries,2510,Groceries
TXN003793,CUST0043,2025-12-12,debit,utilities,1170,Electricity and water
TXN003794,CUST0043,2025-12-18,debit,transport,1730,Fuel and commute
TXN003795,CUST0043,2025-12-16,debit,dining_entertainment,1210,Dining and entertainment
TXN003796,CUST0043,2025-12-07,debit,emi,3130,Loan EMI
TXN003797,CUST0043,2025-12-10,debit,sip_investment,3000,Mutual fund SIP
TXN003798,CUST0043,2025-12-15,debit,school_fees,18200,School fees
TXN003799,CUST0043,2026-01-01,credit,business_income,19800,Business receipt
TXN003800,CUST0043,2026-01-05,debit,rent,5800,House rent
TXN003801,CUST0043,2026-01-20,debit,groceries,2500,Groceries
TXN003802,CUST0043,2026-01-12,debit,utilities,870,Electricity and water
TXN003803,CUST0043,2026-01-18,debit,transport,1400,Fuel and commute
TXN003804,CUST0043,2026-01-11,debit,dining_entertainment,2150,Dining and entertainment
TXN003805,CUST0043,2026-01-07,debit,emi,3110,Loan EMI
TXN003806,CUST0043,2026-01-10,debit,sip_investment,3000,Mutual fund SIP
TXN003807,CUST0043,2026-02-03,credit,business_income,20000,Business receipt
TXN003808,CUST0043,2026-02-05,debit,rent,5660,House rent
TXN003809,CUST0043,2026-02-20,debit,groceries,2440,Groceries
TXN003810,CUST0043,2026-02-12,debit,utilities,620,Electricity and water
TXN003811,CUST0043,2026-02-23,debit,transport,1320,Fuel and commute
TXN003812,CUST0043,2026-02-24,debit,dining_entertainment,1390,Dining and entertainment
TXN003813,CUST0043,2026-02-07,debit,emi,3090,Loan EMI
TXN003814,CUST0043,2026-02-10,debit,sip_investment,3000,Mutual fund SIP
TXN003815,CUST0043,2026-02-12,debit,medical,2270,Medical expenses
TXN003816,CUST0043,2026-03-01,credit,business_income,19900,Business receipt
TXN003817,CUST0043,2026-03-05,debit,rent,4860,House rent
TXN003818,CUST0043,2026-03-11,debit,groceries,2740,Groceries
TXN003819,CUST0043,2026-03-12,debit,utilities,690,Electricity and water
TXN003820,CUST0043,2026-03-10,debit,transport,1120,Fuel and commute
TXN003821,CUST0043,2026-03-08,debit,dining_entertainment,1430,Dining and entertainment
TXN003822,CUST0043,2026-03-07,debit,emi,3120,Loan EMI
TXN003823,CUST0043,2026-03-10,debit,sip_investment,3000,Mutual fund SIP
TXN003824,CUST0043,2026-03-15,debit,school_fees,20440,School fees
TXN003825,CUST0043,2026-04-01,credit,business_income,19900,Business receipt
TXN003826,CUST0043,2026-04-05,debit,rent,5200,House rent
TXN003827,CUST0043,2026-04-14,debit,groceries,2660,Groceries
TXN003828,CUST0043,2026-04-12,debit,utilities,730,Electricity and water
TXN003829,CUST0043,2026-04-12,debit,transport,1370,Fuel and commute
TXN003830,CUST0043,2026-04-21,debit,dining_entertainment,1800,Dining and entertainment
TXN003831,CUST0043,2026-04-07,debit,emi,3120,Loan EMI
TXN003832,CUST0043,2026-04-10,debit,sip_investment,3000,Mutual fund SIP
TXN003833,CUST0043,2026-05-01,credit,business_income,19900,Business receipt
TXN003834,CUST0043,2026-05-05,debit,rent,5640,House rent
TXN003835,CUST0043,2026-05-10,debit,groceries,2510,Groceries
TXN003836,CUST0043,2026-05-12,debit,utilities,850,Electricity and water
TXN003837,CUST0043,2026-05-15,debit,transport,930,Fuel and commute
TXN003838,CUST0043,2026-05-26,debit,dining_entertainment,1840,Dining and entertainment
TXN003839,CUST0043,2026-05-07,debit,emi,3100,Loan EMI
TXN003840,CUST0043,2026-05-10,debit,sip_investment,3000,Mutual fund SIP
TXN003841,CUST0043,2026-06-03,credit,business_income,20200,Business receipt
TXN003842,CUST0043,2026-06-05,debit,rent,5840,House rent
TXN003843,CUST0043,2026-06-10,debit,groceries,3100,Groceries
TXN003844,CUST0043,2026-06-12,debit,utilities,680,Electricity and water
TXN003845,CUST0043,2026-06-11,debit,transport,1780,Fuel and commute
TXN003846,CUST0043,2026-06-24,debit,dining_entertainment,2260,Dining and entertainment
TXN003847,CUST0043,2026-06-07,debit,emi,3080,Loan EMI
TXN003848,CUST0043,2026-06-10,debit,sip_investment,3000,Mutual fund SIP
TXN003849,CUST0043,2026-06-15,debit,school_fees,29130,School fees
TXN003850,CUST0043,2026-06-26,debit,shopping,2060,Online shopping
TXN003851,CUST0043,2026-07-02,credit,business_income,20000,Business receipt
TXN003852,CUST0043,2026-07-05,debit,rent,5590,House rent
TXN003853,CUST0043,2026-07-14,debit,groceries,2380,Groceries
TXN003854,CUST0043,2026-07-12,debit,utilities,1070,Electricity and water
TXN003855,CUST0043,2026-07-11,debit,transport,1300,Fuel and commute
TXN003856,CUST0043,2026-07-22,debit,dining_entertainment,1530,Dining and entertainment
TXN003857,CUST0043,2026-07-07,debit,emi,3100,Loan EMI
TXN003858,CUST0043,2026-07-10,debit,sip_investment,3000,Mutual fund SIP
TXN003859,CUST0043,2026-08-03,credit,business_income,20400,Business receipt
TXN003860,CUST0043,2026-08-05,debit,rent,4900,House rent
TXN003861,CUST0043,2026-08-19,debit,groceries,2130,Groceries
TXN003862,CUST0043,2026-08-12,debit,utilities,610,Electricity and water
TXN003863,CUST0043,2026-08-20,debit,transport,910,Fuel and commute
TXN003864,CUST0043,2026-08-21,debit,dining_entertainment,2210,Dining and entertainment
TXN003865,CUST0043,2026-08-07,debit,emi,3090,Loan EMI
TXN003866,CUST0043,2026-08-10,debit,sip_investment,3000,Mutual fund SIP
TXN003867,CUST0044,2025-09-03,credit,salary,5000,Monthly credit
TXN003868,CUST0044,2025-09-05,debit,rent,920,House rent
TXN003869,CUST0044,2025-09-18,debit,groceries,530,Groceries
TXN003870,CUST0044,2025-09-12,debit,utilities,150,Electricity and water
TXN003871,CUST0044,2025-09-19,debit,transport,200,Fuel and commute
TXN003872,CUST0044,2025-09-18,debit,dining_entertainment,260,Dining and entertainment
TXN003873,CUST0044,2025-09-07,debit,emi,1500,Loan EMI
TXN003874,CUST0044,2025-10-01,credit,salary,4900,Monthly credit
TXN003875,CUST0044,2025-10-05,debit,rent,870,House rent
TXN003876,CUST0044,2025-10-11,debit,groceries,480,Groceries
TXN003877,CUST0044,2025-10-12,debit,utilities,270,Electricity and water
TXN003878,CUST0044,2025-10-23,debit,transport,380,Fuel and commute
TXN003879,CUST0044,2025-10-11,debit,dining_entertainment,460,Dining and entertainment
TXN003880,CUST0044,2025-10-07,debit,emi,1490,Loan EMI
TXN003881,CUST0044,2025-11-02,credit,salary,4900,Monthly credit
TXN003882,CUST0044,2025-11-05,debit,rent,830,House rent
TXN003883,CUST0044,2025-11-09,debit,groceries,690,Groceries
TXN003884,CUST0044,2025-11-12,debit,utilities,160,Electricity and water
TXN003885,CUST0044,2025-11-12,debit,transport,380,Fuel and commute
TXN003886,CUST0044,2025-11-15,debit,dining_entertainment,360,Dining and entertainment
TXN003887,CUST0044,2025-11-07,debit,emi,1500,Loan EMI
TXN003888,CUST0044,2025-11-18,debit,shopping,180,Online shopping
TXN003889,CUST0044,2025-12-01,credit,salary,4800,Monthly credit
TXN003890,CUST0044,2025-12-05,debit,rent,890,House rent
TXN003891,CUST0044,2025-12-12,debit,groceries,600,Groceries
TXN003892,CUST0044,2025-12-12,debit,utilities,170,Electricity and water
TXN003893,CUST0044,2025-12-16,debit,transport,220,Fuel and commute
TXN003894,CUST0044,2025-12-24,debit,dining_entertainment,520,Dining and entertainment
TXN003895,CUST0044,2025-12-07,debit,emi,1490,Loan EMI
TXN003896,CUST0044,2026-01-03,credit,salary,4900,Monthly credit
TXN003897,CUST0044,2026-01-05,debit,rent,800,House rent
TXN003898,CUST0044,2026-01-20,debit,groceries,610,Groceries
TXN003899,CUST0044,2026-01-12,debit,utilities,160,Electricity and water
TXN003900,CUST0044,2026-01-22,debit,transport,420,Fuel and commute
TXN003901,CUST0044,2026-01-24,debit,dining_entertainment,580,Dining and entertainment
TXN003902,CUST0044,2026-01-07,debit,emi,1490,Loan EMI
TXN003903,CUST0044,2026-01-24,debit,shopping,330,Online shopping
TXN003904,CUST0044,2026-02-03,credit,salary,4800,Monthly credit
TXN003905,CUST0044,2026-02-05,debit,rent,890,House rent
TXN003906,CUST0044,2026-02-20,debit,groceries,490,Groceries
TXN003907,CUST0044,2026-02-12,debit,utilities,160,Electricity and water
TXN003908,CUST0044,2026-02-10,debit,transport,220,Fuel and commute
TXN003909,CUST0044,2026-02-13,debit,dining_entertainment,550,Dining and entertainment
TXN003910,CUST0044,2026-02-07,debit,emi,1490,Loan EMI
TXN003911,CUST0044,2026-03-01,credit,salary,4800,Monthly credit
TXN003912,CUST0044,2026-03-05,debit,rent,930,House rent
TXN003913,CUST0044,2026-03-12,debit,groceries,470,Groceries
TXN003914,CUST0044,2026-03-12,debit,utilities,170,Electricity and water
TXN003915,CUST0044,2026-03-23,debit,transport,290,Fuel and commute
TXN003916,CUST0044,2026-03-09,debit,dining_entertainment,410,Dining and entertainment
TXN003917,CUST0044,2026-03-07,debit,emi,1490,Loan EMI
TXN003918,CUST0044,2026-03-16,debit,shopping,310,Online shopping
TXN003919,CUST0044,2026-04-01,credit,salary,4800,Monthly credit
TXN003920,CUST0044,2026-04-05,debit,rent,840,House rent
TXN003921,CUST0044,2026-04-14,debit,groceries,640,Groceries
TXN003922,CUST0044,2026-04-12,debit,utilities,230,Electricity and water
TXN003923,CUST0044,2026-04-13,debit,transport,320,Fuel and commute
TXN003924,CUST0044,2026-04-15,debit,dining_entertainment,470,Dining and entertainment
TXN003925,CUST0044,2026-04-07,debit,emi,1510,Loan EMI
TXN003926,CUST0044,2026-04-11,debit,shopping,160,Online shopping
TXN003927,CUST0044,2026-05-03,credit,salary,4800,Monthly credit
TXN003928,CUST0044,2026-05-05,debit,rent,790,House rent
TXN003929,CUST0044,2026-05-15,debit,groceries,520,Groceries
TXN003930,CUST0044,2026-05-12,debit,utilities,250,Electricity and water
TXN003931,CUST0044,2026-05-22,debit,transport,290,Fuel and commute
TXN003932,CUST0044,2026-05-16,debit,dining_entertainment,270,Dining and entertainment
TXN003933,CUST0044,2026-05-07,debit,emi,1490,Loan EMI
TXN003934,CUST0044,2026-05-18,debit,insurance_premium,3210,Insurance premium
TXN003935,CUST0044,2026-06-02,credit,salary,4900,Monthly credit
TXN003936,CUST0044,2026-06-05,debit,rent,900,House rent
TXN003937,CUST0044,2026-06-14,debit,groceries,470,Groceries
TXN003938,CUST0044,2026-06-12,debit,utilities,280,Electricity and water
TXN003939,CUST0044,2026-06-19,debit,transport,340,Fuel and commute
TXN003940,CUST0044,2026-06-15,debit,dining_entertainment,530,Dining and entertainment
TXN003941,CUST0044,2026-06-07,debit,emi,1480,Loan EMI
TXN003942,CUST0044,2026-06-17,debit,shopping,290,Online shopping
TXN003943,CUST0044,2026-07-01,credit,salary,4800,Monthly credit
TXN003944,CUST0044,2026-07-05,debit,rent,890,House rent
TXN003945,CUST0044,2026-07-06,debit,groceries,580,Groceries
TXN003946,CUST0044,2026-07-12,debit,utilities,170,Electricity and water
TXN003947,CUST0044,2026-07-12,debit,transport,260,Fuel and commute
TXN003948,CUST0044,2026-07-08,debit,dining_entertainment,290,Dining and entertainment
TXN003949,CUST0044,2026-07-07,debit,emi,1500,Loan EMI
TXN003950,CUST0044,2026-08-01,credit,salary,4900,Monthly credit
TXN003951,CUST0044,2026-08-05,debit,rent,860,House rent
TXN003952,CUST0044,2026-08-06,debit,groceries,450,Groceries
TXN003953,CUST0044,2026-08-12,debit,utilities,230,Electricity and water
TXN003954,CUST0044,2026-08-17,debit,transport,440,Fuel and commute
TXN003955,CUST0044,2026-08-13,debit,dining_entertainment,420,Dining and entertainment
TXN003956,CUST0044,2026-08-07,debit,emi,1500,Loan EMI
TXN003957,CUST0044,2026-08-13,debit,shopping,500,Online shopping
TXN003958,CUST0045,2025-09-02,credit,salary,10200,Monthly credit
TXN003959,CUST0045,2025-09-05,debit,rent,2060,House rent
TXN003960,CUST0045,2025-09-11,debit,groceries,920,Groceries
TXN003961,CUST0045,2025-09-12,debit,utilities,390,Electricity and water
TXN003962,CUST0045,2025-09-25,debit,transport,570,Fuel and commute
TXN003963,CUST0045,2025-09-24,debit,dining_entertainment,990,Dining and entertainment
TXN003964,CUST0045,2025-09-07,debit,emi,3450,Loan EMI
TXN003965,CUST0045,2025-09-10,debit,sip_investment,2500,Mutual fund SIP
TXN003966,CUST0045,2025-09-15,debit,school_fees,8340,School fees
TXN003967,CUST0045,2025-10-01,credit,salary,10200,Monthly credit
TXN003968,CUST0045,2025-10-05,debit,rent,2060,House rent
TXN003969,CUST0045,2025-10-15,debit,groceries,930,Groceries
TXN003970,CUST0045,2025-10-12,debit,utilities,530,Electricity and water
TXN003971,CUST0045,2025-10-21,debit,transport,900,Fuel and commute
TXN003972,CUST0045,2025-10-10,debit,dining_entertainment,1110,Dining and entertainment
TXN003973,CUST0045,2025-10-07,debit,emi,3410,Loan EMI
TXN003974,CUST0045,2025-10-10,debit,sip_investment,2500,Mutual fund SIP
TXN003975,CUST0045,2025-11-03,credit,salary,10300,Monthly credit
TXN003976,CUST0045,2025-11-05,debit,rent,2200,House rent
TXN003977,CUST0045,2025-11-13,debit,groceries,1550,Groceries
TXN003978,CUST0045,2025-11-12,debit,utilities,600,Electricity and water
TXN003979,CUST0045,2025-11-15,debit,transport,850,Fuel and commute
TXN003980,CUST0045,2025-11-19,debit,dining_entertainment,1190,Dining and entertainment
TXN003981,CUST0045,2025-11-07,debit,emi,3460,Loan EMI
TXN003982,CUST0045,2025-11-10,debit,sip_investment,2500,Mutual fund SIP
TXN003983,CUST0045,2025-12-02,credit,salary,10300,Monthly credit
TXN003984,CUST0045,2025-12-05,debit,rent,1990,House rent
TXN003985,CUST0045,2025-12-17,debit,groceries,1320,Groceries
TXN003986,CUST0045,2025-12-12,debit,utilities,400,Electricity and water
TXN003987,CUST0045,2025-12-23,debit,transport,710,Fuel and commute
TXN003988,CUST0045,2025-12-26,debit,dining_entertainment,1870,Dining and entertainment
TXN003989,CUST0045,2025-12-07,debit,emi,3460,Loan EMI
TXN003990,CUST0045,2025-12-10,debit,sip_investment,2500,Mutual fund SIP
TXN003991,CUST0045,2025-12-15,debit,school_fees,16180,School fees
TXN003992,CUST0045,2026-01-03,credit,salary,10100,Monthly credit
TXN003993,CUST0045,2026-01-05,debit,rent,1970,House rent
TXN003994,CUST0045,2026-01-14,debit,groceries,1390,Groceries
TXN003995,CUST0045,2026-01-12,debit,utilities,590,Electricity and water
TXN003996,CUST0045,2026-01-15,debit,transport,720,Fuel and commute
TXN003997,CUST0045,2026-01-17,debit,dining_entertainment,1240,Dining and entertainment
TXN003998,CUST0045,2026-01-07,debit,emi,3400,Loan EMI
TXN003999,CUST0045,2026-01-10,debit,sip_investment,2500,Mutual fund SIP
TXN004000,CUST0045,2026-01-18,debit,insurance_premium,7770,Insurance premium
TXN004001,CUST0045,2026-01-06,debit,shopping,1060,Online shopping
TXN004002,CUST0045,2026-02-02,credit,salary,9900,Monthly credit
TXN004003,CUST0045,2026-02-05,debit,rent,1910,House rent
TXN004004,CUST0045,2026-02-19,debit,groceries,1160,Groceries
TXN004005,CUST0045,2026-02-12,debit,utilities,300,Electricity and water
TXN004006,CUST0045,2026-02-21,debit,transport,530,Fuel and commute
TXN004007,CUST0045,2026-02-24,debit,dining_entertainment,1970,Dining and entertainment
TXN004008,CUST0045,2026-02-07,debit,emi,3440,Loan EMI
TXN004009,CUST0045,2026-02-10,debit,sip_investment,2500,Mutual fund SIP
TXN004010,CUST0045,2026-02-11,debit,shopping,380,Online shopping
TXN004011,CUST0045,2026-03-03,credit,salary,10000,Monthly credit
TXN004012,CUST0045,2026-03-05,debit,rent,1990,House rent
TXN004013,CUST0045,2026-03-07,debit,groceries,1330,Groceries
TXN004014,CUST0045,2026-03-12,debit,utilities,390,Electricity and water
TXN004015,CUST0045,2026-03-21,debit,transport,420,Fuel and commute
TXN004016,CUST0045,2026-03-20,debit,dining_entertainment,1170,Dining and entertainment
TXN004017,CUST0045,2026-03-07,debit,emi,3430,Loan EMI
TXN004018,CUST0045,2026-03-10,debit,sip_investment,2500,Mutual fund SIP
TXN004019,CUST0045,2026-03-15,debit,school_fees,17960,School fees
TXN004020,CUST0045,2026-04-02,credit,salary,10000,Monthly credit
TXN004021,CUST0045,2026-04-05,debit,rent,1980,House rent
TXN004022,CUST0045,2026-04-20,debit,groceries,1220,Groceries
TXN004023,CUST0045,2026-04-12,debit,utilities,400,Electricity and water
TXN004024,CUST0045,2026-04-16,debit,transport,700,Fuel and commute
TXN004025,CUST0045,2026-04-21,debit,dining_entertainment,1170,Dining and entertainment
TXN004026,CUST0045,2026-04-07,debit,emi,3430,Loan EMI
TXN004027,CUST0045,2026-04-10,debit,sip_investment,2500,Mutual fund SIP
TXN004028,CUST0045,2026-04-23,debit,shopping,820,Online shopping
TXN004029,CUST0045,2026-05-01,credit,salary,10100,Monthly credit
TXN004030,CUST0045,2026-05-05,debit,rent,2070,House rent
TXN004031,CUST0045,2026-05-12,debit,groceries,1530,Groceries
TXN004032,CUST0045,2026-05-12,debit,utilities,330,Electricity and water
TXN004033,CUST0045,2026-05-20,debit,transport,670,Fuel and commute
TXN004034,CUST0045,2026-05-19,debit,dining_entertainment,1490,Dining and entertainment
TXN004035,CUST0045,2026-05-07,debit,emi,3430,Loan EMI
TXN004036,CUST0045,2026-05-10,debit,sip_investment,2500,Mutual fund SIP
TXN004037,CUST0045,2026-06-01,credit,salary,10100,Monthly credit
TXN004038,CUST0045,2026-06-05,debit,rent,2300,House rent
TXN004039,CUST0045,2026-06-18,debit,groceries,930,Groceries
TXN004040,CUST0045,2026-06-12,debit,utilities,430,Electricity and water
TXN004041,CUST0045,2026-06-19,debit,transport,790,Fuel and commute
TXN004042,CUST0045,2026-06-26,debit,dining_entertainment,1860,Dining and entertainment
TXN004043,CUST0045,2026-06-07,debit,emi,3430,Loan EMI
TXN004044,CUST0045,2026-06-10,debit,sip_investment,2500,Mutual fund SIP
TXN004045,CUST0045,2026-06-15,debit,school_fees,9420,School fees
TXN004046,CUST0045,2026-07-02,credit,salary,10000,Monthly credit
TXN004047,CUST0045,2026-07-05,debit,rent,1960,House rent
TXN004048,CUST0045,2026-07-13,debit,groceries,1390,Groceries
TXN004049,CUST0045,2026-07-12,debit,utilities,550,Electricity and water
TXN004050,CUST0045,2026-07-24,debit,transport,850,Fuel and commute
TXN004051,CUST0045,2026-07-10,debit,dining_entertainment,1920,Dining and entertainment
TXN004052,CUST0045,2026-07-07,debit,emi,3400,Loan EMI
TXN004053,CUST0045,2026-07-10,debit,sip_investment,2500,Mutual fund SIP
TXN004054,CUST0045,2026-08-01,credit,salary,10000,Monthly credit
TXN004055,CUST0045,2026-08-05,debit,rent,2260,House rent
TXN004056,CUST0045,2026-08-17,debit,groceries,1310,Groceries
TXN004057,CUST0045,2026-08-12,debit,utilities,400,Electricity and water
TXN004058,CUST0045,2026-08-11,debit,transport,430,Fuel and commute
TXN004059,CUST0045,2026-08-24,debit,dining_entertainment,1750,Dining and entertainment
TXN004060,CUST0045,2026-08-07,debit,emi,3410,Loan EMI
TXN004061,CUST0045,2026-08-10,debit,sip_investment,2500,Mutual fund SIP
TXN004062,CUST0046,2025-09-02,credit,business_income,13800,Business receipt
TXN004063,CUST0046,2025-09-05,debit,rent,2550,House rent
TXN004064,CUST0046,2025-09-18,debit,groceries,2160,Groceries
TXN004065,CUST0046,2025-09-12,debit,utilities,610,Electricity and water
TXN004066,CUST0046,2025-09-13,debit,transport,1030,Fuel and commute
TXN004067,CUST0046,2025-09-12,debit,dining_entertainment,730,Dining and entertainment
TXN004068,CUST0046,2025-09-10,debit,sip_investment,2300,Mutual fund SIP
TXN004069,CUST0046,2025-09-09,debit,shopping,530,Online shopping
TXN004070,CUST0046,2025-10-01,credit,business_income,13600,Business receipt
TXN004071,CUST0046,2025-10-05,debit,rent,2610,House rent
TXN004072,CUST0046,2025-10-06,debit,groceries,1680,Groceries
TXN004073,CUST0046,2025-10-12,debit,utilities,800,Electricity and water
TXN004074,CUST0046,2025-10-25,debit,transport,760,Fuel and commute
TXN004075,CUST0046,2025-10-15,debit,dining_entertainment,1650,Dining and entertainment
TXN004076,CUST0046,2025-10-10,debit,sip_investment,2300,Mutual fund SIP
TXN004077,CUST0046,2025-11-03,credit,business_income,14000,Business receipt
TXN004078,CUST0046,2025-11-05,debit,rent,2410,House rent
TXN004079,CUST0046,2025-11-07,debit,groceries,1890,Groceries
TXN004080,CUST0046,2025-11-12,debit,utilities,590,Electricity and water
TXN004081,CUST0046,2025-11-15,debit,transport,990,Fuel and commute
TXN004082,CUST0046,2025-11-15,debit,dining_entertainment,800,Dining and entertainment
TXN004083,CUST0046,2025-11-10,debit,sip_investment,2300,Mutual fund SIP
TXN004084,CUST0046,2025-11-18,debit,insurance_premium,9090,Insurance premium
TXN004085,CUST0046,2025-12-02,credit,business_income,13900,Business receipt
TXN004086,CUST0046,2025-12-05,debit,rent,2340,House rent
TXN004087,CUST0046,2025-12-15,debit,groceries,1340,Groceries
TXN004088,CUST0046,2025-12-12,debit,utilities,620,Electricity and water
TXN004089,CUST0046,2025-12-22,debit,transport,1020,Fuel and commute
TXN004090,CUST0046,2025-12-11,debit,dining_entertainment,1050,Dining and entertainment
TXN004091,CUST0046,2025-12-10,debit,sip_investment,2300,Mutual fund SIP
TXN004092,CUST0046,2026-01-02,credit,business_income,13700,Business receipt
TXN004093,CUST0046,2026-01-05,debit,rent,2420,House rent
TXN004094,CUST0046,2026-01-06,debit,groceries,1800,Groceries
TXN004095,CUST0046,2026-01-12,debit,utilities,650,Electricity and water
TXN004096,CUST0046,2026-01-24,debit,transport,580,Fuel and commute
TXN004097,CUST0046,2026-01-19,debit,dining_entertainment,710,Dining and entertainment
TXN004098,CUST0046,2026-01-10,debit,sip_investment,2300,Mutual fund SIP
TXN004099,CUST0046,2026-02-02,credit,business_income,14000,Business receipt
TXN004100,CUST0046,2026-02-05,debit,rent,2200,House rent
TXN004101,CUST0046,2026-02-14,debit,groceries,1400,Groceries
TXN004102,CUST0046,2026-02-12,debit,utilities,770,Electricity and water
TXN004103,CUST0046,2026-02-21,debit,transport,900,Fuel and commute
TXN004104,CUST0046,2026-02-24,debit,dining_entertainment,1570,Dining and entertainment
TXN004105,CUST0046,2026-02-10,debit,sip_investment,2300,Mutual fund SIP
TXN004106,CUST0046,2026-02-14,debit,shopping,1230,Online shopping
TXN004107,CUST0046,2026-03-03,credit,business_income,14000,Business receipt
TXN004108,CUST0046,2026-03-05,debit,rent,2370,House rent
TXN004109,CUST0046,2026-03-18,debit,groceries,1940,Groceries
TXN004110,CUST0046,2026-03-12,debit,utilities,470,Electricity and water
TXN004111,CUST0046,2026-03-19,debit,transport,1100,Fuel and commute
TXN004112,CUST0046,2026-03-10,debit,dining_entertainment,1590,Dining and entertainment
TXN004113,CUST0046,2026-03-10,debit,sip_investment,2300,Mutual fund SIP
TXN004114,CUST0046,2026-04-02,credit,business_income,13800,Business receipt
TXN004115,CUST0046,2026-04-05,debit,rent,2500,House rent
TXN004116,CUST0046,2026-04-17,debit,groceries,1420,Groceries
TXN004117,CUST0046,2026-04-12,debit,utilities,800,Electricity and water
TXN004118,CUST0046,2026-04-18,debit,transport,1090,Fuel and commute
TXN004119,CUST0046,2026-04-18,debit,dining_entertainment,790,Dining and entertainment
TXN004120,CUST0046,2026-04-10,debit,sip_investment,2300,Mutual fund SIP
TXN004121,CUST0046,2026-05-02,credit,business_income,13900,Business receipt
TXN004122,CUST0046,2026-05-05,debit,rent,2230,House rent
TXN004123,CUST0046,2026-05-17,debit,groceries,1280,Groceries
TXN004124,CUST0046,2026-05-12,debit,utilities,480,Electricity and water
TXN004125,CUST0046,2026-05-13,debit,transport,620,Fuel and commute
TXN004126,CUST0046,2026-05-23,debit,dining_entertainment,1160,Dining and entertainment
TXN004127,CUST0046,2026-05-10,debit,sip_investment,2300,Mutual fund SIP
TXN004128,CUST0046,2026-05-26,debit,shopping,1380,Online shopping
TXN004129,CUST0046,2026-06-01,credit,business_income,14000,Business receipt
TXN004130,CUST0046,2026-06-05,debit,rent,2640,House rent
TXN004131,CUST0046,2026-06-20,debit,groceries,1420,Groceries
TXN004132,CUST0046,2026-06-12,debit,utilities,570,Electricity and water
TXN004133,CUST0046,2026-06-12,debit,transport,1230,Fuel and commute
TXN004134,CUST0046,2026-06-16,debit,dining_entertainment,730,Dining and entertainment
TXN004135,CUST0046,2026-06-10,debit,sip_investment,2300,Mutual fund SIP
TXN004136,CUST0046,2026-07-02,credit,business_income,13600,Business receipt
TXN004137,CUST0046,2026-07-05,debit,rent,2500,House rent
TXN004138,CUST0046,2026-07-20,debit,groceries,2070,Groceries
TXN004139,CUST0046,2026-07-12,debit,utilities,490,Electricity and water
TXN004140,CUST0046,2026-07-24,debit,transport,630,Fuel and commute
TXN004141,CUST0046,2026-07-26,debit,dining_entertainment,1040,Dining and entertainment
TXN004142,CUST0046,2026-07-10,debit,sip_investment,2300,Mutual fund SIP
TXN004143,CUST0046,2026-07-24,debit,shopping,1030,Online shopping
TXN004144,CUST0046,2026-08-01,credit,business_income,13700,Business receipt
TXN004145,CUST0046,2026-08-05,debit,rent,2560,House rent
TXN004146,CUST0046,2026-08-14,debit,groceries,1670,Groceries
TXN004147,CUST0046,2026-08-12,debit,utilities,750,Electricity and water
TXN004148,CUST0046,2026-08-10,debit,transport,690,Fuel and commute
TXN004149,CUST0046,2026-08-11,debit,dining_entertainment,1290,Dining and entertainment
TXN004150,CUST0046,2026-08-10,debit,sip_investment,2300,Mutual fund SIP
TXN004151,CUST0047,2025-09-02,credit,salary,20700,Monthly credit
TXN004152,CUST0047,2025-09-05,debit,rent,5700,House rent
TXN004153,CUST0047,2025-09-20,debit,groceries,2890,Groceries
TXN004154,CUST0047,2025-09-12,debit,utilities,1060,Electricity and water
TXN004155,CUST0047,2025-09-16,debit,transport,1360,Fuel and commute
TXN004156,CUST0047,2025-09-26,debit,dining_entertainment,2210,Dining and entertainment
TXN004157,CUST0047,2025-09-07,debit,emi,4690,Loan EMI
TXN004158,CUST0047,2025-09-15,debit,school_fees,13330,School fees
TXN004159,CUST0047,2025-10-01,credit,salary,20700,Monthly credit
TXN004160,CUST0047,2025-10-05,debit,rent,6010,House rent
TXN004161,CUST0047,2025-10-19,debit,groceries,2740,Groceries
TXN004162,CUST0047,2025-10-12,debit,utilities,650,Electricity and water
TXN004163,CUST0047,2025-10-19,debit,transport,900,Fuel and commute
TXN004164,CUST0047,2025-10-23,debit,dining_entertainment,1130,Dining and entertainment
TXN004165,CUST0047,2025-10-07,debit,emi,4630,Loan EMI
TXN004166,CUST0047,2025-11-02,credit,salary,20200,Monthly credit
TXN004167,CUST0047,2025-11-05,debit,rent,6600,House rent
TXN004168,CUST0047,2025-11-17,debit,groceries,2200,Groceries
TXN004169,CUST0047,2025-11-12,debit,utilities,830,Electricity and water
TXN004170,CUST0047,2025-11-15,debit,transport,1710,Fuel and commute
TXN004171,CUST0047,2025-11-10,debit,dining_entertainment,2410,Dining and entertainment
TXN004172,CUST0047,2025-11-07,debit,emi,4660,Loan EMI
TXN004173,CUST0047,2025-12-02,credit,salary,20500,Monthly credit
TXN004174,CUST0047,2025-12-05,debit,rent,5960,House rent
TXN004175,CUST0047,2025-12-17,debit,groceries,1920,Groceries
TXN004176,CUST0047,2025-12-12,debit,utilities,1160,Electricity and water
TXN004177,CUST0047,2025-12-18,debit,transport,1410,Fuel and commute
TXN004178,CUST0047,2025-12-09,debit,dining_entertainment,1940,Dining and entertainment
TXN004179,CUST0047,2025-12-07,debit,emi,4640,Loan EMI
TXN004180,CUST0047,2025-12-15,debit,school_fees,10870,School fees
TXN004181,CUST0047,2026-01-03,credit,salary,20200,Monthly credit
TXN004182,CUST0047,2026-01-05,debit,rent,6470,House rent
TXN004183,CUST0047,2026-01-18,debit,groceries,2310,Groceries
TXN004184,CUST0047,2026-01-12,debit,utilities,1020,Electricity and water
TXN004185,CUST0047,2026-01-17,debit,transport,1720,Fuel and commute
TXN004186,CUST0047,2026-01-26,debit,dining_entertainment,1710,Dining and entertainment
TXN004187,CUST0047,2026-01-07,debit,emi,4700,Loan EMI
TXN004188,CUST0047,2026-02-01,credit,salary,20100,Monthly credit
TXN004189,CUST0047,2026-02-05,debit,rent,6630,House rent
TXN004190,CUST0047,2026-02-15,debit,groceries,2700,Groceries
TXN004191,CUST0047,2026-02-12,debit,utilities,1180,Electricity and water
TXN004192,CUST0047,2026-02-25,debit,transport,1720,Fuel and commute
TXN004193,CUST0047,2026-02-16,debit,dining_entertainment,2380,Dining and entertainment
TXN004194,CUST0047,2026-02-07,debit,emi,4680,Loan EMI
TXN004195,CUST0047,2026-03-02,credit,salary,20200,Monthly credit
TXN004196,CUST0047,2026-03-05,debit,rent,6000,House rent
TXN004197,CUST0047,2026-03-19,debit,groceries,2280,Groceries
TXN004198,CUST0047,2026-03-12,debit,utilities,1150,Electricity and water
TXN004199,CUST0047,2026-03-11,debit,transport,1050,Fuel and commute
TXN004200,CUST0047,2026-03-14,debit,dining_entertainment,1020,Dining and entertainment
TXN004201,CUST0047,2026-03-07,debit,emi,4660,Loan EMI
TXN004202,CUST0047,2026-03-15,debit,school_fees,17010,School fees
TXN004203,CUST0047,2026-04-01,credit,salary,20500,Monthly credit
TXN004204,CUST0047,2026-04-05,debit,rent,5950,House rent
TXN004205,CUST0047,2026-04-08,debit,groceries,2380,Groceries
TXN004206,CUST0047,2026-04-12,debit,utilities,870,Electricity and water
TXN004207,CUST0047,2026-04-14,debit,transport,1250,Fuel and commute
TXN004208,CUST0047,2026-04-11,debit,dining_entertainment,1150,Dining and entertainment
TXN004209,CUST0047,2026-04-07,debit,emi,4700,Loan EMI
TXN004210,CUST0047,2026-05-02,credit,salary,20200,Monthly credit
TXN004211,CUST0047,2026-05-05,debit,rent,6590,House rent
TXN004212,CUST0047,2026-05-07,debit,groceries,2180,Groceries
TXN004213,CUST0047,2026-05-12,debit,utilities,970,Electricity and water
TXN004214,CUST0047,2026-05-11,debit,transport,1050,Fuel and commute
TXN004215,CUST0047,2026-05-08,debit,dining_entertainment,2440,Dining and entertainment
TXN004216,CUST0047,2026-05-07,debit,emi,4690,Loan EMI
TXN004217,CUST0047,2026-05-18,debit,insurance_premium,14860,Insurance premium
TXN004218,CUST0047,2026-05-16,debit,medical,1430,Medical expenses
TXN004219,CUST0047,2026-05-14,debit,shopping,690,Online shopping
TXN004220,CUST0047,2026-06-01,credit,salary,20500,Monthly credit
TXN004221,CUST0047,2026-06-05,debit,rent,6690,House rent
TXN004222,CUST0047,2026-06-12,debit,groceries,2030,Groceries
TXN004223,CUST0047,2026-06-12,debit,utilities,900,Electricity and water
TXN004224,CUST0047,2026-06-12,debit,transport,940,Fuel and commute
TXN004225,CUST0047,2026-06-25,debit,dining_entertainment,1090,Dining and entertainment
TXN004226,CUST0047,2026-06-07,debit,emi,4630,Loan EMI
TXN004227,CUST0047,2026-06-15,debit,school_fees,15420,School fees
TXN004228,CUST0047,2026-07-02,credit,salary,20700,Monthly credit
TXN004229,CUST0047,2026-07-05,debit,rent,6340,House rent
TXN004230,CUST0047,2026-07-18,debit,groceries,3190,Groceries
TXN004231,CUST0047,2026-07-12,debit,utilities,950,Electricity and water
TXN004232,CUST0047,2026-07-17,debit,transport,1710,Fuel and commute
TXN004233,CUST0047,2026-07-16,debit,dining_entertainment,1760,Dining and entertainment
TXN004234,CUST0047,2026-07-07,debit,emi,4640,Loan EMI
TXN004235,CUST0047,2026-07-16,debit,shopping,1250,Online shopping
TXN004236,CUST0047,2026-08-03,credit,salary,20600,Monthly credit
TXN004237,CUST0047,2026-08-05,debit,rent,6070,House rent
TXN004238,CUST0047,2026-08-20,debit,groceries,1950,Groceries
TXN004239,CUST0047,2026-08-12,debit,utilities,690,Electricity and water
TXN004240,CUST0047,2026-08-17,debit,transport,1820,Fuel and commute
TXN004241,CUST0047,2026-08-25,debit,dining_entertainment,1430,Dining and entertainment
TXN004242,CUST0047,2026-08-07,debit,emi,4630,Loan EMI
TXN004243,CUST0048,2025-09-02,credit,salary,9000,Monthly credit
TXN004244,CUST0048,2025-09-05,debit,rent,2940,House rent
TXN004245,CUST0048,2025-09-19,debit,groceries,830,Groceries
TXN004246,CUST0048,2025-09-12,debit,utilities,280,Electricity and water
TXN004247,CUST0048,2025-09-22,debit,transport,480,Fuel and commute
TXN004248,CUST0048,2025-09-10,debit,dining_entertainment,630,Dining and entertainment
TXN004249,CUST0048,2025-09-10,debit,sip_investment,1700,Mutual fund SIP
TXN004250,CUST0048,2025-09-15,debit,school_fees,3900,School fees
TXN004251,CUST0048,2025-10-02,credit,salary,8900,Monthly credit
TXN004252,CUST0048,2025-10-05,debit,rent,2630,House rent
TXN004253,CUST0048,2025-10-09,debit,groceries,840,Groceries
TXN004254,CUST0048,2025-10-12,debit,utilities,370,Electricity and water
TXN004255,CUST0048,2025-10-11,debit,transport,660,Fuel and commute
TXN004256,CUST0048,2025-10-09,debit,dining_entertainment,860,Dining and entertainment
TXN004257,CUST0048,2025-10-10,debit,sip_investment,1700,Mutual fund SIP
TXN004258,CUST0048,2025-11-03,credit,salary,8900,Monthly credit
TXN004259,CUST0048,2025-11-05,debit,rent,2830,House rent
TXN004260,CUST0048,2025-11-19,debit,groceries,1030,Groceries
TXN004261,CUST0048,2025-11-12,debit,utilities,510,Electricity and water
TXN004262,CUST0048,2025-11-16,debit,transport,730,Fuel and commute
TXN004263,CUST0048,2025-11-18,debit,dining_entertainment,930,Dining and entertainment
TXN004264,CUST0048,2025-11-10,debit,sip_investment,1700,Mutual fund SIP
TXN004265,CUST0048,2025-12-03,credit,salary,9200,Monthly credit
TXN004266,CUST0048,2025-12-05,debit,rent,2920,House rent
TXN004267,CUST0048,2025-12-18,debit,groceries,1290,Groceries
TXN004268,CUST0048,2025-12-12,debit,utilities,300,Electricity and water
TXN004269,CUST0048,2025-12-19,debit,transport,530,Fuel and commute
TXN004270,CUST0048,2025-12-25,debit,dining_entertainment,990,Dining and entertainment
TXN004271,CUST0048,2025-12-10,debit,sip_investment,1700,Mutual fund SIP
TXN004272,CUST0048,2025-12-15,debit,school_fees,5730,School fees
TXN004273,CUST0048,2026-01-01,credit,salary,9000,Monthly credit
TXN004274,CUST0048,2026-01-05,debit,rent,2940,House rent
TXN004275,CUST0048,2026-01-20,debit,groceries,1110,Groceries
TXN004276,CUST0048,2026-01-12,debit,utilities,330,Electricity and water
TXN004277,CUST0048,2026-01-18,debit,transport,770,Fuel and commute
TXN004278,CUST0048,2026-01-16,debit,dining_entertainment,950,Dining and entertainment
TXN004279,CUST0048,2026-01-10,debit,sip_investment,1700,Mutual fund SIP
TXN004280,CUST0048,2026-01-13,debit,shopping,710,Online shopping
TXN004281,CUST0048,2026-02-01,credit,salary,9100,Monthly credit
TXN004282,CUST0048,2026-02-05,debit,rent,2750,House rent
TXN004283,CUST0048,2026-02-16,debit,groceries,1040,Groceries
TXN004284,CUST0048,2026-02-12,debit,utilities,340,Electricity and water
TXN004285,CUST0048,2026-02-10,debit,transport,650,Fuel and commute
TXN004286,CUST0048,2026-02-26,debit,dining_entertainment,510,Dining and entertainment
TXN004287,CUST0048,2026-02-10,debit,sip_investment,1700,Mutual fund SIP
TXN004288,CUST0048,2026-03-02,credit,salary,9200,Monthly credit
TXN004289,CUST0048,2026-03-05,debit,rent,2670,House rent
TXN004290,CUST0048,2026-03-13,debit,groceries,1090,Groceries
TXN004291,CUST0048,2026-03-12,debit,utilities,280,Electricity and water
TXN004292,CUST0048,2026-03-16,debit,transport,520,Fuel and commute
TXN004293,CUST0048,2026-03-26,debit,dining_entertainment,700,Dining and entertainment
TXN004294,CUST0048,2026-03-10,debit,sip_investment,1700,Mutual fund SIP
TXN004295,CUST0048,2026-03-15,debit,school_fees,7890,School fees
TXN004296,CUST0048,2026-04-01,credit,salary,9000,Monthly credit
TXN004297,CUST0048,2026-04-05,debit,rent,2660,House rent
TXN004298,CUST0048,2026-04-18,debit,groceries,980,Groceries
TXN004299,CUST0048,2026-04-12,debit,utilities,340,Electricity and water
TXN004300,CUST0048,2026-04-14,debit,transport,750,Fuel and commute
TXN004301,CUST0048,2026-04-13,debit,dining_entertainment,580,Dining and entertainment
TXN004302,CUST0048,2026-04-10,debit,sip_investment,1700,Mutual fund SIP
TXN004303,CUST0048,2026-05-01,credit,salary,8900,Monthly credit
TXN004304,CUST0048,2026-05-05,debit,rent,2780,House rent
TXN004305,CUST0048,2026-05-14,debit,groceries,930,Groceries
TXN004306,CUST0048,2026-05-12,debit,utilities,500,Electricity and water
TXN004307,CUST0048,2026-05-11,debit,transport,620,Fuel and commute
TXN004308,CUST0048,2026-05-15,debit,dining_entertainment,790,Dining and entertainment
TXN004309,CUST0048,2026-05-10,debit,sip_investment,1700,Mutual fund SIP
TXN004310,CUST0048,2026-06-02,credit,salary,8900,Monthly credit
TXN004311,CUST0048,2026-06-05,debit,rent,2430,House rent
TXN004312,CUST0048,2026-06-19,debit,groceries,1350,Groceries
TXN004313,CUST0048,2026-06-12,debit,utilities,360,Electricity and water
TXN004314,CUST0048,2026-06-17,debit,transport,680,Fuel and commute
TXN004315,CUST0048,2026-06-10,debit,dining_entertainment,660,Dining and entertainment
TXN004316,CUST0048,2026-06-10,debit,sip_investment,1700,Mutual fund SIP
TXN004317,CUST0048,2026-06-15,debit,school_fees,5930,School fees
TXN004318,CUST0048,2026-06-21,debit,shopping,430,Online shopping
TXN004319,CUST0048,2026-07-03,credit,salary,9000,Monthly credit
TXN004320,CUST0048,2026-07-05,debit,rent,2650,House rent
TXN004321,CUST0048,2026-07-20,debit,groceries,1220,Groceries
TXN004322,CUST0048,2026-07-12,debit,utilities,340,Electricity and water
TXN004323,CUST0048,2026-07-21,debit,transport,370,Fuel and commute
TXN004324,CUST0048,2026-07-21,debit,dining_entertainment,650,Dining and entertainment
TXN004325,CUST0048,2026-07-10,debit,sip_investment,1700,Mutual fund SIP
TXN004326,CUST0048,2026-08-02,credit,salary,9200,Monthly credit
TXN004327,CUST0048,2026-08-05,debit,rent,2760,House rent
TXN004328,CUST0048,2026-08-06,debit,groceries,910,Groceries
TXN004329,CUST0048,2026-08-12,debit,utilities,350,Electricity and water
TXN004330,CUST0048,2026-08-10,debit,transport,430,Fuel and commute
TXN004331,CUST0048,2026-08-14,debit,dining_entertainment,500,Dining and entertainment
TXN004332,CUST0048,2026-08-10,debit,sip_investment,1700,Mutual fund SIP
TXN004333,CUST0048,2026-08-18,debit,insurance_premium,11140,Insurance premium
TXN004334,CUST0049,2025-09-02,credit,business_income,14700,Business receipt
TXN004335,CUST0049,2025-09-05,debit,rent,2370,House rent
TXN004336,CUST0049,2025-09-17,debit,groceries,1030,Groceries
TXN004337,CUST0049,2025-09-12,debit,utilities,380,Electricity and water
TXN004338,CUST0049,2025-09-12,debit,transport,870,Fuel and commute
TXN004339,CUST0049,2025-09-15,debit,dining_entertainment,2290,Dining and entertainment
TXN004340,CUST0049,2025-09-10,debit,sip_investment,1700,Mutual fund SIP
TXN004341,CUST0049,2025-10-03,credit,business_income,12200,Business receipt
TXN004342,CUST0049,2025-10-05,debit,rent,2190,House rent
TXN004343,CUST0049,2025-10-19,debit,groceries,1580,Groceries
TXN004344,CUST0049,2025-10-12,debit,utilities,630,Electricity and water
TXN004345,CUST0049,2025-10-25,debit,transport,890,Fuel and commute
TXN004346,CUST0049,2025-10-24,debit,dining_entertainment,1870,Dining and entertainment
TXN004347,CUST0049,2025-10-10,debit,sip_investment,1700,Mutual fund SIP
TXN004348,CUST0049,2025-11-02,credit,business_income,13800,Business receipt
TXN004349,CUST0049,2025-11-05,debit,rent,2410,House rent
TXN004350,CUST0049,2025-11-18,debit,groceries,1270,Groceries
TXN004351,CUST0049,2025-11-12,debit,utilities,590,Electricity and water
TXN004352,CUST0049,2025-11-24,debit,transport,650,Fuel and commute
TXN004353,CUST0049,2025-11-11,debit,dining_entertainment,1390,Dining and entertainment
TXN004354,CUST0049,2025-11-10,debit,sip_investment,1700,Mutual fund SIP
TXN004355,CUST0049,2025-12-02,credit,business_income,14800,Business receipt
TXN004356,CUST0049,2025-12-05,debit,rent,2160,House rent
TXN004357,CUST0049,2025-12-14,debit,groceries,1280,Groceries
TXN004358,CUST0049,2025-12-12,debit,utilities,360,Electricity and water
TXN004359,CUST0049,2025-12-25,debit,transport,650,Fuel and commute
TXN004360,CUST0049,2025-12-22,debit,dining_entertainment,1800,Dining and entertainment
TXN004361,CUST0049,2025-12-10,debit,sip_investment,1700,Mutual fund SIP
TXN004362,CUST0049,2025-12-07,debit,shopping,1170,Online shopping
TXN004363,CUST0049,2026-01-01,credit,business_income,14600,Business receipt
TXN004364,CUST0049,2026-01-05,debit,rent,2350,House rent
TXN004365,CUST0049,2026-01-15,debit,groceries,1330,Groceries
TXN004366,CUST0049,2026-01-12,debit,utilities,560,Electricity and water
TXN004367,CUST0049,2026-01-19,debit,transport,790,Fuel and commute
TXN004368,CUST0049,2026-01-11,debit,dining_entertainment,1420,Dining and entertainment
TXN004369,CUST0049,2026-01-10,debit,sip_investment,1700,Mutual fund SIP
TXN004370,CUST0049,2026-02-03,credit,business_income,15000,Business receipt
TXN004371,CUST0049,2026-02-05,debit,rent,2220,House rent
TXN004372,CUST0049,2026-02-09,debit,groceries,1700,Groceries
TXN004373,CUST0049,2026-02-12,debit,utilities,640,Electricity and water
TXN004374,CUST0049,2026-02-10,debit,transport,940,Fuel and commute
TXN004375,CUST0049,2026-02-21,debit,dining_entertainment,1180,Dining and entertainment
TXN004376,CUST0049,2026-02-10,debit,sip_investment,1700,Mutual fund SIP
TXN004377,CUST0049,2026-02-18,debit,insurance_premium,8290,Insurance premium
TXN004378,CUST0049,2026-03-01,credit,business_income,13100,Business receipt
TXN004379,CUST0049,2026-03-05,debit,rent,2390,House rent
TXN004380,CUST0049,2026-03-06,debit,groceries,1660,Groceries
TXN004381,CUST0049,2026-03-12,debit,utilities,570,Electricity and water
TXN004382,CUST0049,2026-03-14,debit,transport,1000,Fuel and commute
TXN004383,CUST0049,2026-03-24,debit,dining_entertainment,1670,Dining and entertainment
TXN004384,CUST0049,2026-03-10,debit,sip_investment,1700,Mutual fund SIP
TXN004385,CUST0049,2026-04-02,credit,business_income,10100,Business receipt
TXN004386,CUST0049,2026-04-05,debit,rent,2310,House rent
TXN004387,CUST0049,2026-04-10,debit,groceries,1200,Groceries
TXN004388,CUST0049,2026-04-12,debit,utilities,370,Electricity and water
TXN004389,CUST0049,2026-04-20,debit,transport,950,Fuel and commute
TXN004390,CUST0049,2026-04-11,debit,dining_entertainment,1780,Dining and entertainment
TXN004391,CUST0049,2026-04-10,debit,sip_investment,1700,Mutual fund SIP
TXN004392,CUST0049,2026-04-14,debit,shopping,1080,Online shopping
TXN004393,CUST0049,2026-05-02,credit,business_income,14700,Business receipt
TXN004394,CUST0049,2026-05-05,debit,rent,2280,House rent
TXN004395,CUST0049,2026-05-12,debit,groceries,1590,Groceries
TXN004396,CUST0049,2026-05-12,debit,utilities,430,Electricity and water
TXN004397,CUST0049,2026-05-14,debit,transport,710,Fuel and commute
TXN004398,CUST0049,2026-05-26,debit,dining_entertainment,1980,Dining and entertainment
TXN004399,CUST0049,2026-05-10,debit,sip_investment,1700,Mutual fund SIP
TXN004400,CUST0049,2026-06-01,credit,business_income,7900,Business receipt
TXN004401,CUST0049,2026-06-05,debit,rent,2260,House rent
TXN004402,CUST0049,2026-06-16,debit,groceries,1300,Groceries
TXN004403,CUST0049,2026-06-12,debit,utilities,490,Electricity and water
TXN004404,CUST0049,2026-06-15,debit,transport,630,Fuel and commute
TXN004405,CUST0049,2026-06-26,debit,dining_entertainment,1660,Dining and entertainment
TXN004406,CUST0049,2026-06-10,debit,sip_investment,1700,Mutual fund SIP
TXN004407,CUST0049,2026-07-02,credit,business_income,9100,Business receipt
TXN004408,CUST0049,2026-07-05,debit,rent,2150,House rent
TXN004409,CUST0049,2026-07-20,debit,groceries,1450,Groceries
TXN004410,CUST0049,2026-07-12,debit,utilities,510,Electricity and water
TXN004411,CUST0049,2026-07-23,debit,transport,730,Fuel and commute
TXN004412,CUST0049,2026-07-20,debit,dining_entertainment,1340,Dining and entertainment
TXN004413,CUST0049,2026-07-10,debit,sip_investment,1700,Mutual fund SIP
TXN004414,CUST0049,2026-07-26,debit,shopping,480,Online shopping
TXN004415,CUST0049,2026-08-03,credit,business_income,14200,Business receipt
TXN004416,CUST0049,2026-08-05,debit,rent,2090,House rent
TXN004417,CUST0049,2026-08-15,debit,groceries,1420,Groceries
TXN004418,CUST0049,2026-08-12,debit,utilities,630,Electricity and water
TXN004419,CUST0049,2026-08-21,debit,transport,620,Fuel and commute
TXN004420,CUST0049,2026-08-11,debit,dining_entertainment,1340,Dining and entertainment
TXN004421,CUST0049,2026-08-10,debit,sip_investment,1700,Mutual fund SIP
TXN004422,CUST0050,2025-09-01,credit,business_income,13100,Business receipt
TXN004423,CUST0050,2025-09-05,debit,rent,2910,House rent
TXN004424,CUST0050,2025-09-08,debit,groceries,1380,Groceries
TXN004425,CUST0050,2025-09-12,debit,utilities,330,Electricity and water
TXN004426,CUST0050,2025-09-15,debit,transport,680,Fuel and commute
TXN004427,CUST0050,2025-09-09,debit,dining_entertainment,880,Dining and entertainment
TXN004428,CUST0050,2025-09-10,debit,sip_investment,1200,Mutual fund SIP
TXN004429,CUST0050,2025-09-15,debit,school_fees,8940,School fees
TXN004430,CUST0050,2025-10-01,credit,business_income,7100,Business receipt
TXN004431,CUST0050,2025-10-05,debit,rent,2610,House rent
TXN004432,CUST0050,2025-10-15,debit,groceries,1110,Groceries
TXN004433,CUST0050,2025-10-12,debit,utilities,430,Electricity and water
TXN004434,CUST0050,2025-10-14,debit,transport,630,Fuel and commute
TXN004435,CUST0050,2025-10-17,debit,dining_entertainment,1910,Dining and entertainment
TXN004436,CUST0050,2025-10-10,debit,sip_investment,1200,Mutual fund SIP
TXN004437,CUST0050,2025-11-01,credit,business_income,12700,Business receipt
TXN004438,CUST0050,2025-11-05,debit,rent,2650,House rent
TXN004439,CUST0050,2025-11-10,debit,groceries,1220,Groceries
TXN004440,CUST0050,2025-11-12,debit,utilities,330,Electricity and water
TXN004441,CUST0050,2025-11-18,debit,transport,470,Fuel and commute
TXN004442,CUST0050,2025-11-11,debit,dining_entertainment,1790,Dining and entertainment
TXN004443,CUST0050,2025-11-10,debit,sip_investment,1200,Mutual fund SIP
TXN004444,CUST0050,2025-12-01,credit,business_income,11600,Business receipt
TXN004445,CUST0050,2025-12-05,debit,rent,2800,House rent
TXN004446,CUST0050,2025-12-14,debit,groceries,1140,Groceries
TXN004447,CUST0050,2025-12-12,debit,utilities,400,Electricity and water
TXN004448,CUST0050,2025-12-12,debit,transport,630,Fuel and commute
TXN004449,CUST0050,2025-12-18,debit,dining_entertainment,1750,Dining and entertainment
TXN004450,CUST0050,2025-12-10,debit,sip_investment,1200,Mutual fund SIP
TXN004451,CUST0050,2025-12-15,debit,school_fees,8600,School fees
TXN004452,CUST0050,2025-12-24,debit,medical,860,Medical expenses
TXN004453,CUST0050,2026-01-03,credit,business_income,9000,Business receipt
TXN004454,CUST0050,2026-01-05,debit,rent,2770,House rent
TXN004455,CUST0050,2026-01-06,debit,groceries,1530,Groceries
TXN004456,CUST0050,2026-01-12,debit,utilities,590,Electricity and water
TXN004457,CUST0050,2026-01-17,debit,transport,720,Fuel and commute
TXN004458,CUST0050,2026-01-20,debit,dining_entertainment,1020,Dining and entertainment
TXN004459,CUST0050,2026-01-10,debit,sip_investment,1200,Mutual fund SIP
TXN004460,CUST0050,2026-01-18,debit,insurance_premium,13060,Insurance premium
TXN004461,CUST0050,2026-01-18,debit,shopping,730,Online shopping
TXN004462,CUST0050,2026-02-03,credit,business_income,12000,Business receipt
TXN004463,CUST0050,2026-02-05,debit,rent,2680,House rent
TXN004464,CUST0050,2026-02-16,debit,groceries,1000,Groceries
TXN004465,CUST0050,2026-02-12,debit,utilities,570,Electricity and water
TXN004466,CUST0050,2026-02-16,debit,transport,880,Fuel and commute
TXN004467,CUST0050,2026-02-10,debit,dining_entertainment,850,Dining and entertainment
TXN004468,CUST0050,2026-02-10,debit,sip_investment,1200,Mutual fund SIP
TXN004469,CUST0050,2026-03-01,credit,business_income,11400,Business receipt
TXN004470,CUST0050,2026-03-05,debit,rent,2630,House rent
TXN004471,CUST0050,2026-03-12,debit,groceries,1100,Groceries
TXN004472,CUST0050,2026-03-12,debit,utilities,490,Electricity and water
TXN004473,CUST0050,2026-03-21,debit,transport,520,Fuel and commute
TXN004474,CUST0050,2026-03-13,debit,dining_entertainment,1470,Dining and entertainment
TXN004475,CUST0050,2026-03-10,debit,sip_investment,1200,Mutual fund SIP
TXN004476,CUST0050,2026-03-15,debit,school_fees,8520,School fees
TXN004477,CUST0050,2026-04-02,credit,business_income,11100,Business receipt
TXN004478,CUST0050,2026-04-05,debit,rent,2840,House rent
TXN004479,CUST0050,2026-04-11,debit,groceries,1190,Groceries
TXN004480,CUST0050,2026-04-12,debit,utilities,470,Electricity and water
TXN004481,CUST0050,2026-04-17,debit,transport,550,Fuel and commute
TXN004482,CUST0050,2026-04-17,debit,dining_entertainment,990,Dining and entertainment
TXN004483,CUST0050,2026-04-10,debit,sip_investment,1200,Mutual fund SIP
TXN004484,CUST0050,2026-05-02,credit,business_income,8600,Business receipt
TXN004485,CUST0050,2026-05-05,debit,rent,2470,House rent
TXN004486,CUST0050,2026-05-11,debit,groceries,1240,Groceries
TXN004487,CUST0050,2026-05-12,debit,utilities,500,Electricity and water
TXN004488,CUST0050,2026-05-22,debit,transport,580,Fuel and commute
TXN004489,CUST0050,2026-05-23,debit,dining_entertainment,1750,Dining and entertainment
TXN004490,CUST0050,2026-05-10,debit,sip_investment,1200,Mutual fund SIP
TXN004491,CUST0050,2026-06-03,credit,business_income,10700,Business receipt
TXN004492,CUST0050,2026-06-05,debit,rent,2540,House rent
TXN004493,CUST0050,2026-06-14,debit,groceries,1120,Groceries
TXN004494,CUST0050,2026-06-12,debit,utilities,370,Electricity and water
TXN004495,CUST0050,2026-06-23,debit,transport,830,Fuel and commute
TXN004496,CUST0050,2026-06-18,debit,dining_entertainment,930,Dining and entertainment
TXN004497,CUST0050,2026-06-10,debit,sip_investment,1200,Mutual fund SIP
TXN004498,CUST0050,2026-06-15,debit,school_fees,5390,School fees
TXN004499,CUST0050,2026-07-02,credit,business_income,9800,Business receipt
TXN004500,CUST0050,2026-07-05,debit,rent,2550,House rent
TXN004501,CUST0050,2026-07-13,debit,groceries,950,Groceries
TXN004502,CUST0050,2026-07-12,debit,utilities,520,Electricity and water
TXN004503,CUST0050,2026-07-11,debit,transport,570,Fuel and commute
TXN004504,CUST0050,2026-07-21,debit,dining_entertainment,1240,Dining and entertainment
TXN004505,CUST0050,2026-07-10,debit,sip_investment,1200,Mutual fund SIP
TXN004506,CUST0050,2026-08-03,credit,business_income,10300,Business receipt
TXN004507,CUST0050,2026-08-05,debit,rent,2470,House rent
TXN004508,CUST0050,2026-08-15,debit,groceries,1600,Groceries
TXN004509,CUST0050,2026-08-12,debit,utilities,400,Electricity and water
TXN004510,CUST0050,2026-08-10,debit,transport,710,Fuel and commute
TXN004511,CUST0050,2026-08-08,debit,dining_entertainment,2070,Dining and entertainment
TXN004512,CUST0050,2026-08-10,debit,sip_investment,1200,Mutual fund SIP
TXN004513,CUST0050,2026-08-14,debit,shopping,940,Online shopping
TXN004514,CUST0051,2025-09-01,credit,business_income,13800,Business receipt
TXN004515,CUST0051,2025-09-05,debit,rent,4110,House rent
TXN004516,CUST0051,2025-09-08,debit,groceries,2100,Groceries
TXN004517,CUST0051,2025-09-12,debit,utilities,1110,Electricity and water
TXN004518,CUST0051,2025-09-17,debit,transport,1210,Fuel and commute
TXN004519,CUST0051,2025-09-13,debit,dining_entertainment,1390,Dining and entertainment
TXN004520,CUST0051,2025-10-03,credit,business_income,16200,Business receipt
TXN004521,CUST0051,2025-10-05,debit,rent,4010,House rent
TXN004522,CUST0051,2025-10-19,debit,groceries,1840,Groceries
TXN004523,CUST0051,2025-10-12,debit,utilities,610,Electricity and water
TXN004524,CUST0051,2025-10-13,debit,transport,1760,Fuel and commute
TXN004525,CUST0051,2025-10-23,debit,dining_entertainment,1700,Dining and entertainment
TXN004526,CUST0051,2025-10-02,debit,medical,3010,Medical expenses
TXN004527,CUST0051,2025-10-10,debit,shopping,2010,Online shopping
TXN004528,CUST0051,2025-11-03,credit,business_income,13600,Business receipt
TXN004529,CUST0051,2025-11-05,debit,rent,3910,House rent
TXN004530,CUST0051,2025-11-16,debit,groceries,2930,Groceries
TXN004531,CUST0051,2025-11-12,debit,utilities,850,Electricity and water
TXN004532,CUST0051,2025-11-18,debit,transport,1630,Fuel and commute
TXN004533,CUST0051,2025-11-10,debit,dining_entertainment,2220,Dining and entertainment
TXN004534,CUST0051,2025-12-02,credit,business_income,23900,Business receipt
TXN004535,CUST0051,2025-12-05,debit,rent,3820,House rent
TXN004536,CUST0051,2025-12-14,debit,groceries,2870,Groceries
TXN004537,CUST0051,2025-12-12,debit,utilities,970,Electricity and water
TXN004538,CUST0051,2025-12-22,debit,transport,960,Fuel and commute
TXN004539,CUST0051,2025-12-17,debit,dining_entertainment,1250,Dining and entertainment
TXN004540,CUST0051,2026-01-02,credit,business_income,23700,Business receipt
TXN004541,CUST0051,2026-01-05,debit,rent,4040,House rent
TXN004542,CUST0051,2026-01-10,debit,groceries,2100,Groceries
TXN004543,CUST0051,2026-01-12,debit,utilities,1190,Electricity and water
TXN004544,CUST0051,2026-01-22,debit,transport,1390,Fuel and commute
TXN004545,CUST0051,2026-01-10,debit,dining_entertainment,1390,Dining and entertainment
TXN004546,CUST0051,2026-02-02,credit,business_income,17100,Business receipt
TXN004547,CUST0051,2026-02-05,debit,rent,4570,House rent
TXN004548,CUST0051,2026-02-09,debit,groceries,2570,Groceries
TXN004549,CUST0051,2026-02-12,debit,utilities,830,Electricity and water
TXN004550,CUST0051,2026-02-22,debit,transport,1810,Fuel and commute
TXN004551,CUST0051,2026-02-25,debit,dining_entertainment,2350,Dining and entertainment
TXN004552,CUST0051,2026-03-01,credit,business_income,21300,Business receipt
TXN004553,CUST0051,2026-03-05,debit,rent,4140,House rent
TXN004554,CUST0051,2026-03-11,debit,groceries,2150,Groceries
TXN004555,CUST0051,2026-03-12,debit,utilities,890,Electricity and water
TXN004556,CUST0051,2026-03-19,debit,transport,920,Fuel and commute
TXN004557,CUST0051,2026-03-10,debit,dining_entertainment,1450,Dining and entertainment
TXN004558,CUST0051,2026-03-18,debit,shopping,2180,Online shopping
TXN004559,CUST0051,2026-04-01,credit,business_income,21500,Business receipt
TXN004560,CUST0051,2026-04-05,debit,rent,3920,House rent
TXN004561,CUST0051,2026-04-13,debit,groceries,2690,Groceries
TXN004562,CUST0051,2026-04-12,debit,utilities,920,Electricity and water
TXN004563,CUST0051,2026-04-17,debit,transport,1660,Fuel and commute
TXN004564,CUST0051,2026-04-23,debit,dining_entertainment,1050,Dining and entertainment
TXN004565,CUST0051,2026-05-01,credit,business_income,17900,Business receipt
TXN004566,CUST0051,2026-05-05,debit,rent,3830,House rent
TXN004567,CUST0051,2026-05-15,debit,groceries,2790,Groceries
TXN004568,CUST0051,2026-05-12,debit,utilities,850,Electricity and water
TXN004569,CUST0051,2026-05-16,debit,transport,810,Fuel and commute
TXN004570,CUST0051,2026-05-23,debit,dining_entertainment,2070,Dining and entertainment
TXN004571,CUST0051,2026-06-02,credit,business_income,22400,Business receipt
TXN004572,CUST0051,2026-06-05,debit,rent,4190,House rent
TXN004573,CUST0051,2026-06-14,debit,groceries,2500,Groceries
TXN004574,CUST0051,2026-06-12,debit,utilities,1120,Electricity and water
TXN004575,CUST0051,2026-06-12,debit,transport,1810,Fuel and commute
TXN004576,CUST0051,2026-06-21,debit,dining_entertainment,2310,Dining and entertainment
TXN004577,CUST0051,2026-07-01,credit,business_income,23800,Business receipt
TXN004578,CUST0051,2026-07-05,debit,rent,4240,House rent
TXN004579,CUST0051,2026-07-09,debit,groceries,1990,Groceries
TXN004580,CUST0051,2026-07-12,debit,utilities,870,Electricity and water
TXN004581,CUST0051,2026-07-11,debit,transport,1790,Fuel and commute
TXN004582,CUST0051,2026-07-23,debit,dining_entertainment,2260,Dining and entertainment
TXN004583,CUST0051,2026-07-18,debit,insurance_premium,13230,Insurance premium
TXN004584,CUST0051,2026-08-03,credit,business_income,23700,Business receipt
TXN004585,CUST0051,2026-08-05,debit,rent,4160,House rent
TXN004586,CUST0051,2026-08-07,debit,groceries,1830,Groceries
TXN004587,CUST0051,2026-08-12,debit,utilities,870,Electricity and water
TXN004588,CUST0051,2026-08-18,debit,transport,1100,Fuel and commute
TXN004589,CUST0051,2026-08-19,debit,dining_entertainment,1730,Dining and entertainment
TXN004590,CUST0051,2026-08-24,debit,shopping,1130,Online shopping
TXN004591,CUST0052,2025-09-02,credit,salary,6100,Monthly credit
TXN004592,CUST0052,2025-09-05,debit,maintenance,170,Society maintenance
TXN004593,CUST0052,2025-09-20,debit,groceries,940,Groceries
TXN004594,CUST0052,2025-09-12,debit,utilities,310,Electricity and water
TXN004595,CUST0052,2025-09-14,debit,transport,540,Fuel and commute
TXN004596,CUST0052,2025-09-23,debit,dining_entertainment,360,Dining and entertainment
TXN004597,CUST0052,2025-09-06,debit,medical,1190,Medical expenses
TXN004598,CUST0052,2025-10-01,credit,salary,6200,Monthly credit
TXN004599,CUST0052,2025-10-05,debit,maintenance,160,Society maintenance
TXN004600,CUST0052,2025-10-17,debit,groceries,620,Groceries
TXN004601,CUST0052,2025-10-12,debit,utilities,190,Electricity and water
TXN004602,CUST0052,2025-10-13,debit,transport,380,Fuel and commute
TXN004603,CUST0052,2025-10-22,debit,dining_entertainment,310,Dining and entertainment
TXN004604,CUST0052,2025-10-10,debit,shopping,530,Online shopping
TXN004605,CUST0052,2025-11-01,credit,salary,6000,Monthly credit
TXN004606,CUST0052,2025-11-05,debit,maintenance,210,Society maintenance
TXN004607,CUST0052,2025-11-19,debit,groceries,660,Groceries
TXN004608,CUST0052,2025-11-12,debit,utilities,340,Electricity and water
TXN004609,CUST0052,2025-11-19,debit,transport,370,Fuel and commute
TXN004610,CUST0052,2025-11-20,debit,dining_entertainment,450,Dining and entertainment
TXN004611,CUST0052,2025-12-01,credit,salary,6100,Monthly credit
TXN004612,CUST0052,2025-12-05,debit,maintenance,150,Society maintenance
TXN004613,CUST0052,2025-12-17,debit,groceries,610,Groceries
TXN004614,CUST0052,2025-12-12,debit,utilities,220,Electricity and water
TXN004615,CUST0052,2025-12-13,debit,transport,290,Fuel and commute
TXN004616,CUST0052,2025-12-24,debit,dining_entertainment,340,Dining and entertainment
TXN004617,CUST0052,2026-01-03,credit,salary,6000,Monthly credit
TXN004618,CUST0052,2026-01-05,debit,maintenance,190,Society maintenance
TXN004619,CUST0052,2026-01-17,debit,groceries,950,Groceries
TXN004620,CUST0052,2026-01-12,debit,utilities,340,Electricity and water
TXN004621,CUST0052,2026-01-25,debit,transport,440,Fuel and commute
TXN004622,CUST0052,2026-01-08,debit,dining_entertainment,380,Dining and entertainment
TXN004623,CUST0052,2026-02-03,credit,salary,5900,Monthly credit
TXN004624,CUST0052,2026-02-05,debit,maintenance,150,Society maintenance
TXN004625,CUST0052,2026-02-19,debit,groceries,610,Groceries
TXN004626,CUST0052,2026-02-12,debit,utilities,180,Electricity and water
TXN004627,CUST0052,2026-02-11,debit,transport,260,Fuel and commute
TXN004628,CUST0052,2026-02-22,debit,dining_entertainment,350,Dining and entertainment
TXN004629,CUST0052,2026-03-01,credit,salary,6000,Monthly credit
TXN004630,CUST0052,2026-03-05,debit,maintenance,160,Society maintenance
TXN004631,CUST0052,2026-03-18,debit,groceries,710,Groceries
TXN004632,CUST0052,2026-03-12,debit,utilities,250,Electricity and water
TXN004633,CUST0052,2026-03-19,debit,transport,380,Fuel and commute
TXN004634,CUST0052,2026-03-18,debit,dining_entertainment,650,Dining and entertainment
TXN004635,CUST0052,2026-04-01,credit,salary,6100,Monthly credit
TXN004636,CUST0052,2026-04-05,debit,maintenance,210,Society maintenance
TXN004637,CUST0052,2026-04-17,debit,groceries,900,Groceries
TXN004638,CUST0052,2026-04-12,debit,utilities,200,Electricity and water
TXN004639,CUST0052,2026-04-24,debit,transport,370,Fuel and commute
TXN004640,CUST0052,2026-04-16,debit,dining_entertainment,500,Dining and entertainment
TXN004641,CUST0052,2026-05-02,credit,salary,6000,Monthly credit
TXN004642,CUST0052,2026-05-05,debit,maintenance,150,Society maintenance
TXN004643,CUST0052,2026-05-19,debit,groceries,910,Groceries
TXN004644,CUST0052,2026-05-12,debit,utilities,260,Electricity and water
TXN004645,CUST0052,2026-05-23,debit,transport,440,Fuel and commute
TXN004646,CUST0052,2026-05-25,debit,dining_entertainment,380,Dining and entertainment
TXN004647,CUST0052,2026-05-18,debit,insurance_premium,7830,Insurance premium
TXN004648,CUST0052,2026-05-26,debit,shopping,380,Online shopping
TXN004649,CUST0052,2026-06-01,credit,salary,6200,Monthly credit
TXN004650,CUST0052,2026-06-05,debit,maintenance,170,Society maintenance
TXN004651,CUST0052,2026-06-06,debit,groceries,770,Groceries
TXN004652,CUST0052,2026-06-12,debit,utilities,280,Electricity and water
TXN004653,CUST0052,2026-06-21,debit,transport,340,Fuel and commute
TXN004654,CUST0052,2026-06-24,debit,dining_entertainment,690,Dining and entertainment
TXN004655,CUST0052,2026-07-02,credit,salary,5900,Monthly credit
TXN004656,CUST0052,2026-07-05,debit,maintenance,190,Society maintenance
TXN004657,CUST0052,2026-07-17,debit,groceries,710,Groceries
TXN004658,CUST0052,2026-07-12,debit,utilities,310,Electricity and water
TXN004659,CUST0052,2026-07-11,debit,transport,320,Fuel and commute
TXN004660,CUST0052,2026-07-08,debit,dining_entertainment,710,Dining and entertainment
TXN004661,CUST0052,2026-08-03,credit,salary,6200,Monthly credit
TXN004662,CUST0052,2026-08-05,debit,maintenance,170,Society maintenance
TXN004663,CUST0052,2026-08-17,debit,groceries,620,Groceries
TXN004664,CUST0052,2026-08-12,debit,utilities,340,Electricity and water
TXN004665,CUST0052,2026-08-13,debit,transport,470,Fuel and commute
TXN004666,CUST0052,2026-08-08,debit,dining_entertainment,300,Dining and entertainment
TXN004667,CUST0053,2025-09-01,credit,salary,6800,Monthly credit
TXN004668,CUST0053,2025-09-05,debit,rent,1330,House rent
TXN004669,CUST0053,2025-09-06,debit,groceries,940,Groceries
TXN004670,CUST0053,2025-09-12,debit,utilities,270,Electricity and water
TXN004671,CUST0053,2025-09-18,debit,transport,580,Fuel and commute
TXN004672,CUST0053,2025-09-14,debit,dining_entertainment,1450,Dining and entertainment
TXN004673,CUST0053,2025-09-07,debit,emi,1280,Loan EMI
TXN004674,CUST0053,2025-09-15,debit,school_fees,5380,School fees
TXN004675,CUST0053,2025-10-03,credit,salary,7100,Monthly credit
TXN004676,CUST0053,2025-10-05,debit,rent,1360,House rent
TXN004677,CUST0053,2025-10-17,debit,groceries,1110,Groceries
TXN004678,CUST0053,2025-10-12,debit,utilities,400,Electricity and water
TXN004679,CUST0053,2025-10-22,debit,transport,460,Fuel and commute
TXN004680,CUST0053,2025-10-09,debit,dining_entertainment,950,Dining and entertainment
TXN004681,CUST0053,2025-10-07,debit,emi,1270,Loan EMI
TXN004682,CUST0053,2025-11-01,credit,salary,7000,Monthly credit
TXN004683,CUST0053,2025-11-05,debit,rent,1360,House rent
TXN004684,CUST0053,2025-11-15,debit,groceries,650,Groceries
TXN004685,CUST0053,2025-11-12,debit,utilities,250,Electricity and water
TXN004686,CUST0053,2025-11-15,debit,transport,450,Fuel and commute
TXN004687,CUST0053,2025-11-08,debit,dining_entertainment,1140,Dining and entertainment
TXN004688,CUST0053,2025-11-07,debit,emi,1280,Loan EMI
TXN004689,CUST0053,2025-11-18,debit,insurance_premium,7030,Insurance premium
TXN004690,CUST0053,2025-12-01,credit,salary,7000,Monthly credit
TXN004691,CUST0053,2025-12-05,debit,rent,1480,House rent
TXN004692,CUST0053,2025-12-07,debit,groceries,850,Groceries
TXN004693,CUST0053,2025-12-12,debit,utilities,400,Electricity and water
TXN004694,CUST0053,2025-12-12,debit,transport,340,Fuel and commute
TXN004695,CUST0053,2025-12-26,debit,dining_entertainment,750,Dining and entertainment
TXN004696,CUST0053,2025-12-07,debit,emi,1280,Loan EMI
TXN004697,CUST0053,2025-12-15,debit,school_fees,2870,School fees
TXN004698,CUST0053,2025-12-17,debit,shopping,610,Online shopping
TXN004699,CUST0053,2026-01-03,credit,salary,6800,Monthly credit
TXN004700,CUST0053,2026-01-05,debit,rent,1590,House rent
TXN004701,CUST0053,2026-01-16,debit,groceries,780,Groceries
TXN004702,CUST0053,2026-01-12,debit,utilities,340,Electricity and water
TXN004703,CUST0053,2026-01-16,debit,transport,590,Fuel and commute
TXN004704,CUST0053,2026-01-12,debit,dining_entertainment,1240,Dining and entertainment
TXN004705,CUST0053,2026-01-07,debit,emi,1280,Loan EMI
TXN004706,CUST0053,2026-02-03,credit,salary,6900,Monthly credit
TXN004707,CUST0053,2026-02-05,debit,rent,1400,House rent
TXN004708,CUST0053,2026-02-09,debit,groceries,740,Groceries
TXN004709,CUST0053,2026-02-12,debit,utilities,260,Electricity and water
TXN004710,CUST0053,2026-02-19,debit,transport,340,Fuel and commute
TXN004711,CUST0053,2026-02-22,debit,dining_entertainment,810,Dining and entertainment
TXN004712,CUST0053,2026-02-07,debit,emi,1270,Loan EMI
TXN004713,CUST0053,2026-03-03,credit,salary,6900,Monthly credit
TXN004714,CUST0053,2026-03-05,debit,rent,1460,House rent
TXN004715,CUST0053,2026-03-16,debit,groceries,1030,Groceries
TXN004716,CUST0053,2026-03-12,debit,utilities,380,Electricity and water
TXN004717,CUST0053,2026-03-22,debit,transport,290,Fuel and commute
TXN004718,CUST0053,2026-03-26,debit,dining_entertainment,720,Dining and entertainment
TXN004719,CUST0053,2026-03-07,debit,emi,1270,Loan EMI
TXN004720,CUST0053,2026-03-15,debit,school_fees,5250,School fees
TXN004721,CUST0053,2026-04-01,credit,salary,7000,Monthly credit
TXN004722,CUST0053,2026-04-05,debit,rent,1410,House rent
TXN004723,CUST0053,2026-04-14,debit,groceries,1100,Groceries
TXN004724,CUST0053,2026-04-12,debit,utilities,380,Electricity and water
TXN004725,CUST0053,2026-04-12,debit,transport,550,Fuel and commute
TXN004726,CUST0053,2026-04-14,debit,dining_entertainment,1040,Dining and entertainment
TXN004727,CUST0053,2026-04-07,debit,emi,1270,Loan EMI
TXN004728,CUST0053,2026-04-24,debit,shopping,280,Online shopping
TXN004729,CUST0053,2026-05-02,credit,salary,7000,Monthly credit
TXN004730,CUST0053,2026-05-05,debit,rent,1350,House rent
TXN004731,CUST0053,2026-05-11,debit,groceries,910,Groceries
TXN004732,CUST0053,2026-05-12,debit,utilities,320,Electricity and water
TXN004733,CUST0053,2026-05-11,debit,transport,510,Fuel and commute
TXN004734,CUST0053,2026-05-11,debit,dining_entertainment,870,Dining and entertainment
TXN004735,CUST0053,2026-05-07,debit,emi,1280,Loan EMI
TXN004736,CUST0053,2026-05-13,debit,shopping,470,Online shopping
TXN004737,CUST0053,2026-06-01,credit,salary,6900,Monthly credit
TXN004738,CUST0053,2026-06-05,debit,rent,1370,House rent
TXN004739,CUST0053,2026-06-08,debit,groceries,800,Groceries
TXN004740,CUST0053,2026-06-12,debit,utilities,300,Electricity and water
TXN004741,CUST0053,2026-06-10,debit,transport,340,Fuel and commute
TXN004742,CUST0053,2026-06-22,debit,dining_entertainment,970,Dining and entertainment
TXN004743,CUST0053,2026-06-07,debit,emi,1280,Loan EMI
TXN004744,CUST0053,2026-06-15,debit,school_fees,5230,School fees
TXN004745,CUST0053,2026-07-03,credit,salary,6900,Monthly credit
TXN004746,CUST0053,2026-07-05,debit,rent,1420,House rent
TXN004747,CUST0053,2026-07-16,debit,groceries,790,Groceries
TXN004748,CUST0053,2026-07-12,debit,utilities,290,Electricity and water
TXN004749,CUST0053,2026-07-17,debit,transport,290,Fuel and commute
TXN004750,CUST0053,2026-07-24,debit,dining_entertainment,1260,Dining and entertainment
TXN004751,CUST0053,2026-07-07,debit,emi,1270,Loan EMI
TXN004752,CUST0053,2026-08-03,credit,salary,7000,Monthly credit
TXN004753,CUST0053,2026-08-05,debit,rent,1320,House rent
TXN004754,CUST0053,2026-08-20,debit,groceries,880,Groceries
TXN004755,CUST0053,2026-08-12,debit,utilities,270,Electricity and water
TXN004756,CUST0053,2026-08-16,debit,transport,480,Fuel and commute
TXN004757,CUST0053,2026-08-26,debit,dining_entertainment,1420,Dining and entertainment
TXN004758,CUST0053,2026-08-07,debit,emi,1290,Loan EMI
TXN004759,CUST0054,2025-09-01,credit,salary,6500,Monthly credit
TXN004760,CUST0054,2025-09-05,debit,rent,1440,House rent
TXN004761,CUST0054,2025-09-08,debit,groceries,790,Groceries
TXN004762,CUST0054,2025-09-12,debit,utilities,280,Electricity and water
TXN004763,CUST0054,2025-09-16,debit,transport,470,Fuel and commute
TXN004764,CUST0054,2025-09-17,debit,dining_entertainment,720,Dining and entertainment
TXN004765,CUST0054,2025-09-07,debit,emi,2160,Loan EMI
TXN004766,CUST0054,2025-09-15,debit,school_fees,3190,School fees
TXN004767,CUST0054,2025-10-01,credit,salary,6500,Monthly credit
TXN004768,CUST0054,2025-10-05,debit,rent,1400,House rent
TXN004769,CUST0054,2025-10-11,debit,groceries,960,Groceries
TXN004770,CUST0054,2025-10-12,debit,utilities,190,Electricity and water
TXN004771,CUST0054,2025-10-13,debit,transport,310,Fuel and commute
TXN004772,CUST0054,2025-10-20,debit,dining_entertainment,530,Dining and entertainment
TXN004773,CUST0054,2025-10-07,debit,emi,2180,Loan EMI
TXN004774,CUST0054,2025-11-03,credit,salary,6500,Monthly credit
TXN004775,CUST0054,2025-11-05,debit,rent,1280,House rent
TXN004776,CUST0054,2025-11-12,debit,groceries,1000,Groceries
TXN004777,CUST0054,2025-11-12,debit,utilities,220,Electricity and water
TXN004778,CUST0054,2025-11-14,debit,transport,500,Fuel and commute
TXN004779,CUST0054,2025-11-18,debit,dining_entertainment,490,Dining and entertainment
TXN004780,CUST0054,2025-11-07,debit,emi,2190,Loan EMI
TXN004781,CUST0054,2025-12-02,credit,salary,6400,Monthly credit
TXN004782,CUST0054,2025-12-05,debit,rent,1360,House rent
TXN004783,CUST0054,2025-12-16,debit,groceries,740,Groceries
TXN004784,CUST0054,2025-12-12,debit,utilities,330,Electricity and water
TXN004785,CUST0054,2025-12-17,debit,transport,450,Fuel and commute
TXN004786,CUST0054,2025-12-13,debit,dining_entertainment,720,Dining and entertainment
TXN004787,CUST0054,2025-12-07,debit,emi,2180,Loan EMI
TXN004788,CUST0054,2025-12-15,debit,school_fees,3790,School fees
TXN004789,CUST0054,2026-01-02,credit,salary,6500,Monthly credit
TXN004790,CUST0054,2026-01-05,debit,rent,1470,House rent
TXN004791,CUST0054,2026-01-08,debit,groceries,870,Groceries
TXN004792,CUST0054,2026-01-12,debit,utilities,290,Electricity and water
TXN004793,CUST0054,2026-01-19,debit,transport,270,Fuel and commute
TXN004794,CUST0054,2026-01-18,debit,dining_entertainment,510,Dining and entertainment
TXN004795,CUST0054,2026-01-07,debit,emi,2160,Loan EMI
TXN004796,CUST0054,2026-01-18,debit,insurance_premium,4300,Insurance premium
TXN004797,CUST0054,2026-02-02,credit,salary,6500,Monthly credit
TXN004798,CUST0054,2026-02-05,debit,rent,1230,House rent
TXN004799,CUST0054,2026-02-12,debit,groceries,1020,Groceries
TXN004800,CUST0054,2026-02-12,debit,utilities,230,Electricity and water
TXN004801,CUST0054,2026-02-13,debit,transport,380,Fuel and commute
TXN004802,CUST0054,2026-02-10,debit,dining_entertainment,520,Dining and entertainment
TXN004803,CUST0054,2026-02-07,debit,emi,2160,Loan EMI
TXN004804,CUST0054,2026-03-01,credit,salary,6400,Monthly credit
TXN004805,CUST0054,2026-03-05,debit,rent,1260,House rent
TXN004806,CUST0054,2026-03-14,debit,groceries,640,Groceries
TXN004807,CUST0054,2026-03-12,debit,utilities,260,Electricity and water
TXN004808,CUST0054,2026-03-25,debit,transport,400,Fuel and commute
TXN004809,CUST0054,2026-03-20,debit,dining_entertainment,610,Dining and entertainment
TXN004810,CUST0054,2026-03-07,debit,emi,2160,Loan EMI
TXN004811,CUST0054,2026-03-15,debit,school_fees,2770,School fees
TXN004812,CUST0054,2026-04-02,credit,salary,6400,Monthly credit
TXN004813,CUST0054,2026-04-05,debit,rent,1350,House rent
TXN004814,CUST0054,2026-04-17,debit,groceries,940,Groceries
TXN004815,CUST0054,2026-04-12,debit,utilities,260,Electricity and water
TXN004816,CUST0054,2026-04-21,debit,transport,430,Fuel and commute
TXN004817,CUST0054,2026-04-13,debit,dining_entertainment,360,Dining and entertainment
TXN004818,CUST0054,2026-04-07,debit,emi,2190,Loan EMI
TXN004819,CUST0054,2026-05-01,credit,salary,6500,Monthly credit
TXN004820,CUST0054,2026-05-05,debit,rent,1220,House rent
TXN004821,CUST0054,2026-05-17,debit,groceries,1010,Groceries
TXN004822,CUST0054,2026-05-12,debit,utilities,310,Electricity and water
TXN004823,CUST0054,2026-05-24,debit,transport,320,Fuel and commute
TXN004824,CUST0054,2026-05-22,debit,dining_entertainment,510,Dining and entertainment
TXN004825,CUST0054,2026-05-07,debit,emi,2160,Loan EMI
TXN004826,CUST0054,2026-06-03,credit,salary,6400,Monthly credit
TXN004827,CUST0054,2026-06-05,debit,rent,1400,House rent
TXN004828,CUST0054,2026-06-11,debit,groceries,690,Groceries
TXN004829,CUST0054,2026-06-12,debit,utilities,320,Electricity and water
TXN004830,CUST0054,2026-06-10,debit,transport,500,Fuel and commute
TXN004831,CUST0054,2026-06-13,debit,dining_entertainment,560,Dining and entertainment
TXN004832,CUST0054,2026-06-07,debit,emi,2160,Loan EMI
TXN004833,CUST0054,2026-06-15,debit,school_fees,3950,School fees
TXN004834,CUST0054,2026-07-01,credit,salary,6300,Monthly credit
TXN004835,CUST0054,2026-07-05,debit,rent,1310,House rent
TXN004836,CUST0054,2026-07-17,debit,groceries,600,Groceries
TXN004837,CUST0054,2026-07-12,debit,utilities,270,Electricity and water
TXN004838,CUST0054,2026-07-13,debit,transport,310,Fuel and commute
TXN004839,CUST0054,2026-07-12,debit,dining_entertainment,370,Dining and entertainment
TXN004840,CUST0054,2026-07-07,debit,emi,2170,Loan EMI
TXN004841,CUST0054,2026-08-03,credit,salary,6600,Monthly credit
TXN004842,CUST0054,2026-08-05,debit,rent,1390,House rent
TXN004843,CUST0054,2026-08-20,debit,groceries,1000,Groceries
TXN004844,CUST0054,2026-08-12,debit,utilities,350,Electricity and water
TXN004845,CUST0054,2026-08-24,debit,transport,490,Fuel and commute
TXN004846,CUST0054,2026-08-18,debit,dining_entertainment,330,Dining and entertainment
TXN004847,CUST0054,2026-08-07,debit,emi,2160,Loan EMI
TXN004848,CUST0055,2025-09-03,credit,salary,4000,Monthly credit
TXN004849,CUST0055,2025-09-05,debit,rent,980,House rent
TXN004850,CUST0055,2025-09-17,debit,groceries,630,Groceries
TXN004851,CUST0055,2025-09-12,debit,utilities,150,Electricity and water
TXN004852,CUST0055,2025-09-15,debit,transport,240,Fuel and commute
TXN004853,CUST0055,2025-09-16,debit,dining_entertainment,470,Dining and entertainment
TXN004854,CUST0055,2025-10-02,credit,salary,4000,Monthly credit
TXN004855,CUST0055,2025-10-05,debit,rent,1170,House rent
TXN004856,CUST0055,2025-10-15,debit,groceries,590,Groceries
TXN004857,CUST0055,2025-10-12,debit,utilities,150,Electricity and water
TXN004858,CUST0055,2025-10-17,debit,transport,220,Fuel and commute
TXN004859,CUST0055,2025-10-09,debit,dining_entertainment,400,Dining and entertainment
TXN004860,CUST0055,2025-11-02,credit,salary,4100,Monthly credit
TXN004861,CUST0055,2025-11-05,debit,rent,1020,House rent
TXN004862,CUST0055,2025-11-08,debit,groceries,560,Groceries
TXN004863,CUST0055,2025-11-12,debit,utilities,150,Electricity and water
TXN004864,CUST0055,2025-11-22,debit,transport,300,Fuel and commute
TXN004865,CUST0055,2025-11-17,debit,dining_entertainment,460,Dining and entertainment
TXN004866,CUST0055,2025-12-02,credit,salary,4000,Monthly credit
TXN004867,CUST0055,2025-12-05,debit,rent,1110,House rent
TXN004868,CUST0055,2025-12-13,debit,groceries,440,Groceries
TXN004869,CUST0055,2025-12-12,debit,utilities,190,Electricity and water
TXN004870,CUST0055,2025-12-20,debit,transport,360,Fuel and commute
TXN004871,CUST0055,2025-12-15,debit,dining_entertainment,220,Dining and entertainment
TXN004872,CUST0055,2025-12-04,debit,medical,660,Medical expenses
TXN004873,CUST0055,2026-01-03,credit,salary,4100,Monthly credit
TXN004874,CUST0055,2026-01-05,debit,rent,1140,House rent
TXN004875,CUST0055,2026-01-16,debit,groceries,530,Groceries
TXN004876,CUST0055,2026-01-12,debit,utilities,190,Electricity and water
TXN004877,CUST0055,2026-01-25,debit,transport,270,Fuel and commute
TXN004878,CUST0055,2026-01-08,debit,dining_entertainment,460,Dining and entertainment
TXN004879,CUST0055,2026-02-01,credit,salary,4100,Monthly credit
TXN004880,CUST0055,2026-02-05,debit,rent,1060,House rent
TXN004881,CUST0055,2026-02-09,debit,groceries,570,Groceries
TXN004882,CUST0055,2026-02-12,debit,utilities,180,Electricity and water
TXN004883,CUST0055,2026-02-22,debit,transport,190,Fuel and commute
TXN004884,CUST0055,2026-02-09,debit,dining_entertainment,270,Dining and entertainment
TXN004885,CUST0055,2026-03-02,credit,salary,4000,Monthly credit
TXN004886,CUST0055,2026-03-05,debit,rent,1090,House rent
TXN004887,CUST0055,2026-03-09,debit,groceries,460,Groceries
TXN004888,CUST0055,2026-03-12,debit,utilities,210,Electricity and water
TXN004889,CUST0055,2026-03-19,debit,transport,270,Fuel and commute
TXN004890,CUST0055,2026-03-18,debit,dining_entertainment,280,Dining and entertainment
TXN004891,CUST0055,2026-03-18,debit,insurance_premium,3700,Insurance premium
TXN004892,CUST0055,2026-03-22,debit,shopping,330,Online shopping
TXN004893,CUST0055,2026-04-02,credit,salary,4000,Monthly credit
TXN004894,CUST0055,2026-04-05,debit,rent,1050,House rent
TXN004895,CUST0055,2026-04-18,debit,groceries,580,Groceries
TXN004896,CUST0055,2026-04-12,debit,utilities,240,Electricity and water
TXN004897,CUST0055,2026-04-25,debit,transport,270,Fuel and commute
TXN004898,CUST0055,2026-04-20,debit,dining_entertainment,480,Dining and entertainment
TXN004899,CUST0055,2026-04-06,debit,shopping,340,Online shopping
TXN004900,CUST0055,2026-05-01,credit,salary,4000,Monthly credit
TXN004901,CUST0055,2026-05-05,debit,rent,1010,House rent
TXN004902,CUST0055,2026-05-10,debit,groceries,390,Groceries
TXN004903,CUST0055,2026-05-12,debit,utilities,140,Electricity and water
TXN004904,CUST0055,2026-05-22,debit,transport,190,Fuel and commute
TXN004905,CUST0055,2026-05-19,debit,dining_entertainment,350,Dining and entertainment
TXN004906,CUST0055,2026-06-02,credit,salary,4000,Monthly credit
TXN004907,CUST0055,2026-06-05,debit,rent,1130,House rent
TXN004908,CUST0055,2026-06-16,debit,groceries,540,Groceries
TXN004909,CUST0055,2026-06-12,debit,utilities,230,Electricity and water
TXN004910,CUST0055,2026-06-20,debit,transport,350,Fuel and commute
TXN004911,CUST0055,2026-06-25,debit,dining_entertainment,340,Dining and entertainment
TXN004912,CUST0055,2026-07-02,credit,salary,4000,Monthly credit
TXN004913,CUST0055,2026-07-05,debit,rent,1030,House rent
TXN004914,CUST0055,2026-07-08,debit,groceries,630,Groceries
TXN004915,CUST0055,2026-07-12,debit,utilities,230,Electricity and water
TXN004916,CUST0055,2026-07-19,debit,transport,190,Fuel and commute
TXN004917,CUST0055,2026-07-18,debit,dining_entertainment,190,Dining and entertainment
TXN004918,CUST0055,2026-08-01,credit,salary,4100,Monthly credit
TXN004919,CUST0055,2026-08-05,debit,rent,1050,House rent
TXN004920,CUST0055,2026-08-12,debit,groceries,550,Groceries
TXN004921,CUST0055,2026-08-12,debit,utilities,170,Electricity and water
TXN004922,CUST0055,2026-08-17,debit,transport,290,Fuel and commute
TXN004923,CUST0055,2026-08-24,debit,dining_entertainment,230,Dining and entertainment
TXN004924,CUST0056,2025-09-03,credit,salary,9400,Monthly credit
TXN004925,CUST0056,2025-09-05,debit,rent,2830,House rent
TXN004926,CUST0056,2025-09-11,debit,groceries,920,Groceries
TXN004927,CUST0056,2025-09-12,debit,utilities,290,Electricity and water
TXN004928,CUST0056,2025-09-22,debit,transport,670,Fuel and commute
TXN004929,CUST0056,2025-09-14,debit,dining_entertainment,840,Dining and entertainment
TXN004930,CUST0056,2025-09-07,debit,emi,2040,Loan EMI
TXN004931,CUST0056,2025-10-01,credit,salary,9700,Monthly credit
TXN004932,CUST0056,2025-10-05,debit,rent,2830,House rent
TXN004933,CUST0056,2025-10-09,debit,groceries,1340,Groceries
TXN004934,CUST0056,2025-10-12,debit,utilities,380,Electricity and water
TXN004935,CUST0056,2025-10-10,debit,transport,520,Fuel and commute
TXN004936,CUST0056,2025-10-22,debit,dining_entertainment,600,Dining and entertainment
TXN004937,CUST0056,2025-10-07,debit,emi,2020,Loan EMI
TXN004938,CUST0056,2025-11-01,credit,salary,9400,Monthly credit
TXN004939,CUST0056,2025-11-05,debit,rent,3110,House rent
TXN004940,CUST0056,2025-11-07,debit,groceries,1190,Groceries
TXN004941,CUST0056,2025-11-12,debit,utilities,510,Electricity and water
TXN004942,CUST0056,2025-11-15,debit,transport,780,Fuel and commute
TXN004943,CUST0056,2025-11-10,debit,dining_entertainment,620,Dining and entertainment
TXN004944,CUST0056,2025-11-07,debit,emi,2000,Loan EMI
TXN004945,CUST0056,2025-11-18,debit,medical,2740,Medical expenses
TXN004946,CUST0056,2025-12-01,credit,salary,9700,Monthly credit
TXN004947,CUST0056,2025-12-05,debit,rent,3000,House rent
TXN004948,CUST0056,2025-12-20,debit,groceries,1500,Groceries
TXN004949,CUST0056,2025-12-12,debit,utilities,490,Electricity and water
TXN004950,CUST0056,2025-12-10,debit,transport,440,Fuel and commute
TXN004951,CUST0056,2025-12-09,debit,dining_entertainment,760,Dining and entertainment
TXN004952,CUST0056,2025-12-07,debit,emi,2020,Loan EMI
TXN004953,CUST0056,2025-12-18,debit,insurance_premium,8220,Insurance premium
TXN004954,CUST0056,2026-01-03,credit,salary,9500,Monthly credit
TXN004955,CUST0056,2026-01-05,debit,rent,3080,House rent
TXN004956,CUST0056,2026-01-13,debit,groceries,1280,Groceries
TXN004957,CUST0056,2026-01-12,debit,utilities,410,Electricity and water
TXN004958,CUST0056,2026-01-14,debit,transport,440,Fuel and commute
TXN004959,CUST0056,2026-01-26,debit,dining_entertainment,1040,Dining and entertainment
TXN004960,CUST0056,2026-01-07,debit,emi,2030,Loan EMI
TXN004961,CUST0056,2026-01-13,debit,shopping,640,Online shopping
TXN004962,CUST0056,2026-02-01,credit,salary,9400,Monthly credit
TXN004963,CUST0056,2026-02-05,debit,rent,3010,House rent
TXN004964,CUST0056,2026-02-07,debit,groceries,1000,Groceries
TXN004965,CUST0056,2026-02-12,debit,utilities,380,Electricity and water
TXN004966,CUST0056,2026-02-24,debit,transport,710,Fuel and commute
TXN004967,CUST0056,2026-02-23,debit,dining_entertainment,1080,Dining and entertainment
TXN004968,CUST0056,2026-02-07,debit,emi,2030,Loan EMI
TXN004969,CUST0056,2026-03-02,credit,salary,9600,Monthly credit
TXN004970,CUST0056,2026-03-05,debit,rent,3000,House rent
TXN004971,CUST0056,2026-03-15,debit,groceries,1330,Groceries
TXN004972,CUST0056,2026-03-12,debit,utilities,360,Electricity and water
TXN004973,CUST0056,2026-03-14,debit,transport,400,Fuel and commute
TXN004974,CUST0056,2026-03-17,debit,dining_entertainment,560,Dining and entertainment
TXN004975,CUST0056,2026-03-07,debit,emi,2000,Loan EMI
TXN004976,CUST0056,2026-04-02,credit,salary,9600,Monthly credit
TXN004977,CUST0056,2026-04-05,debit,rent,3090,House rent
TXN004978,CUST0056,2026-04-16,debit,groceries,960,Groceries
TXN004979,CUST0056,2026-04-12,debit,utilities,370,Electricity and water
TXN004980,CUST0056,2026-04-19,debit,transport,720,Fuel and commute
TXN004981,CUST0056,2026-04-12,debit,dining_entertainment,560,Dining and entertainment
TXN004982,CUST0056,2026-04-07,debit,emi,2010,Loan EMI
TXN004983,CUST0056,2026-05-01,credit,salary,9600,Monthly credit
TXN004984,CUST0056,2026-05-05,debit,rent,3040,House rent
TXN004985,CUST0056,2026-05-08,debit,groceries,1250,Groceries
TXN004986,CUST0056,2026-05-12,debit,utilities,450,Electricity and water
TXN004987,CUST0056,2026-05-22,debit,transport,500,Fuel and commute
TXN004988,CUST0056,2026-05-13,debit,dining_entertainment,780,Dining and entertainment
TXN004989,CUST0056,2026-05-07,debit,emi,2040,Loan EMI
TXN004990,CUST0056,2026-06-03,credit,salary,9500,Monthly credit
TXN004991,CUST0056,2026-06-05,debit,rent,2770,House rent
TXN004992,CUST0056,2026-06-13,debit,groceries,1440,Groceries
TXN004993,CUST0056,2026-06-12,debit,utilities,470,Electricity and water
TXN004994,CUST0056,2026-06-25,debit,transport,800,Fuel and commute
TXN004995,CUST0056,2026-06-20,debit,dining_entertainment,580,Dining and entertainment
TXN004996,CUST0056,2026-06-07,debit,emi,2000,Loan EMI
TXN004997,CUST0056,2026-07-01,credit,salary,9500,Monthly credit
TXN004998,CUST0056,2026-07-05,debit,rent,2640,House rent
TXN004999,CUST0056,2026-07-17,debit,groceries,1270,Groceries
TXN005000,CUST0056,2026-07-12,debit,utilities,510,Electricity and water
TXN005001,CUST0056,2026-07-21,debit,transport,690,Fuel and commute
TXN005002,CUST0056,2026-07-26,debit,dining_entertainment,800,Dining and entertainment
TXN005003,CUST0056,2026-07-07,debit,emi,2040,Loan EMI
TXN005004,CUST0056,2026-08-03,credit,salary,9700,Monthly credit
TXN005005,CUST0056,2026-08-05,debit,rent,3070,House rent
TXN005006,CUST0056,2026-08-11,debit,groceries,1350,Groceries
TXN005007,CUST0056,2026-08-12,debit,utilities,470,Electricity and water
TXN005008,CUST0056,2026-08-13,debit,transport,570,Fuel and commute
TXN005009,CUST0056,2026-08-24,debit,dining_entertainment,1110,Dining and entertainment
TXN005010,CUST0056,2026-08-07,debit,emi,2010,Loan EMI
TXN005011,CUST0057,2025-09-03,credit,salary,22300,Monthly credit
TXN005012,CUST0057,2025-09-05,debit,rent,6320,House rent
TXN005013,CUST0057,2025-09-17,debit,groceries,2410,Groceries
TXN005014,CUST0057,2025-09-12,debit,utilities,790,Electricity and water
TXN005015,CUST0057,2025-09-17,debit,transport,1940,Fuel and commute
TXN005016,CUST0057,2025-09-22,debit,dining_entertainment,1440,Dining and entertainment
TXN005017,CUST0057,2025-09-18,debit,insurance_premium,14780,Insurance premium
TXN005018,CUST0057,2025-10-03,credit,salary,22200,Monthly credit
TXN005019,CUST0057,2025-10-05,debit,rent,6240,House rent
TXN005020,CUST0057,2025-10-07,debit,groceries,3320,Groceries
TXN005021,CUST0057,2025-10-12,debit,utilities,1280,Electricity and water
TXN005022,CUST0057,2025-10-19,debit,transport,1040,Fuel and commute
TXN005023,CUST0057,2025-10-15,debit,dining_entertainment,1170,Dining and entertainment
TXN005024,CUST0057,2025-11-01,credit,salary,22300,Monthly credit
TXN005025,CUST0057,2025-11-05,debit,rent,6700,House rent
TXN005026,CUST0057,2025-11-11,debit,groceries,3240,Groceries
TXN005027,CUST0057,2025-11-12,debit,utilities,1200,Electricity and water
TXN005028,CUST0057,2025-11-25,debit,transport,970,Fuel and commute
TXN005029,CUST0057,2025-11-10,debit,dining_entertainment,1260,Dining and entertainment
TXN005030,CUST0057,2025-11-22,debit,shopping,1860,Online shopping
TXN005031,CUST0057,2025-12-03,credit,salary,22400,Monthly credit
TXN005032,CUST0057,2025-12-05,debit,rent,6000,House rent
TXN005033,CUST0057,2025-12-20,debit,groceries,2690,Groceries
TXN005034,CUST0057,2025-12-12,debit,utilities,740,Electricity and water
TXN005035,CUST0057,2025-12-16,debit,transport,1890,Fuel and commute
TXN005036,CUST0057,2025-12-22,debit,dining_entertainment,2020,Dining and entertainment
TXN005037,CUST0057,2026-01-02,credit,salary,22300,Monthly credit
TXN005038,CUST0057,2026-01-05,debit,rent,6640,House rent
TXN005039,CUST0057,2026-01-14,debit,groceries,2290,Groceries
TXN005040,CUST0057,2026-01-12,debit,utilities,990,Electricity and water
TXN005041,CUST0057,2026-01-19,debit,transport,1210,Fuel and commute
TXN005042,CUST0057,2026-01-25,debit,dining_entertainment,1500,Dining and entertainment
TXN005043,CUST0057,2026-02-02,credit,salary,22400,Monthly credit
TXN005044,CUST0057,2026-02-05,debit,rent,6820,House rent
TXN005045,CUST0057,2026-02-18,debit,groceries,2190,Groceries
TXN005046,CUST0057,2026-02-12,debit,utilities,1300,Electricity and water
TXN005047,CUST0057,2026-02-20,debit,transport,1440,Fuel and commute
TXN005048,CUST0057,2026-02-24,debit,dining_entertainment,2510,Dining and entertainment
TXN005049,CUST0057,2026-02-16,debit,shopping,800,Online shopping
TXN005050,CUST0057,2026-03-01,credit,salary,22500,Monthly credit
TXN005051,CUST0057,2026-03-05,debit,rent,7220,House rent
TXN005052,CUST0057,2026-03-16,debit,groceries,2710,Groceries
TXN005053,CUST0057,2026-03-12,debit,utilities,1130,Electricity and water
TXN005054,CUST0057,2026-03-16,debit,transport,1810,Fuel and commute
TXN005055,CUST0057,2026-03-15,debit,dining_entertainment,2330,Dining and entertainment
TXN005056,CUST0057,2026-04-03,credit,salary,22200,Monthly credit
TXN005057,CUST0057,2026-04-05,debit,rent,6620,House rent
TXN005058,CUST0057,2026-04-20,debit,groceries,3090,Groceries
TXN005059,CUST0057,2026-04-12,debit,utilities,1080,Electricity and water
TXN005060,CUST0057,2026-04-14,debit,transport,1530,Fuel and commute
TXN005061,CUST0057,2026-04-14,debit,dining_entertainment,1590,Dining and entertainment
TXN005062,CUST0057,2026-05-03,credit,salary,22700,Monthly credit
TXN005063,CUST0057,2026-05-05,debit,rent,6870,House rent
TXN005064,CUST0057,2026-05-14,debit,groceries,2520,Groceries
TXN005065,CUST0057,2026-05-12,debit,utilities,1330,Electricity and water
TXN005066,CUST0057,2026-05-23,debit,transport,1620,Fuel and commute
TXN005067,CUST0057,2026-05-16,debit,dining_entertainment,2330,Dining and entertainment
TXN005068,CUST0057,2026-06-02,credit,salary,22800,Monthly credit
TXN005069,CUST0057,2026-06-05,debit,rent,6480,House rent
TXN005070,CUST0057,2026-06-17,debit,groceries,2490,Groceries
TXN005071,CUST0057,2026-06-12,debit,utilities,910,Electricity and water
TXN005072,CUST0057,2026-06-24,debit,transport,1730,Fuel and commute
TXN005073,CUST0057,2026-06-26,debit,dining_entertainment,1570,Dining and entertainment
TXN005074,CUST0057,2026-07-02,credit,salary,22600,Monthly credit
TXN005075,CUST0057,2026-07-05,debit,rent,6060,House rent
TXN005076,CUST0057,2026-07-16,debit,groceries,2650,Groceries
TXN005077,CUST0057,2026-07-12,debit,utilities,1210,Electricity and water
TXN005078,CUST0057,2026-07-18,debit,transport,1980,Fuel and commute
TXN005079,CUST0057,2026-07-14,debit,dining_entertainment,1100,Dining and entertainment
TXN005080,CUST0057,2026-08-02,credit,salary,22200,Monthly credit
TXN005081,CUST0057,2026-08-05,debit,rent,6020,House rent
TXN005082,CUST0057,2026-08-12,debit,groceries,2680,Groceries
TXN005083,CUST0057,2026-08-12,debit,utilities,890,Electricity and water
TXN005084,CUST0057,2026-08-16,debit,transport,1520,Fuel and commute
TXN005085,CUST0057,2026-08-24,debit,dining_entertainment,2360,Dining and entertainment
TXN005086,CUST0058,2025-09-03,credit,salary,8700,Monthly credit
TXN005087,CUST0058,2025-09-05,debit,maintenance,270,Society maintenance
TXN005088,CUST0058,2025-09-06,debit,groceries,1370,Groceries
TXN005089,CUST0058,2025-09-12,debit,utilities,460,Electricity and water
TXN005090,CUST0058,2025-09-25,debit,transport,520,Fuel and commute
TXN005091,CUST0058,2025-09-26,debit,dining_entertainment,570,Dining and entertainment
TXN005092,CUST0058,2025-09-15,debit,school_fees,10280,School fees
TXN005093,CUST0058,2025-09-28,credit,interest_payout,300,Deposit interest payout
TXN005094,CUST0058,2025-10-01,credit,salary,8800,Monthly credit
TXN005095,CUST0058,2025-10-05,debit,maintenance,250,Society maintenance
TXN005096,CUST0058,2025-10-07,debit,groceries,1320,Groceries
TXN005097,CUST0058,2025-10-12,debit,utilities,340,Electricity and water
TXN005098,CUST0058,2025-10-23,debit,transport,680,Fuel and commute
TXN005099,CUST0058,2025-10-12,debit,dining_entertainment,930,Dining and entertainment
TXN005100,CUST0058,2025-10-28,credit,interest_payout,320,Deposit interest payout
TXN005101,CUST0058,2025-11-03,credit,salary,8600,Monthly credit
TXN005102,CUST0058,2025-11-05,debit,maintenance,290,Society maintenance
TXN005103,CUST0058,2025-11-14,debit,groceries,940,Groceries
TXN005104,CUST0058,2025-11-12,debit,utilities,470,Electricity and water
TXN005105,CUST0058,2025-11-14,debit,transport,650,Fuel and commute
TXN005106,CUST0058,2025-11-10,debit,dining_entertainment,900,Dining and entertainment
TXN005107,CUST0058,2025-11-28,credit,interest_payout,510,Deposit interest payout
TXN005108,CUST0058,2025-12-02,credit,salary,8700,Monthly credit
TXN005109,CUST0058,2025-12-05,debit,maintenance,280,Society maintenance
TXN005110,CUST0058,2025-12-11,debit,groceries,910,Groceries
TXN005111,CUST0058,2025-12-12,debit,utilities,380,Electricity and water
TXN005112,CUST0058,2025-12-20,debit,transport,550,Fuel and commute
TXN005113,CUST0058,2025-12-16,debit,dining_entertainment,540,Dining and entertainment
TXN005114,CUST0058,2025-12-15,debit,school_fees,9230,School fees
TXN005115,CUST0058,2025-12-16,debit,shopping,350,Online shopping
TXN005116,CUST0058,2025-12-28,credit,interest_payout,450,Deposit interest payout
TXN005117,CUST0058,2026-01-03,credit,salary,8800,Monthly credit
TXN005118,CUST0058,2026-01-05,debit,maintenance,210,Society maintenance
TXN005119,CUST0058,2026-01-11,debit,groceries,1390,Groceries
TXN005120,CUST0058,2026-01-12,debit,utilities,260,Electricity and water
TXN005121,CUST0058,2026-01-11,debit,transport,540,Fuel and commute
TXN005122,CUST0058,2026-01-18,debit,dining_entertainment,1020,Dining and entertainment
TXN005123,CUST0058,2026-01-28,credit,interest_payout,390,Deposit interest payout
TXN005124,CUST0058,2026-02-03,credit,salary,8800,Monthly credit
TXN005125,CUST0058,2026-02-05,debit,maintenance,210,Society maintenance
TXN005126,CUST0058,2026-02-07,debit,groceries,1120,Groceries
TXN005127,CUST0058,2026-02-12,debit,utilities,400,Electricity and water
TXN005128,CUST0058,2026-02-12,debit,transport,690,Fuel and commute
TXN005129,CUST0058,2026-02-22,debit,dining_entertainment,780,Dining and entertainment
TXN005130,CUST0058,2026-02-28,credit,interest_payout,440,Deposit interest payout
TXN005131,CUST0058,2026-03-02,credit,salary,8700,Monthly credit
TXN005132,CUST0058,2026-03-05,debit,maintenance,250,Society maintenance
TXN005133,CUST0058,2026-03-17,debit,groceries,1330,Groceries
TXN005134,CUST0058,2026-03-12,debit,utilities,300,Electricity and water
TXN005135,CUST0058,2026-03-15,debit,transport,490,Fuel and commute
TXN005136,CUST0058,2026-03-18,debit,dining_entertainment,820,Dining and entertainment
TXN005137,CUST0058,2026-03-15,debit,school_fees,10970,School fees
TXN005138,CUST0058,2026-04-02,credit,salary,8800,Monthly credit
TXN005139,CUST0058,2026-04-05,debit,maintenance,270,Society maintenance
TXN005140,CUST0058,2026-04-19,debit,groceries,790,Groceries
TXN005141,CUST0058,2026-04-12,debit,utilities,360,Electricity and water
TXN005142,CUST0058,2026-04-20,debit,transport,350,Fuel and commute
TXN005143,CUST0058,2026-04-16,debit,dining_entertainment,680,Dining and entertainment
TXN005144,CUST0058,2026-04-28,credit,interest_payout,360,Deposit interest payout
TXN005145,CUST0058,2026-05-01,credit,salary,8800,Monthly credit
TXN005146,CUST0058,2026-05-05,debit,maintenance,290,Society maintenance
TXN005147,CUST0058,2026-05-11,debit,groceries,1130,Groceries
TXN005148,CUST0058,2026-05-12,debit,utilities,490,Electricity and water
TXN005149,CUST0058,2026-05-14,debit,transport,660,Fuel and commute
TXN005150,CUST0058,2026-05-12,debit,dining_entertainment,530,Dining and entertainment
TXN005151,CUST0058,2026-05-22,debit,shopping,280,Online shopping
TXN005152,CUST0058,2026-06-01,credit,salary,8500,Monthly credit
TXN005153,CUST0058,2026-06-05,debit,maintenance,260,Society maintenance
TXN005154,CUST0058,2026-06-11,debit,groceries,1370,Groceries
TXN005155,CUST0058,2026-06-12,debit,utilities,490,Electricity and water
TXN005156,CUST0058,2026-06-16,debit,transport,750,Fuel and commute
TXN005157,CUST0058,2026-06-13,debit,dining_entertainment,540,Dining and entertainment
TXN005158,CUST0058,2026-06-15,debit,school_fees,10710,School fees
TXN005159,CUST0058,2026-06-28,credit,interest_payout,290,Deposit interest payout
TXN005160,CUST0058,2026-07-02,credit,salary,8600,Monthly credit
TXN005161,CUST0058,2026-07-05,debit,maintenance,220,Society maintenance
TXN005162,CUST0058,2026-07-06,debit,groceries,1360,Groceries
TXN005163,CUST0058,2026-07-12,debit,utilities,370,Electricity and water
TXN005164,CUST0058,2026-07-16,debit,transport,670,Fuel and commute
TXN005165,CUST0058,2026-07-22,debit,dining_entertainment,650,Dining and entertainment
TXN005166,CUST0058,2026-07-21,debit,shopping,860,Online shopping
TXN005167,CUST0058,2026-07-28,credit,interest_payout,200,Deposit interest payout
TXN005168,CUST0058,2026-08-03,credit,salary,8600,Monthly credit
TXN005169,CUST0058,2026-08-05,debit,maintenance,280,Society maintenance
TXN005170,CUST0058,2026-08-18,debit,groceries,860,Groceries
TXN005171,CUST0058,2026-08-12,debit,utilities,310,Electricity and water
TXN005172,CUST0058,2026-08-21,debit,transport,760,Fuel and commute
TXN005173,CUST0058,2026-08-18,debit,dining_entertainment,890,Dining and entertainment
TXN005174,CUST0058,2026-08-18,debit,insurance_premium,7640,Insurance premium
TXN005175,CUST0058,2026-08-18,debit,shopping,660,Online shopping
TXN005176,CUST0058,2026-08-28,credit,interest_payout,210,Deposit interest payout
TXN005177,CUST0059,2025-09-01,credit,salary,11900,Monthly credit
TXN005178,CUST0059,2025-09-05,debit,maintenance,330,Society maintenance
TXN005179,CUST0059,2025-09-19,debit,groceries,1870,Groceries
TXN005180,CUST0059,2025-09-12,debit,utilities,380,Electricity and water
TXN005181,CUST0059,2025-09-19,debit,transport,1040,Fuel and commute
TXN005182,CUST0059,2025-09-10,debit,dining_entertainment,770,Dining and entertainment
TXN005183,CUST0059,2025-10-01,credit,salary,12100,Monthly credit
TXN005184,CUST0059,2025-10-05,debit,maintenance,420,Society maintenance
TXN005185,CUST0059,2025-10-16,debit,groceries,1310,Groceries
TXN005186,CUST0059,2025-10-12,debit,utilities,680,Electricity and water
TXN005187,CUST0059,2025-10-17,debit,transport,500,Fuel and commute
TXN005188,CUST0059,2025-10-08,debit,dining_entertainment,720,Dining and entertainment
TXN005189,CUST0059,2025-10-27,debit,shopping,1110,Online shopping
TXN005190,CUST0059,2025-11-03,credit,salary,11700,Monthly credit
TXN005191,CUST0059,2025-11-05,debit,maintenance,400,Society maintenance
TXN005192,CUST0059,2025-11-16,debit,groceries,1800,Groceries
TXN005193,CUST0059,2025-11-12,debit,utilities,460,Electricity and water
TXN005194,CUST0059,2025-11-15,debit,transport,850,Fuel and commute
TXN005195,CUST0059,2025-11-13,debit,dining_entertainment,930,Dining and entertainment
TXN005196,CUST0059,2025-12-03,credit,salary,12100,Monthly credit
TXN005197,CUST0059,2025-12-05,debit,maintenance,310,Society maintenance
TXN005198,CUST0059,2025-12-07,debit,groceries,1810,Groceries
TXN005199,CUST0059,2025-12-12,debit,utilities,640,Electricity and water
TXN005200,CUST0059,2025-12-16,debit,transport,490,Fuel and commute
TXN005201,CUST0059,2025-12-19,debit,dining_entertainment,840,Dining and entertainment
TXN005202,CUST0059,2026-01-01,credit,salary,11900,Monthly credit
TXN005203,CUST0059,2026-01-05,debit,maintenance,330,Society maintenance
TXN005204,CUST0059,2026-01-06,debit,groceries,1820,Groceries
TXN005205,CUST0059,2026-01-12,debit,utilities,620,Electricity and water
TXN005206,CUST0059,2026-01-23,debit,transport,560,Fuel and commute
TXN005207,CUST0059,2026-01-20,debit,dining_entertainment,610,Dining and entertainment
TXN005208,CUST0059,2026-02-01,credit,salary,11800,Monthly credit
TXN005209,CUST0059,2026-02-05,debit,maintenance,290,Society maintenance
TXN005210,CUST0059,2026-02-07,debit,groceries,1830,Groceries
TXN005211,CUST0059,2026-02-12,debit,utilities,510,Electricity and water
TXN005212,CUST0059,2026-02-25,debit,transport,510,Fuel and commute
TXN005213,CUST0059,2026-02-21,debit,dining_entertainment,970,Dining and entertainment
TXN005214,CUST0059,2026-03-03,credit,salary,11800,Monthly credit
TXN005215,CUST0059,2026-03-05,debit,maintenance,400,Society maintenance
TXN005216,CUST0059,2026-03-13,debit,groceries,1080,Groceries
TXN005217,CUST0059,2026-03-12,debit,utilities,520,Electricity and water
TXN005218,CUST0059,2026-03-14,debit,transport,1020,Fuel and commute
TXN005219,CUST0059,2026-03-25,debit,dining_entertainment,850,Dining and entertainment
TXN005220,CUST0059,2026-03-18,debit,insurance_premium,9940,Insurance premium
TXN005221,CUST0059,2026-04-03,credit,salary,11900,Monthly credit
TXN005222,CUST0059,2026-04-05,debit,maintenance,400,Society maintenance
TXN005223,CUST0059,2026-04-08,debit,groceries,1550,Groceries
TXN005224,CUST0059,2026-04-12,debit,utilities,430,Electricity and water
TXN005225,CUST0059,2026-04-14,debit,transport,550,Fuel and commute
TXN005226,CUST0059,2026-04-10,debit,dining_entertainment,770,Dining and entertainment
TXN005227,CUST0059,2026-05-03,credit,salary,11800,Monthly credit
TXN005228,CUST0059,2026-05-05,debit,maintenance,300,Society maintenance
TXN005229,CUST0059,2026-05-08,debit,groceries,1270,Groceries
TXN005230,CUST0059,2026-05-12,debit,utilities,620,Electricity and water
TXN005231,CUST0059,2026-05-24,debit,transport,660,Fuel and commute
TXN005232,CUST0059,2026-05-24,debit,dining_entertainment,1150,Dining and entertainment
TXN005233,CUST0059,2026-06-01,credit,salary,11800,Monthly credit
TXN005234,CUST0059,2026-06-05,debit,maintenance,330,Society maintenance
TXN005235,CUST0059,2026-06-08,debit,groceries,1390,Groceries
TXN005236,CUST0059,2026-06-12,debit,utilities,560,Electricity and water
TXN005237,CUST0059,2026-06-11,debit,transport,1040,Fuel and commute
TXN005238,CUST0059,2026-06-20,debit,dining_entertainment,1220,Dining and entertainment
TXN005239,CUST0059,2026-07-01,credit,salary,12200,Monthly credit
TXN005240,CUST0059,2026-07-05,debit,maintenance,300,Society maintenance
TXN005241,CUST0059,2026-07-18,debit,groceries,1100,Groceries
TXN005242,CUST0059,2026-07-12,debit,utilities,440,Electricity and water
TXN005243,CUST0059,2026-07-10,debit,transport,710,Fuel and commute
TXN005244,CUST0059,2026-07-23,debit,dining_entertainment,1070,Dining and entertainment
TXN005245,CUST0059,2026-07-21,debit,shopping,1290,Online shopping
TXN005246,CUST0059,2026-08-01,credit,salary,11900,Monthly credit
TXN005247,CUST0059,2026-08-05,debit,maintenance,350,Society maintenance
TXN005248,CUST0059,2026-08-13,debit,groceries,1300,Groceries
TXN005249,CUST0059,2026-08-12,debit,utilities,400,Electricity and water
TXN005250,CUST0059,2026-08-20,debit,transport,640,Fuel and commute
TXN005251,CUST0059,2026-08-13,debit,dining_entertainment,860,Dining and entertainment
TXN005252,CUST0060,2025-09-02,credit,salary,5400,Monthly credit
TXN005253,CUST0060,2025-09-05,debit,maintenance,180,Society maintenance
TXN005254,CUST0060,2025-09-18,debit,groceries,600,Groceries
TXN005255,CUST0060,2025-09-12,debit,utilities,220,Electricity and water
TXN005256,CUST0060,2025-09-14,debit,transport,400,Fuel and commute
TXN005257,CUST0060,2025-09-22,debit,dining_entertainment,300,Dining and entertainment
TXN005258,CUST0060,2025-09-07,debit,shopping,520,Online shopping
TXN005259,CUST0060,2025-10-02,credit,salary,5600,Monthly credit
TXN005260,CUST0060,2025-10-05,debit,maintenance,160,Society maintenance
TXN005261,CUST0060,2025-10-07,debit,groceries,710,Groceries
TXN005262,CUST0060,2025-10-12,debit,utilities,320,Electricity and water
TXN005263,CUST0060,2025-10-15,debit,transport,490,Fuel and commute
TXN005264,CUST0060,2025-10-24,debit,dining_entertainment,420,Dining and entertainment
TXN005265,CUST0060,2025-11-01,credit,salary,5500,Monthly credit
TXN005266,CUST0060,2025-11-05,debit,maintenance,140,Society maintenance
TXN005267,CUST0060,2025-11-14,debit,groceries,790,Groceries
TXN005268,CUST0060,2025-11-12,debit,utilities,260,Electricity and water
TXN005269,CUST0060,2025-11-11,debit,transport,260,Fuel and commute
TXN005270,CUST0060,2025-11-19,debit,dining_entertainment,580,Dining and entertainment
TXN005271,CUST0060,2025-12-01,credit,salary,5600,Monthly credit
TXN005272,CUST0060,2025-12-05,debit,maintenance,150,Society maintenance
TXN005273,CUST0060,2025-12-08,debit,groceries,540,Groceries
TXN005274,CUST0060,2025-12-12,debit,utilities,270,Electricity and water
TXN005275,CUST0060,2025-12-17,debit,transport,460,Fuel and commute
TXN005276,CUST0060,2025-12-12,debit,dining_entertainment,600,Dining and entertainment
TXN005277,CUST0060,2026-01-01,credit,salary,5500,Monthly credit
TXN005278,CUST0060,2026-01-05,debit,maintenance,150,Society maintenance
TXN005279,CUST0060,2026-01-12,debit,groceries,870,Groceries
TXN005280,CUST0060,2026-01-12,debit,utilities,210,Electricity and water
TXN005281,CUST0060,2026-01-23,debit,transport,470,Fuel and commute
TXN005282,CUST0060,2026-01-22,debit,dining_entertainment,620,Dining and entertainment
TXN005283,CUST0060,2026-02-01,credit,salary,5500,Monthly credit
TXN005284,CUST0060,2026-02-05,debit,maintenance,150,Society maintenance
TXN005285,CUST0060,2026-02-10,debit,groceries,710,Groceries
TXN005286,CUST0060,2026-02-12,debit,utilities,200,Electricity and water
TXN005287,CUST0060,2026-02-12,debit,transport,420,Fuel and commute
TXN005288,CUST0060,2026-02-21,debit,dining_entertainment,290,Dining and entertainment
TXN005289,CUST0060,2026-03-01,credit,salary,5500,Monthly credit
TXN005290,CUST0060,2026-03-05,debit,maintenance,160,Society maintenance
TXN005291,CUST0060,2026-03-12,debit,groceries,560,Groceries
TXN005292,CUST0060,2026-03-12,debit,utilities,230,Electricity and water
TXN005293,CUST0060,2026-03-21,debit,transport,270,Fuel and commute
TXN005294,CUST0060,2026-03-16,debit,dining_entertainment,290,Dining and entertainment
TXN005295,CUST0060,2026-04-03,credit,salary,5600,Monthly credit
TXN005296,CUST0060,2026-04-05,debit,maintenance,190,Society maintenance
TXN005297,CUST0060,2026-04-13,debit,groceries,560,Groceries
TXN005298,CUST0060,2026-04-12,debit,utilities,190,Electricity and water
TXN005299,CUST0060,2026-04-20,debit,transport,300,Fuel and commute
TXN005300,CUST0060,2026-04-11,debit,dining_entertainment,270,Dining and entertainment
TXN005301,CUST0060,2026-05-03,credit,salary,5600,Monthly credit
TXN005302,CUST0060,2026-05-05,debit,maintenance,160,Society maintenance
TXN005303,CUST0060,2026-05-10,debit,groceries,760,Groceries
TXN005304,CUST0060,2026-05-12,debit,utilities,300,Electricity and water
TXN005305,CUST0060,2026-05-24,debit,transport,370,Fuel and commute
TXN005306,CUST0060,2026-05-18,debit,dining_entertainment,320,Dining and entertainment
TXN005307,CUST0060,2026-06-02,credit,salary,5400,Monthly credit
TXN005308,CUST0060,2026-06-05,debit,maintenance,140,Society maintenance
TXN005309,CUST0060,2026-06-15,debit,groceries,680,Groceries
TXN005310,CUST0060,2026-06-12,debit,utilities,190,Electricity and water
TXN005311,CUST0060,2026-06-25,debit,transport,420,Fuel and commute
TXN005312,CUST0060,2026-06-15,debit,dining_entertainment,570,Dining and entertainment
TXN005313,CUST0060,2026-06-22,debit,shopping,530,Online shopping
TXN005314,CUST0060,2026-07-01,credit,salary,5600,Monthly credit
TXN005315,CUST0060,2026-07-05,debit,maintenance,190,Society maintenance
TXN005316,CUST0060,2026-07-19,debit,groceries,760,Groceries
TXN005317,CUST0060,2026-07-12,debit,utilities,280,Electricity and water
TXN005318,CUST0060,2026-07-11,debit,transport,340,Fuel and commute
TXN005319,CUST0060,2026-07-16,debit,dining_entertainment,520,Dining and entertainment
TXN005320,CUST0060,2026-07-18,debit,insurance_premium,7020,Insurance premium
TXN005321,CUST0060,2026-08-02,credit,salary,5600,Monthly credit
TXN005322,CUST0060,2026-08-05,debit,maintenance,160,Society maintenance
TXN005323,CUST0060,2026-08-11,debit,groceries,820,Groceries
TXN005324,CUST0060,2026-08-12,debit,utilities,180,Electricity and water
TXN005325,CUST0060,2026-08-25,debit,transport,250,Fuel and commute
TXN005326,CUST0060,2026-08-23,debit,dining_entertainment,360,Dining and entertainment
TXN005327,CUST0061,2025-09-03,credit,salary,7500,Monthly credit
TXN005328,CUST0061,2025-09-05,debit,rent,2400,House rent
TXN005329,CUST0061,2025-09-14,debit,groceries,880,Groceries
TXN005330,CUST0061,2025-09-12,debit,utilities,420,Electricity and water
TXN005331,CUST0061,2025-09-11,debit,transport,550,Fuel and commute
TXN005332,CUST0061,2025-09-26,debit,dining_entertainment,690,Dining and entertainment
TXN005333,CUST0061,2025-09-07,debit,emi,2590,Loan EMI
TXN005334,CUST0061,2025-09-15,debit,school_fees,5460,School fees
TXN005335,CUST0061,2025-09-10,debit,shopping,880,Online shopping
TXN005336,CUST0061,2025-10-03,credit,salary,7500,Monthly credit
TXN005337,CUST0061,2025-10-05,debit,rent,2340,House rent
TXN005338,CUST0061,2025-10-19,debit,groceries,1000,Groceries
TXN005339,CUST0061,2025-10-12,debit,utilities,310,Electricity and water
TXN005340,CUST0061,2025-10-21,debit,transport,580,Fuel and commute
TXN005341,CUST0061,2025-10-22,debit,dining_entertainment,710,Dining and entertainment
TXN005342,CUST0061,2025-10-07,debit,emi,2590,Loan EMI
TXN005343,CUST0061,2025-11-03,credit,salary,7700,Monthly credit
TXN005344,CUST0061,2025-11-05,debit,rent,2360,House rent
TXN005345,CUST0061,2025-11-20,debit,groceries,910,Groceries
TXN005346,CUST0061,2025-11-12,debit,utilities,230,Electricity and water
TXN005347,CUST0061,2025-11-10,debit,transport,510,Fuel and commute
TXN005348,CUST0061,2025-11-18,debit,dining_entertainment,700,Dining and entertainment
TXN005349,CUST0061,2025-11-07,debit,emi,2550,Loan EMI
TXN005350,CUST0061,2025-12-02,credit,salary,7600,Monthly credit
TXN005351,CUST0061,2025-12-05,debit,rent,2180,House rent
TXN005352,CUST0061,2025-12-11,debit,groceries,1040,Groceries
TXN005353,CUST0061,2025-12-12,debit,utilities,440,Electricity and water
TXN005354,CUST0061,2025-12-24,debit,transport,390,Fuel and commute
TXN005355,CUST0061,2025-12-18,debit,dining_entertainment,790,Dining and entertainment
TXN005356,CUST0061,2025-12-07,debit,emi,2570,Loan EMI
TXN005357,CUST0061,2025-12-15,debit,school_fees,6790,School fees
TXN005358,CUST0061,2026-01-03,credit,salary,7400,Monthly credit
TXN005359,CUST0061,2026-01-05,debit,rent,2310,House rent
TXN005360,CUST0061,2026-01-18,debit,groceries,1070,Groceries
TXN005361,CUST0061,2026-01-12,debit,utilities,300,Electricity and water
TXN005362,CUST0061,2026-01-25,debit,transport,610,Fuel and commute
TXN005363,CUST0061,2026-01-18,debit,dining_entertainment,830,Dining and entertainment
TXN005364,CUST0061,2026-01-07,debit,emi,2560,Loan EMI
TXN005365,CUST0061,2026-02-02,credit,salary,7700,Monthly credit
TXN005366,CUST0061,2026-02-05,debit,rent,2400,House rent
TXN005367,CUST0061,2026-02-17,debit,groceries,730,Groceries
TXN005368,CUST0061,2026-02-12,debit,utilities,240,Electricity and water
TXN005369,CUST0061,2026-02-25,debit,transport,450,Fuel and commute
TXN005370,CUST0061,2026-02-20,debit,dining_entertainment,710,Dining and entertainment
TXN005371,CUST0061,2026-02-07,debit,emi,2550,Loan EMI
TXN005372,CUST0061,2026-03-02,credit,salary,7500,Monthly credit
TXN005373,CUST0061,2026-03-05,debit,rent,2430,House rent
TXN005374,CUST0061,2026-03-08,debit,groceries,1080,Groceries
TXN005375,CUST0061,2026-03-12,debit,utilities,300,Electricity and water
TXN005376,CUST0061,2026-03-19,debit,transport,340,Fuel and commute
TXN005377,CUST0061,2026-03-25,debit,dining_entertainment,860,Dining and entertainment
TXN005378,CUST0061,2026-03-07,debit,emi,2560,Loan EMI
TXN005379,CUST0061,2026-03-15,debit,school_fees,5150,School fees
TXN005380,CUST0061,2026-04-01,credit,salary,7400,Monthly credit
TXN005381,CUST0061,2026-04-05,debit,rent,2060,House rent
TXN005382,CUST0061,2026-04-20,debit,groceries,990,Groceries
TXN005383,CUST0061,2026-04-12,debit,utilities,370,Electricity and water
TXN005384,CUST0061,2026-04-14,debit,transport,620,Fuel and commute
TXN005385,CUST0061,2026-04-25,debit,dining_entertainment,750,Dining and entertainment
TXN005386,CUST0061,2026-04-07,debit,emi,2560,Loan EMI
TXN005387,CUST0061,2026-05-03,credit,salary,7600,Monthly credit
TXN005388,CUST0061,2026-05-05,debit,rent,2390,House rent
TXN005389,CUST0061,2026-05-10,debit,groceries,1150,Groceries
TXN005390,CUST0061,2026-05-12,debit,utilities,360,Electricity and water
TXN005391,CUST0061,2026-05-20,debit,transport,670,Fuel and commute
TXN005392,CUST0061,2026-05-22,debit,dining_entertainment,900,Dining and entertainment
TXN005393,CUST0061,2026-05-07,debit,emi,2590,Loan EMI
TXN005394,CUST0061,2026-05-03,debit,shopping,900,Online shopping
TXN005395,CUST0061,2026-06-03,credit,salary,7500,Monthly credit
TXN005396,CUST0061,2026-06-05,debit,rent,2460,House rent
TXN005397,CUST0061,2026-06-09,debit,groceries,810,Groceries
TXN005398,CUST0061,2026-06-12,debit,utilities,320,Electricity and water
TXN005399,CUST0061,2026-06-14,debit,transport,610,Fuel and commute
TXN005400,CUST0061,2026-06-15,debit,dining_entertainment,370,Dining and entertainment
TXN005401,CUST0061,2026-06-07,debit,emi,2590,Loan EMI
TXN005402,CUST0061,2026-06-15,debit,school_fees,6280,School fees
TXN005403,CUST0061,2026-07-03,credit,salary,7600,Monthly credit
TXN005404,CUST0061,2026-07-05,debit,rent,2110,House rent
TXN005405,CUST0061,2026-07-14,debit,groceries,780,Groceries
TXN005406,CUST0061,2026-07-12,debit,utilities,350,Electricity and water
TXN005407,CUST0061,2026-07-22,debit,transport,540,Fuel and commute
TXN005408,CUST0061,2026-07-19,debit,dining_entertainment,770,Dining and entertainment
TXN005409,CUST0061,2026-07-07,debit,emi,2580,Loan EMI
TXN005410,CUST0061,2026-08-01,credit,salary,7700,Monthly credit
TXN005411,CUST0061,2026-08-05,debit,rent,2170,House rent
TXN005412,CUST0061,2026-08-17,debit,groceries,870,Groceries
TXN005413,CUST0061,2026-08-12,debit,utilities,250,Electricity and water
TXN005414,CUST0061,2026-08-17,debit,transport,620,Fuel and commute
TXN005415,CUST0061,2026-08-26,debit,dining_entertainment,790,Dining and entertainment
TXN005416,CUST0061,2026-08-07,debit,emi,2550,Loan EMI
TXN005417,CUST0061,2026-08-18,debit,insurance_premium,10480,Insurance premium
TXN005418,CUST0062,2025-09-02,credit,salary,3400,Monthly credit
TXN005419,CUST0062,2025-09-05,debit,rent,680,House rent
TXN005420,CUST0062,2025-09-14,debit,groceries,470,Groceries
TXN005421,CUST0062,2025-09-12,debit,utilities,190,Electricity and water
TXN005422,CUST0062,2025-09-18,debit,transport,170,Fuel and commute
TXN005423,CUST0062,2025-09-09,debit,dining_entertainment,540,Dining and entertainment
TXN005424,CUST0062,2025-09-07,debit,emi,1060,Loan EMI
TXN005425,CUST0062,2025-09-10,debit,sip_investment,600,Mutual fund SIP
TXN005426,CUST0062,2025-09-15,debit,school_fees,4330,School fees
TXN005427,CUST0062,2025-09-03,debit,shopping,410,Online shopping
TXN005428,CUST0062,2025-10-03,credit,salary,3500,Monthly credit
TXN005429,CUST0062,2025-10-05,debit,rent,670,House rent
TXN005430,CUST0062,2025-10-13,debit,groceries,530,Groceries
TXN005431,CUST0062,2025-10-12,debit,utilities,190,Electricity and water
TXN005432,CUST0062,2025-10-21,debit,transport,160,Fuel and commute
TXN005433,CUST0062,2025-10-16,debit,dining_entertainment,320,Dining and entertainment
TXN005434,CUST0062,2025-10-07,debit,emi,1060,Loan EMI
TXN005435,CUST0062,2025-10-10,debit,sip_investment,600,Mutual fund SIP
TXN005436,CUST0062,2025-11-02,credit,salary,3500,Monthly credit
TXN005437,CUST0062,2025-11-05,debit,rent,640,House rent
TXN005438,CUST0062,2025-11-08,debit,groceries,500,Groceries
TXN005439,CUST0062,2025-11-12,debit,utilities,200,Electricity and water
TXN005440,CUST0062,2025-11-24,debit,transport,170,Fuel and commute
TXN005441,CUST0062,2025-11-17,debit,dining_entertainment,430,Dining and entertainment
TXN005442,CUST0062,2025-11-07,debit,emi,1050,Loan EMI
TXN005443,CUST0062,2025-11-10,debit,sip_investment,600,Mutual fund SIP
TXN005444,CUST0062,2025-12-01,credit,salary,3500,Monthly credit
TXN005445,CUST0062,2025-12-05,debit,rent,680,House rent
TXN005446,CUST0062,2025-12-15,debit,groceries,550,Groceries
TXN005447,CUST0062,2025-12-12,debit,utilities,130,Electricity and water
TXN005448,CUST0062,2025-12-11,debit,transport,140,Fuel and commute
TXN005449,CUST0062,2025-12-19,debit,dining_entertainment,600,Dining and entertainment
TXN005450,CUST0062,2025-12-07,debit,emi,1060,Loan EMI
TXN005451,CUST0062,2025-12-10,debit,sip_investment,600,Mutual fund SIP
TXN005452,CUST0062,2025-12-15,debit,school_fees,5510,School fees
TXN005453,CUST0062,2025-12-08,debit,shopping,230,Online shopping
TXN005454,CUST0062,2026-01-01,credit,salary,3500,Monthly credit
TXN005455,CUST0062,2026-01-05,debit,rent,710,House rent
TXN005456,CUST0062,2026-01-08,debit,groceries,500,Groceries
TXN005457,CUST0062,2026-01-12,debit,utilities,190,Electricity and water
TXN005458,CUST0062,2026-01-25,debit,transport,140,Fuel and commute
TXN005459,CUST0062,2026-01-18,debit,dining_entertainment,610,Dining and entertainment
TXN005460,CUST0062,2026-01-07,debit,emi,1050,Loan EMI
TXN005461,CUST0062,2026-01-10,debit,sip_investment,600,Mutual fund SIP
TXN005462,CUST0062,2026-02-02,credit,salary,3500,Monthly credit
TXN005463,CUST0062,2026-02-05,debit,rent,690,House rent
TXN005464,CUST0062,2026-02-13,debit,groceries,400,Groceries
TXN005465,CUST0062,2026-02-12,debit,utilities,110,Electricity and water
TXN005466,CUST0062,2026-02-13,debit,transport,200,Fuel and commute
TXN005467,CUST0062,2026-02-13,debit,dining_entertainment,430,Dining and entertainment
TXN005468,CUST0062,2026-02-07,debit,emi,1060,Loan EMI
TXN005469,CUST0062,2026-02-10,debit,sip_investment,600,Mutual fund SIP
TXN005470,CUST0062,2026-03-02,credit,salary,3400,Monthly credit
TXN005471,CUST0062,2026-03-05,debit,rent,610,House rent
TXN005472,CUST0062,2026-03-16,debit,groceries,400,Groceries
TXN005473,CUST0062,2026-03-12,debit,utilities,170,Electricity and water
TXN005474,CUST0062,2026-03-13,debit,transport,190,Fuel and commute
TXN005475,CUST0062,2026-03-08,debit,dining_entertainment,520,Dining and entertainment
TXN005476,CUST0062,2026-03-07,debit,emi,1060,Loan EMI
TXN005477,CUST0062,2026-03-10,debit,sip_investment,600,Mutual fund SIP
TXN005478,CUST0062,2026-03-15,debit,school_fees,3010,School fees
TXN005479,CUST0062,2026-04-01,credit,salary,3400,Monthly credit
TXN005480,CUST0062,2026-04-05,debit,rent,710,House rent
TXN005481,CUST0062,2026-04-06,debit,groceries,440,Groceries
TXN005482,CUST0062,2026-04-12,debit,utilities,130,Electricity and water
TXN005483,CUST0062,2026-04-21,debit,transport,190,Fuel and commute
TXN005484,CUST0062,2026-04-13,debit,dining_entertainment,670,Dining and entertainment
TXN005485,CUST0062,2026-04-07,debit,emi,1050,Loan EMI
TXN005486,CUST0062,2026-04-10,debit,sip_investment,600,Mutual fund SIP
TXN005487,CUST0062,2026-04-14,debit,shopping,170,Online shopping
TXN005488,CUST0062,2026-05-03,credit,salary,3400,Monthly credit
TXN005489,CUST0062,2026-05-05,debit,rent,700,House rent
TXN005490,CUST0062,2026-05-15,debit,groceries,460,Groceries
TXN005491,CUST0062,2026-05-12,debit,utilities,120,Electricity and water
TXN005492,CUST0062,2026-05-15,debit,transport,210,Fuel and commute
TXN005493,CUST0062,2026-05-22,debit,dining_entertainment,510,Dining and entertainment
TXN005494,CUST0062,2026-05-07,debit,emi,1050,Loan EMI
TXN005495,CUST0062,2026-05-10,debit,sip_investment,600,Mutual fund SIP
TXN005496,CUST0062,2026-05-27,debit,medical,830,Medical expenses
TXN005497,CUST0062,2026-06-02,credit,salary,3500,Monthly credit
TXN005498,CUST0062,2026-06-05,debit,rent,710,House rent
TXN005499,CUST0062,2026-06-16,debit,groceries,340,Groceries
TXN005500,CUST0062,2026-06-12,debit,utilities,120,Electricity and water
TXN005501,CUST0062,2026-06-13,debit,transport,230,Fuel and commute
TXN005502,CUST0062,2026-06-12,debit,dining_entertainment,510,Dining and entertainment
TXN005503,CUST0062,2026-06-07,debit,emi,1070,Loan EMI
TXN005504,CUST0062,2026-06-10,debit,sip_investment,600,Mutual fund SIP
TXN005505,CUST0062,2026-06-18,debit,insurance_premium,4640,Insurance premium
TXN005506,CUST0062,2026-06-15,debit,school_fees,6080,School fees
TXN005507,CUST0062,2026-07-02,credit,salary,3400,Monthly credit
TXN005508,CUST0062,2026-07-05,debit,rent,710,House rent
TXN005509,CUST0062,2026-07-07,debit,groceries,470,Groceries
TXN005510,CUST0062,2026-07-12,debit,utilities,140,Electricity and water
TXN005511,CUST0062,2026-07-17,debit,transport,200,Fuel and commute
TXN005512,CUST0062,2026-07-23,debit,dining_entertainment,710,Dining and entertainment
TXN005513,CUST0062,2026-07-07,debit,emi,1050,Loan EMI
TXN005514,CUST0062,2026-07-10,debit,sip_investment,600,Mutual fund SIP
TXN005515,CUST0062,2026-08-02,credit,salary,3500,Monthly credit
TXN005516,CUST0062,2026-08-05,debit,rent,690,House rent
TXN005517,CUST0062,2026-08-17,debit,groceries,530,Groceries
TXN005518,CUST0062,2026-08-12,debit,utilities,180,Electricity and water
TXN005519,CUST0062,2026-08-12,debit,transport,240,Fuel and commute
TXN005520,CUST0062,2026-08-18,debit,dining_entertainment,580,Dining and entertainment
TXN005521,CUST0062,2026-08-07,debit,emi,1060,Loan EMI
TXN005522,CUST0062,2026-08-10,debit,sip_investment,600,Mutual fund SIP
TXN005523,CUST0063,2025-09-02,credit,business_income,37900,Business receipt
TXN005524,CUST0063,2025-09-05,debit,rent,10570,House rent
TXN005525,CUST0063,2025-09-10,debit,groceries,5510,Groceries
TXN005526,CUST0063,2025-09-12,debit,utilities,2240,Electricity and water
TXN005527,CUST0063,2025-09-23,debit,transport,2350,Fuel and commute
TXN005528,CUST0063,2025-09-23,debit,dining_entertainment,2880,Dining and entertainment
TXN005529,CUST0063,2025-09-19,debit,medical,3320,Medical expenses
TXN005530,CUST0063,2025-10-02,credit,business_income,38200,Business receipt
TXN005531,CUST0063,2025-10-05,debit,rent,12530,House rent
TXN005532,CUST0063,2025-10-18,debit,groceries,5530,Groceries
TXN005533,CUST0063,2025-10-12,debit,utilities,1940,Electricity and water
TXN005534,CUST0063,2025-10-11,debit,transport,1640,Fuel and commute
TXN005535,CUST0063,2025-10-10,debit,dining_entertainment,2360,Dining and entertainment
TXN005536,CUST0063,2025-11-03,credit,business_income,39000,Business receipt
TXN005537,CUST0063,2025-11-05,debit,rent,10660,House rent
TXN005538,CUST0063,2025-11-06,debit,groceries,4300,Groceries
TXN005539,CUST0063,2025-11-12,debit,utilities,1760,Electricity and water
TXN005540,CUST0063,2025-11-19,debit,transport,1620,Fuel and commute
TXN005541,CUST0063,2025-11-19,debit,dining_entertainment,2900,Dining and entertainment
TXN005542,CUST0063,2025-11-16,debit,shopping,4000,Online shopping
TXN005543,CUST0063,2025-12-03,credit,business_income,38700,Business receipt
TXN005544,CUST0063,2025-12-05,debit,rent,12200,House rent
TXN005545,CUST0063,2025-12-16,debit,groceries,4820,Groceries
TXN005546,CUST0063,2025-12-12,debit,utilities,1950,Electricity and water
TXN005547,CUST0063,2025-12-13,debit,transport,3280,Fuel and commute
TXN005548,CUST0063,2025-12-13,debit,dining_entertainment,3100,Dining and entertainment
TXN005549,CUST0063,2026-01-01,credit,business_income,37700,Business receipt
TXN005550,CUST0063,2026-01-05,debit,rent,11390,House rent
TXN005551,CUST0063,2026-01-15,debit,groceries,4990,Groceries
TXN005552,CUST0063,2026-01-12,debit,utilities,1170,Electricity and water
TXN005553,CUST0063,2026-01-16,debit,transport,3300,Fuel and commute
TXN005554,CUST0063,2026-01-11,debit,dining_entertainment,4330,Dining and entertainment
TXN005555,CUST0063,2026-01-13,debit,shopping,1980,Online shopping
TXN005556,CUST0063,2026-02-02,credit,business_income,39100,Business receipt
TXN005557,CUST0063,2026-02-05,debit,rent,12150,House rent
TXN005558,CUST0063,2026-02-19,debit,groceries,4450,Groceries
TXN005559,CUST0063,2026-02-12,debit,utilities,1610,Electricity and water
TXN005560,CUST0063,2026-02-17,debit,transport,1830,Fuel and commute
TXN005561,CUST0063,2026-02-16,debit,dining_entertainment,3560,Dining and entertainment
TXN005562,CUST0063,2026-03-03,credit,business_income,38500,Business receipt
TXN005563,CUST0063,2026-03-05,debit,rent,10970,House rent
TXN005564,CUST0063,2026-03-16,debit,groceries,5980,Groceries
TXN005565,CUST0063,2026-03-12,debit,utilities,2000,Electricity and water
TXN005566,CUST0063,2026-03-10,debit,transport,2060,Fuel and commute
TXN005567,CUST0063,2026-03-21,debit,dining_entertainment,2990,Dining and entertainment
TXN005568,CUST0063,2026-04-02,credit,business_income,37900,Business receipt
TXN005569,CUST0063,2026-04-05,debit,rent,10840,House rent
TXN005570,CUST0063,2026-04-17,debit,groceries,3480,Groceries
TXN005571,CUST0063,2026-04-12,debit,utilities,1600,Electricity and water
TXN005572,CUST0063,2026-04-24,debit,transport,2870,Fuel and commute
TXN005573,CUST0063,2026-04-15,debit,dining_entertainment,2200,Dining and entertainment
TXN005574,CUST0063,2026-04-18,debit,shopping,1700,Online shopping
TXN005575,CUST0063,2026-05-03,credit,business_income,37700,Business receipt
TXN005576,CUST0063,2026-05-05,debit,rent,11010,House rent
TXN005577,CUST0063,2026-05-10,debit,groceries,5990,Groceries
TXN005578,CUST0063,2026-05-12,debit,utilities,2250,Electricity and water
TXN005579,CUST0063,2026-05-22,debit,transport,2910,Fuel and commute
TXN005580,CUST0063,2026-05-17,debit,dining_entertainment,2630,Dining and entertainment
TXN005581,CUST0063,2026-06-01,credit,business_income,37800,Business receipt
TXN005582,CUST0063,2026-06-05,debit,rent,11160,House rent
TXN005583,CUST0063,2026-06-09,debit,groceries,5830,Groceries
TXN005584,CUST0063,2026-06-12,debit,utilities,2240,Electricity and water
TXN005585,CUST0063,2026-06-25,debit,transport,2600,Fuel and commute
TXN005586,CUST0063,2026-06-24,debit,dining_entertainment,2390,Dining and entertainment
TXN005587,CUST0063,2026-07-01,credit,business_income,37800,Business receipt
TXN005588,CUST0063,2026-07-05,debit,rent,10350,House rent
TXN005589,CUST0063,2026-07-07,debit,groceries,4500,Groceries
TXN005590,CUST0063,2026-07-12,debit,utilities,2030,Electricity and water
TXN005591,CUST0063,2026-07-17,debit,transport,3080,Fuel and commute
TXN005592,CUST0063,2026-07-19,debit,dining_entertainment,3040,Dining and entertainment
TXN005593,CUST0063,2026-07-18,debit,insurance_premium,34350,Insurance premium
TXN005594,CUST0063,2026-08-03,credit,business_income,37700,Business receipt
TXN005595,CUST0063,2026-08-05,debit,rent,12010,House rent
TXN005596,CUST0063,2026-08-09,debit,groceries,3960,Groceries
TXN005597,CUST0063,2026-08-12,debit,utilities,1980,Electricity and water
TXN005598,CUST0063,2026-08-10,debit,transport,1620,Fuel and commute
TXN005599,CUST0063,2026-08-18,debit,dining_entertainment,4460,Dining and entertainment
TXN005600,CUST0064,2025-09-02,credit,salary,7200,Monthly credit
TXN005601,CUST0064,2025-09-05,debit,rent,2020,House rent
TXN005602,CUST0064,2025-09-07,debit,groceries,800,Groceries
TXN005603,CUST0064,2025-09-12,debit,utilities,260,Electricity and water
TXN005604,CUST0064,2025-09-20,debit,transport,520,Fuel and commute
TXN005605,CUST0064,2025-09-22,debit,dining_entertainment,1220,Dining and entertainment
TXN005606,CUST0064,2025-09-10,debit,sip_investment,1500,Mutual fund SIP
TXN005607,CUST0064,2025-09-15,debit,school_fees,3020,School fees
TXN005608,CUST0064,2025-10-02,credit,salary,7300,Monthly credit
TXN005609,CUST0064,2025-10-05,debit,rent,2200,House rent
TXN005610,CUST0064,2025-10-11,debit,groceries,730,Groceries
TXN005611,CUST0064,2025-10-12,debit,utilities,230,Electricity and water
TXN005612,CUST0064,2025-10-23,debit,transport,540,Fuel and commute
TXN005613,CUST0064,2025-10-08,debit,dining_entertainment,1090,Dining and entertainment
TXN005614,CUST0064,2025-10-10,debit,sip_investment,1500,Mutual fund SIP
TXN005615,CUST0064,2025-10-14,debit,shopping,830,Online shopping
TXN005616,CUST0064,2025-11-01,credit,salary,7100,Monthly credit
TXN005617,CUST0064,2025-11-05,debit,rent,2250,House rent
TXN005618,CUST0064,2025-11-06,debit,groceries,660,Groceries
TXN005619,CUST0064,2025-11-12,debit,utilities,340,Electricity and water
TXN005620,CUST0064,2025-11-13,debit,transport,590,Fuel and commute
TXN005621,CUST0064,2025-11-09,debit,dining_entertainment,1400,Dining and entertainment
TXN005622,CUST0064,2025-11-10,debit,sip_investment,1500,Mutual fund SIP
TXN005623,CUST0064,2025-11-18,debit,shopping,640,Online shopping
TXN005624,CUST0064,2025-12-03,credit,salary,7400,Monthly credit
TXN005625,CUST0064,2025-12-05,debit,rent,2120,House rent
TXN005626,CUST0064,2025-12-12,debit,groceries,1010,Groceries
TXN005627,CUST0064,2025-12-12,debit,utilities,310,Electricity and water
TXN005628,CUST0064,2025-12-25,debit,transport,560,Fuel and commute
TXN005629,CUST0064,2025-12-19,debit,dining_entertainment,1180,Dining and entertainment
TXN005630,CUST0064,2025-12-10,debit,sip_investment,1500,Mutual fund SIP
TXN005631,CUST0064,2025-12-15,debit,school_fees,6520,School fees
TXN005632,CUST0064,2026-01-02,credit,salary,7400,Monthly credit
TXN005633,CUST0064,2026-01-05,debit,rent,2190,House rent
TXN005634,CUST0064,2026-01-08,debit,groceries,840,Groceries
TXN005635,CUST0064,2026-01-12,debit,utilities,280,Electricity and water
TXN005636,CUST0064,2026-01-22,debit,transport,560,Fuel and commute
TXN005637,CUST0064,2026-01-13,debit,dining_entertainment,1530,Dining and entertainment
TXN005638,CUST0064,2026-01-10,debit,sip_investment,1500,Mutual fund SIP
TXN005639,CUST0064,2026-01-07,debit,shopping,750,Online shopping
TXN005640,CUST0064,2026-02-02,credit,salary,7100,Monthly credit
TXN005641,CUST0064,2026-02-05,debit,rent,2260,House rent
TXN005642,CUST0064,2026-02-09,debit,groceries,930,Groceries
TXN005643,CUST0064,2026-02-12,debit,utilities,430,Electricity and water
TXN005644,CUST0064,2026-02-21,debit,transport,330,Fuel and commute
TXN005645,CUST0064,2026-02-20,debit,dining_entertainment,800,Dining and entertainment
TXN005646,CUST0064,2026-02-10,debit,sip_investment,1500,Mutual fund SIP
TXN005647,CUST0064,2026-03-02,credit,salary,7400,Monthly credit
TXN005648,CUST0064,2026-03-05,debit,rent,2370,House rent
TXN005649,CUST0064,2026-03-11,debit,groceries,890,Groceries
TXN005650,CUST0064,2026-03-12,debit,utilities,290,Electricity and water
TXN005651,CUST0064,2026-03-16,debit,transport,430,Fuel and commute
TXN005652,CUST0064,2026-03-14,debit,dining_entertainment,840,Dining and entertainment
TXN005653,CUST0064,2026-03-10,debit,sip_investment,1500,Mutual fund SIP
TXN005654,CUST0064,2026-03-15,debit,school_fees,5010,School fees
TXN005655,CUST0064,2026-04-02,credit,salary,7400,Monthly credit
TXN005656,CUST0064,2026-04-05,debit,rent,2350,House rent
TXN005657,CUST0064,2026-04-18,debit,groceries,940,Groceries
TXN005658,CUST0064,2026-04-12,debit,utilities,390,Electricity and water
TXN005659,CUST0064,2026-04-19,debit,transport,430,Fuel and commute
TXN005660,CUST0064,2026-04-12,debit,dining_entertainment,810,Dining and entertainment
TXN005661,CUST0064,2026-04-10,debit,sip_investment,1500,Mutual fund SIP
TXN005662,CUST0064,2026-05-03,credit,salary,7300,Monthly credit
TXN005663,CUST0064,2026-05-05,debit,rent,2130,House rent
TXN005664,CUST0064,2026-05-11,debit,groceries,760,Groceries
TXN005665,CUST0064,2026-05-12,debit,utilities,340,Electricity and water
TXN005666,CUST0064,2026-05-22,debit,transport,350,Fuel and commute
TXN005667,CUST0064,2026-05-21,debit,dining_entertainment,1480,Dining and entertainment
TXN005668,CUST0064,2026-05-10,debit,sip_investment,1500,Mutual fund SIP
TXN005669,CUST0064,2026-06-02,credit,salary,7300,Monthly credit
TXN005670,CUST0064,2026-06-05,debit,rent,2200,House rent
TXN005671,CUST0064,2026-06-17,debit,groceries,740,Groceries
TXN005672,CUST0064,2026-06-12,debit,utilities,360,Electricity and water
TXN005673,CUST0064,2026-06-22,debit,transport,570,Fuel and commute
TXN005674,CUST0064,2026-06-14,debit,dining_entertainment,1140,Dining and entertainment
TXN005675,CUST0064,2026-06-10,debit,sip_investment,1500,Mutual fund SIP
TXN005676,CUST0064,2026-06-15,debit,school_fees,3480,School fees
TXN005677,CUST0064,2026-06-27,debit,shopping,700,Online shopping
TXN005678,CUST0064,2026-07-02,credit,salary,7400,Monthly credit
TXN005679,CUST0064,2026-07-05,debit,rent,2220,House rent
TXN005680,CUST0064,2026-07-14,debit,groceries,1050,Groceries
TXN005681,CUST0064,2026-07-12,debit,utilities,380,Electricity and water
TXN005682,CUST0064,2026-07-13,debit,transport,610,Fuel and commute
TXN005683,CUST0064,2026-07-10,debit,dining_entertainment,1340,Dining and entertainment
TXN005684,CUST0064,2026-07-10,debit,sip_investment,1500,Mutual fund SIP
TXN005685,CUST0064,2026-07-18,debit,insurance_premium,3800,Insurance premium
TXN005686,CUST0064,2026-08-01,credit,salary,7200,Monthly credit
TXN005687,CUST0064,2026-08-05,debit,rent,2090,House rent
TXN005688,CUST0064,2026-08-09,debit,groceries,1120,Groceries
TXN005689,CUST0064,2026-08-12,debit,utilities,380,Electricity and water
TXN005690,CUST0064,2026-08-19,debit,transport,640,Fuel and commute
TXN005691,CUST0064,2026-08-19,debit,dining_entertainment,1390,Dining and entertainment
TXN005692,CUST0064,2026-08-10,debit,sip_investment,1500,Mutual fund SIP
TXN005693,CUST0065,2025-09-01,credit,salary,10800,Monthly credit
TXN005694,CUST0065,2025-09-05,debit,rent,2030,House rent
TXN005695,CUST0065,2025-09-20,debit,groceries,1100,Groceries
TXN005696,CUST0065,2025-09-12,debit,utilities,370,Electricity and water
TXN005697,CUST0065,2025-09-23,debit,transport,660,Fuel and commute
TXN005698,CUST0065,2025-09-25,debit,dining_entertainment,640,Dining and entertainment
TXN005699,CUST0065,2025-09-07,debit,emi,2340,Loan EMI
TXN005700,CUST0065,2025-10-01,credit,salary,11000,Monthly credit
TXN005701,CUST0065,2025-10-05,debit,rent,2100,House rent
TXN005702,CUST0065,2025-10-08,debit,groceries,1480,Groceries
TXN005703,CUST0065,2025-10-12,debit,utilities,620,Electricity and water
TXN005704,CUST0065,2025-10-11,debit,transport,480,Fuel and commute
TXN005705,CUST0065,2025-10-20,debit,dining_entertainment,630,Dining and entertainment
TXN005706,CUST0065,2025-10-07,debit,emi,2330,Loan EMI
TXN005707,CUST0065,2025-11-02,credit,salary,10900,Monthly credit
TXN005708,CUST0065,2025-11-05,debit,rent,2080,House rent
TXN005709,CUST0065,2025-11-08,debit,groceries,1420,Groceries
TXN005710,CUST0065,2025-11-12,debit,utilities,470,Electricity and water
TXN005711,CUST0065,2025-11-25,debit,transport,440,Fuel and commute
TXN005712,CUST0065,2025-11-26,debit,dining_entertainment,1260,Dining and entertainment
TXN005713,CUST0065,2025-11-07,debit,emi,2330,Loan EMI
TXN005714,CUST0065,2025-11-18,debit,insurance_premium,8790,Insurance premium
TXN005715,CUST0065,2025-12-03,credit,salary,10700,Monthly credit
TXN005716,CUST0065,2025-12-05,debit,rent,1840,House rent
TXN005717,CUST0065,2025-12-08,debit,groceries,1280,Groceries
TXN005718,CUST0065,2025-12-12,debit,utilities,360,Electricity and water
TXN005719,CUST0065,2025-12-16,debit,transport,940,Fuel and commute
TXN005720,CUST0065,2025-12-18,debit,dining_entertainment,1270,Dining and entertainment
TXN005721,CUST0065,2025-12-07,debit,emi,2320,Loan EMI
TXN005722,CUST0065,2026-01-02,credit,salary,10800,Monthly credit
TXN005723,CUST0065,2026-01-05,debit,rent,1730,House rent
TXN005724,CUST0065,2026-01-12,debit,groceries,1660,Groceries
TXN005725,CUST0065,2026-01-12,debit,utilities,650,Electricity and water
TXN005726,CUST0065,2026-01-18,debit,transport,630,Fuel and commute
TXN005727,CUST0065,2026-01-16,debit,dining_entertainment,670,Dining and entertainment
TXN005728,CUST0065,2026-01-07,debit,emi,2360,Loan EMI
TXN005729,CUST0065,2026-01-08,debit,shopping,640,Online shopping
TXN005730,CUST0065,2026-02-01,credit,salary,10700,Monthly credit
TXN005731,CUST0065,2026-02-05,debit,rent,1990,House rent
TXN005732,CUST0065,2026-02-12,debit,groceries,1180,Groceries
TXN005733,CUST0065,2026-02-12,debit,utilities,430,Electricity and water
TXN005734,CUST0065,2026-02-24,debit,transport,580,Fuel and commute
TXN005735,CUST0065,2026-02-18,debit,dining_entertainment,1040,Dining and entertainment
TXN005736,CUST0065,2026-02-07,debit,emi,2340,Loan EMI
TXN005737,CUST0065,2026-03-03,credit,salary,10900,Monthly credit
TXN005738,CUST0065,2026-03-05,debit,rent,1940,House rent
TXN005739,CUST0065,2026-03-09,debit,groceries,1210,Groceries
TXN005740,CUST0065,2026-03-12,debit,utilities,620,Electricity and water
TXN005741,CUST0065,2026-03-11,debit,transport,640,Fuel and commute
TXN005742,CUST0065,2026-03-16,debit,dining_entertainment,1070,Dining and entertainment
TXN005743,CUST0065,2026-03-07,debit,emi,2340,Loan EMI
TXN005744,CUST0065,2026-04-02,credit,salary,11000,Monthly credit
TXN005745,CUST0065,2026-04-05,debit,rent,1880,House rent
TXN005746,CUST0065,2026-04-11,debit,groceries,1240,Groceries
TXN005747,CUST0065,2026-04-12,debit,utilities,560,Electricity and water
TXN005748,CUST0065,2026-04-25,debit,transport,730,Fuel and commute
TXN005749,CUST0065,2026-04-10,debit,dining_entertainment,740,Dining and entertainment
TXN005750,CUST0065,2026-04-07,debit,emi,2350,Loan EMI
TXN005751,CUST0065,2026-04-13,debit,shopping,980,Online shopping
TXN005752,CUST0065,2026-05-01,credit,salary,11000,Monthly credit
TXN005753,CUST0065,2026-05-05,debit,rent,1730,House rent
TXN005754,CUST0065,2026-05-18,debit,groceries,1080,Groceries
TXN005755,CUST0065,2026-05-12,debit,utilities,360,Electricity and water
TXN005756,CUST0065,2026-05-21,debit,transport,470,Fuel and commute
TXN005757,CUST0065,2026-05-26,debit,dining_entertainment,570,Dining and entertainment
TXN005758,CUST0065,2026-05-07,debit,emi,2350,Loan EMI
TXN005759,CUST0065,2026-06-01,credit,salary,10700,Monthly credit
TXN005760,CUST0065,2026-06-05,debit,rent,2010,House rent
TXN005761,CUST0065,2026-06-20,debit,groceries,1240,Groceries
TXN005762,CUST0065,2026-06-12,debit,utilities,520,Electricity and water
TXN005763,CUST0065,2026-06-24,debit,transport,520,Fuel and commute
TXN005764,CUST0065,2026-06-18,debit,dining_entertainment,1010,Dining and entertainment
TXN005765,CUST0065,2026-06-07,debit,emi,2350,Loan EMI
TXN005766,CUST0065,2026-06-09,debit,shopping,1010,Online shopping
TXN005767,CUST0065,2026-07-01,credit,salary,11000,Monthly credit
TXN005768,CUST0065,2026-07-05,debit,rent,1800,House rent
TXN005769,CUST0065,2026-07-07,debit,groceries,1530,Groceries
TXN005770,CUST0065,2026-07-12,debit,utilities,320,Electricity and water
TXN005771,CUST0065,2026-07-17,debit,transport,860,Fuel and commute
TXN005772,CUST0065,2026-07-10,debit,dining_entertainment,680,Dining and entertainment
TXN005773,CUST0065,2026-07-07,debit,emi,2330,Loan EMI
TXN005774,CUST0065,2026-07-25,debit,shopping,1130,Online shopping
TXN005775,CUST0065,2026-08-03,credit,salary,11100,Monthly credit
TXN005776,CUST0065,2026-08-05,debit,rent,2000,House rent
TXN005777,CUST0065,2026-08-17,debit,groceries,1340,Groceries
TXN005778,CUST0065,2026-08-12,debit,utilities,540,Electricity and water
TXN005779,CUST0065,2026-08-11,debit,transport,900,Fuel and commute
TXN005780,CUST0065,2026-08-24,debit,dining_entertainment,870,Dining and entertainment
TXN005781,CUST0065,2026-08-07,debit,emi,2310,Loan EMI
TXN005782,CUST0065,2026-08-20,debit,shopping,460,Online shopping
TXN005783,CUST0066,2025-09-02,credit,salary,5100,Monthly credit
TXN005784,CUST0066,2025-09-05,debit,rent,1430,House rent
TXN005785,CUST0066,2025-09-12,debit,groceries,540,Groceries
TXN005786,CUST0066,2025-09-12,debit,utilities,250,Electricity and water
TXN005787,CUST0066,2025-09-23,debit,transport,350,Fuel and commute
TXN005788,CUST0066,2025-09-17,debit,dining_entertainment,430,Dining and entertainment
TXN005789,CUST0066,2025-09-07,debit,emi,890,Loan EMI
TXN005790,CUST0066,2025-10-01,credit,salary,5100,Monthly credit
TXN005791,CUST0066,2025-10-05,debit,rent,1400,House rent
TXN005792,CUST0066,2025-10-10,debit,groceries,810,Groceries
TXN005793,CUST0066,2025-10-12,debit,utilities,190,Electricity and water
TXN005794,CUST0066,2025-10-11,debit,transport,240,Fuel and commute
TXN005795,CUST0066,2025-10-19,debit,dining_entertainment,270,Dining and entertainment
TXN005796,CUST0066,2025-10-07,debit,emi,900,Loan EMI
TXN005797,CUST0066,2025-10-18,debit,insurance_premium,2860,Insurance premium
TXN005798,CUST0066,2025-11-03,credit,salary,5200,Monthly credit
TXN005799,CUST0066,2025-11-05,debit,rent,1340,House rent
TXN005800,CUST0066,2025-11-16,debit,groceries,810,Groceries
TXN005801,CUST0066,2025-11-12,debit,utilities,160,Electricity and water
TXN005802,CUST0066,2025-11-21,debit,transport,350,Fuel and commute
TXN005803,CUST0066,2025-11-10,debit,dining_entertainment,500,Dining and entertainment
TXN005804,CUST0066,2025-11-07,debit,emi,890,Loan EMI
TXN005805,CUST0066,2025-12-02,credit,salary,5100,Monthly credit
TXN005806,CUST0066,2025-12-05,debit,rent,1320,House rent
TXN005807,CUST0066,2025-12-13,debit,groceries,570,Groceries
TXN005808,CUST0066,2025-12-12,debit,utilities,200,Electricity and water
TXN005809,CUST0066,2025-12-16,debit,transport,460,Fuel and commute
TXN005810,CUST0066,2025-12-13,debit,dining_entertainment,330,Dining and entertainment
TXN005811,CUST0066,2025-12-07,debit,emi,880,Loan EMI
TXN005812,CUST0066,2026-01-02,credit,salary,5100,Monthly credit
TXN005813,CUST0066,2026-01-05,debit,rent,1350,House rent
TXN005814,CUST0066,2026-01-13,debit,groceries,790,Groceries
TXN005815,CUST0066,2026-01-12,debit,utilities,170,Electricity and water
TXN005816,CUST0066,2026-01-22,debit,transport,390,Fuel and commute
TXN005817,CUST0066,2026-01-08,debit,dining_entertainment,400,Dining and entertainment
TXN005818,CUST0066,2026-01-07,debit,emi,900,Loan EMI
TXN005819,CUST0066,2026-02-01,credit,salary,5200,Monthly credit
TXN005820,CUST0066,2026-02-05,debit,rent,1330,House rent
TXN005821,CUST0066,2026-02-18,debit,groceries,460,Groceries
TXN005822,CUST0066,2026-02-12,debit,utilities,280,Electricity and water
TXN005823,CUST0066,2026-02-14,debit,transport,440,Fuel and commute
TXN005824,CUST0066,2026-02-13,debit,dining_entertainment,460,Dining and entertainment
TXN005825,CUST0066,2026-02-07,debit,emi,890,Loan EMI
TXN005826,CUST0066,2026-02-10,debit,medical,1110,Medical expenses
TXN005827,CUST0066,2026-03-02,credit,salary,5000,Monthly credit
TXN005828,CUST0066,2026-03-05,debit,rent,1270,House rent
TXN005829,CUST0066,2026-03-19,debit,groceries,760,Groceries
TXN005830,CUST0066,2026-03-12,debit,utilities,240,Electricity and water
TXN005831,CUST0066,2026-03-25,debit,transport,260,Fuel and commute
TXN005832,CUST0066,2026-03-23,debit,dining_entertainment,470,Dining and entertainment
TXN005833,CUST0066,2026-03-07,debit,emi,890,Loan EMI
TXN005834,CUST0066,2026-03-04,debit,shopping,600,Online shopping
TXN005835,CUST0066,2026-04-01,credit,salary,5100,Monthly credit
TXN005836,CUST0066,2026-04-05,debit,rent,1240,House rent
TXN005837,CUST0066,2026-04-13,debit,groceries,580,Groceries
TXN005838,CUST0066,2026-04-12,debit,utilities,240,Electricity and water
TXN005839,CUST0066,2026-04-25,debit,transport,240,Fuel and commute
TXN005840,CUST0066,2026-04-21,debit,dining_entertainment,540,Dining and entertainment
TXN005841,CUST0066,2026-04-07,debit,emi,890,Loan EMI
TXN005842,CUST0066,2026-05-02,credit,salary,5100,Monthly credit
TXN005843,CUST0066,2026-05-05,debit,rent,1410,House rent
TXN005844,CUST0066,2026-05-07,debit,groceries,620,Groceries
TXN005845,CUST0066,2026-05-12,debit,utilities,240,Electricity and water
TXN005846,CUST0066,2026-05-20,debit,transport,340,Fuel and commute
TXN005847,CUST0066,2026-05-12,debit,dining_entertainment,510,Dining and entertainment
TXN005848,CUST0066,2026-05-07,debit,emi,890,Loan EMI
TXN005849,CUST0066,2026-05-16,debit,shopping,360,Online shopping
TXN005850,CUST0066,2026-06-02,credit,salary,5100,Monthly credit
TXN005851,CUST0066,2026-06-05,debit,rent,1410,House rent
TXN005852,CUST0066,2026-06-20,debit,groceries,790,Groceries
TXN005853,CUST0066,2026-06-12,debit,utilities,200,Electricity and water
TXN005854,CUST0066,2026-06-25,debit,transport,440,Fuel and commute
TXN005855,CUST0066,2026-06-25,debit,dining_entertainment,540,Dining and entertainment
TXN005856,CUST0066,2026-06-07,debit,emi,890,Loan EMI
TXN005857,CUST0066,2026-07-02,credit,salary,5200,Monthly credit
TXN005858,CUST0066,2026-07-05,debit,rent,1440,House rent
TXN005859,CUST0066,2026-07-20,debit,groceries,670,Groceries
TXN005860,CUST0066,2026-07-12,debit,utilities,190,Electricity and water
TXN005861,CUST0066,2026-07-17,debit,transport,350,Fuel and commute
TXN005862,CUST0066,2026-07-15,debit,dining_entertainment,550,Dining and entertainment
TXN005863,CUST0066,2026-07-07,debit,emi,890,Loan EMI
TXN005864,CUST0066,2026-07-06,debit,shopping,390,Online shopping
TXN005865,CUST0066,2026-08-01,credit,salary,5100,Monthly credit
TXN005866,CUST0066,2026-08-05,debit,rent,1390,House rent
TXN005867,CUST0066,2026-08-13,debit,groceries,490,Groceries
TXN005868,CUST0066,2026-08-12,debit,utilities,220,Electricity and water
TXN005869,CUST0066,2026-08-18,debit,transport,430,Fuel and commute
TXN005870,CUST0066,2026-08-20,debit,dining_entertainment,270,Dining and entertainment
TXN005871,CUST0066,2026-08-07,debit,emi,900,Loan EMI
TXN005872,CUST0067,2025-09-01,credit,business_income,13400,Business receipt
TXN005873,CUST0067,2025-09-05,debit,maintenance,460,Society maintenance
TXN005874,CUST0067,2025-09-13,debit,groceries,2460,Groceries
TXN005875,CUST0067,2025-09-12,debit,utilities,780,Electricity and water
TXN005876,CUST0067,2025-09-20,debit,transport,1310,Fuel and commute
TXN005877,CUST0067,2025-09-18,debit,dining_entertainment,1380,Dining and entertainment
TXN005878,CUST0067,2025-09-15,debit,school_fees,11700,School fees
TXN005879,CUST0067,2025-09-28,credit,interest_payout,970,Deposit interest payout
TXN005880,CUST0067,2025-10-01,credit,business_income,17800,Business receipt
TXN005881,CUST0067,2025-10-05,debit,maintenance,450,Society maintenance
TXN005882,CUST0067,2025-10-20,debit,groceries,1570,Groceries
TXN005883,CUST0067,2025-10-12,debit,utilities,590,Electricity and water
TXN005884,CUST0067,2025-10-19,debit,transport,1330,Fuel and commute
TXN005885,CUST0067,2025-10-20,debit,dining_entertainment,1090,Dining and entertainment
TXN005886,CUST0067,2025-10-28,credit,interest_payout,500,Deposit interest payout
TXN005887,CUST0067,2025-11-01,credit,business_income,12500,Business receipt
TXN005888,CUST0067,2025-11-05,debit,maintenance,400,Society maintenance
TXN005889,CUST0067,2025-11-12,debit,groceries,2250,Groceries
TXN005890,CUST0067,2025-11-12,debit,utilities,530,Electricity and water
TXN005891,CUST0067,2025-11-14,debit,transport,1050,Fuel and commute
TXN005892,CUST0067,2025-11-20,debit,dining_entertainment,1330,Dining and entertainment
TXN005893,CUST0067,2025-11-28,credit,interest_payout,400,Deposit interest payout
TXN005894,CUST0067,2025-12-02,credit,business_income,14000,Business receipt
TXN005895,CUST0067,2025-12-05,debit,maintenance,430,Society maintenance
TXN005896,CUST0067,2025-12-10,debit,groceries,2200,Groceries
TXN005897,CUST0067,2025-12-12,debit,utilities,580,Electricity and water
TXN005898,CUST0067,2025-12-10,debit,transport,770,Fuel and commute
TXN005899,CUST0067,2025-12-18,debit,dining_entertainment,940,Dining and entertainment
TXN005900,CUST0067,2025-12-18,debit,insurance_premium,16620,Insurance premium
TXN005901,CUST0067,2025-12-15,debit,school_fees,9730,School fees
TXN005902,CUST0067,2025-12-28,credit,interest_payout,750,Deposit interest payout
TXN005903,CUST0067,2026-01-02,credit,business_income,18300,Business receipt
TXN005904,CUST0067,2026-01-05,debit,maintenance,430,Society maintenance
TXN005905,CUST0067,2026-01-18,debit,groceries,2210,Groceries
TXN005906,CUST0067,2026-01-12,debit,utilities,510,Electricity and water
TXN005907,CUST0067,2026-01-11,debit,transport,900,Fuel and commute
TXN005908,CUST0067,2026-01-09,debit,dining_entertainment,1850,Dining and entertainment
TXN005909,CUST0067,2026-01-28,credit,interest_payout,950,Deposit interest payout
TXN005910,CUST0067,2026-02-01,credit,business_income,12400,Business receipt
TXN005911,CUST0067,2026-02-05,debit,maintenance,500,Society maintenance
TXN005912,CUST0067,2026-02-09,debit,groceries,2590,Groceries
TXN005913,CUST0067,2026-02-12,debit,utilities,540,Electricity and water
TXN005914,CUST0067,2026-02-21,debit,transport,960,Fuel and commute
TXN005915,CUST0067,2026-02-21,debit,dining_entertainment,1200,Dining and entertainment
TXN005916,CUST0067,2026-02-04,debit,shopping,1100,Online shopping
TXN005917,CUST0067,2026-02-28,credit,interest_payout,760,Deposit interest payout
TXN005918,CUST0067,2026-03-01,credit,business_income,15400,Business receipt
TXN005919,CUST0067,2026-03-05,debit,maintenance,500,Society maintenance
TXN005920,CUST0067,2026-03-09,debit,groceries,1600,Groceries
TXN005921,CUST0067,2026-03-12,debit,utilities,720,Electricity and water
TXN005922,CUST0067,2026-03-18,debit,transport,760,Fuel and commute
TXN005923,CUST0067,2026-03-09,debit,dining_entertainment,1070,Dining and entertainment
TXN005924,CUST0067,2026-03-15,debit,school_fees,12030,School fees
TXN005925,CUST0067,2026-03-10,debit,shopping,1760,Online shopping
TXN005926,CUST0067,2026-03-28,credit,interest_payout,360,Deposit interest payout
TXN005927,CUST0067,2026-04-01,credit,business_income,19600,Business receipt
TXN005928,CUST0067,2026-04-05,debit,maintenance,590,Society maintenance
TXN005929,CUST0067,2026-04-11,debit,groceries,1660,Groceries
TXN005930,CUST0067,2026-04-12,debit,utilities,660,Electricity and water
TXN005931,CUST0067,2026-04-22,debit,transport,1290,Fuel and commute
TXN005932,CUST0067,2026-04-17,debit,dining_entertainment,820,Dining and entertainment
TXN005933,CUST0067,2026-04-28,credit,interest_payout,690,Deposit interest payout
TXN005934,CUST0067,2026-05-03,credit,business_income,11300,Business receipt
TXN005935,CUST0067,2026-05-05,debit,maintenance,400,Society maintenance
TXN005936,CUST0067,2026-05-13,debit,groceries,1760,Groceries
TXN005937,CUST0067,2026-05-12,debit,utilities,500,Electricity and water
TXN005938,CUST0067,2026-05-21,debit,transport,1250,Fuel and commute
TXN005939,CUST0067,2026-05-13,debit,dining_entertainment,1410,Dining and entertainment
TXN005940,CUST0067,2026-05-23,debit,shopping,510,Online shopping
TXN005941,CUST0067,2026-05-28,credit,interest_payout,520,Deposit interest payout
TXN005942,CUST0067,2026-06-03,credit,business_income,17300,Business receipt
TXN005943,CUST0067,2026-06-05,debit,maintenance,470,Society maintenance
TXN005944,CUST0067,2026-06-18,debit,groceries,2470,Groceries
TXN005945,CUST0067,2026-06-12,debit,utilities,800,Electricity and water
TXN005946,CUST0067,2026-06-20,debit,transport,940,Fuel and commute
TXN005947,CUST0067,2026-06-20,debit,dining_entertainment,1870,Dining and entertainment
TXN005948,CUST0067,2026-06-15,debit,school_fees,7650,School fees
TXN005949,CUST0067,2026-06-23,debit,shopping,1400,Online shopping
TXN005950,CUST0067,2026-06-28,credit,interest_payout,840,Deposit interest payout
TXN005951,CUST0067,2026-07-01,credit,business_income,13200,Business receipt
TXN005952,CUST0067,2026-07-05,debit,maintenance,400,Society maintenance
TXN005953,CUST0067,2026-07-17,debit,groceries,2430,Groceries
TXN005954,CUST0067,2026-07-12,debit,utilities,960,Electricity and water
TXN005955,CUST0067,2026-07-19,debit,transport,830,Fuel and commute
TXN005956,CUST0067,2026-07-14,debit,dining_entertainment,1790,Dining and entertainment
TXN005957,CUST0067,2026-07-28,credit,interest_payout,360,Deposit interest payout
TXN005958,CUST0067,2026-08-03,credit,business_income,18100,Business receipt
TXN005959,CUST0067,2026-08-05,debit,maintenance,570,Society maintenance
TXN005960,CUST0067,2026-08-09,debit,groceries,2480,Groceries
TXN005961,CUST0067,2026-08-12,debit,utilities,750,Electricity and water
TXN005962,CUST0067,2026-08-16,debit,transport,920,Fuel and commute
TXN005963,CUST0067,2026-08-18,debit,dining_entertainment,1790,Dining and entertainment
TXN005964,CUST0067,2026-08-28,credit,interest_payout,550,Deposit interest payout
TXN005965,CUST0068,2025-09-03,credit,salary,8600,Monthly credit
TXN005966,CUST0068,2025-09-05,debit,rent,2000,House rent
TXN005967,CUST0068,2025-09-19,debit,groceries,1370,Groceries
TXN005968,CUST0068,2025-09-12,debit,utilities,500,Electricity and water
TXN005969,CUST0068,2025-09-13,debit,transport,380,Fuel and commute
TXN005970,CUST0068,2025-09-08,debit,dining_entertainment,960,Dining and entertainment
TXN005971,CUST0068,2025-09-07,debit,emi,1570,Loan EMI
TXN005972,CUST0068,2025-10-02,credit,salary,8500,Monthly credit
TXN005973,CUST0068,2025-10-05,debit,rent,2190,House rent
TXN005974,CUST0068,2025-10-07,debit,groceries,1360,Groceries
TXN005975,CUST0068,2025-10-12,debit,utilities,270,Electricity and water
TXN005976,CUST0068,2025-10-16,debit,transport,430,Fuel and commute
TXN005977,CUST0068,2025-10-19,debit,dining_entertainment,1020,Dining and entertainment
TXN005978,CUST0068,2025-10-07,debit,emi,1550,Loan EMI
TXN005979,CUST0068,2025-10-06,debit,shopping,860,Online shopping
TXN005980,CUST0068,2025-10-28,credit,interest_payout,260,Deposit interest payout
TXN005981,CUST0068,2025-11-01,credit,salary,8800,Monthly credit
TXN005982,CUST0068,2025-11-05,debit,rent,1930,House rent
TXN005983,CUST0068,2025-11-16,debit,groceries,1160,Groceries
TXN005984,CUST0068,2025-11-12,debit,utilities,460,Electricity and water
TXN005985,CUST0068,2025-11-25,debit,transport,720,Fuel and commute
TXN005986,CUST0068,2025-11-11,debit,dining_entertainment,520,Dining and entertainment
TXN005987,CUST0068,2025-11-07,debit,emi,1550,Loan EMI
TXN005988,CUST0068,2025-11-28,credit,interest_payout,360,Deposit interest payout
TXN005989,CUST0068,2025-12-03,credit,salary,8500,Monthly credit
TXN005990,CUST0068,2025-12-05,debit,rent,2120,House rent
TXN005991,CUST0068,2025-12-17,debit,groceries,810,Groceries
TXN005992,CUST0068,2025-12-12,debit,utilities,290,Electricity and water
TXN005993,CUST0068,2025-12-22,debit,transport,370,Fuel and commute
TXN005994,CUST0068,2025-12-23,debit,dining_entertainment,430,Dining and entertainment
TXN005995,CUST0068,2025-12-07,debit,emi,1560,Loan EMI
TXN005996,CUST0068,2025-12-04,debit,shopping,270,Online shopping
TXN005997,CUST0068,2025-12-28,credit,interest_payout,500,Deposit interest payout
TXN005998,CUST0068,2026-01-03,credit,salary,8700,Monthly credit
TXN005999,CUST0068,2026-01-05,debit,rent,2000,House rent
TXN006000,CUST0068,2026-01-18,debit,groceries,1070,Groceries
TXN006001,CUST0068,2026-01-12,debit,utilities,320,Electricity and water
TXN006002,CUST0068,2026-01-16,debit,transport,630,Fuel and commute
TXN006003,CUST0068,2026-01-22,debit,dining_entertainment,560,Dining and entertainment
TXN006004,CUST0068,2026-01-07,debit,emi,1580,Loan EMI
TXN006005,CUST0068,2026-01-16,debit,shopping,690,Online shopping
TXN006006,CUST0068,2026-01-28,credit,interest_payout,410,Deposit interest payout
TXN006007,CUST0068,2026-02-03,credit,salary,8700,Monthly credit
TXN006008,CUST0068,2026-02-05,debit,rent,2240,House rent
TXN006009,CUST0068,2026-02-11,debit,groceries,800,Groceries
TXN006010,CUST0068,2026-02-12,debit,utilities,280,Electricity and water
TXN006011,CUST0068,2026-02-25,debit,transport,500,Fuel and commute
TXN006012,CUST0068,2026-02-19,debit,dining_entertainment,750,Dining and entertainment
TXN006013,CUST0068,2026-02-07,debit,emi,1570,Loan EMI
TXN006014,CUST0068,2026-02-28,credit,interest_payout,420,Deposit interest payout
TXN006015,CUST0068,2026-03-01,credit,salary,8600,Monthly credit
TXN006016,CUST0068,2026-03-05,debit,rent,2130,House rent
TXN006017,CUST0068,2026-03-11,debit,groceries,1000,Groceries
TXN006018,CUST0068,2026-03-12,debit,utilities,450,Electricity and water
TXN006019,CUST0068,2026-03-25,debit,transport,410,Fuel and commute
TXN006020,CUST0068,2026-03-21,debit,dining_entertainment,830,Dining and entertainment
TXN006021,CUST0068,2026-03-07,debit,emi,1560,Loan EMI
TXN006022,CUST0068,2026-03-28,credit,interest_payout,280,Deposit interest payout
TXN006023,CUST0068,2026-04-02,credit,salary,8600,Monthly credit
TXN006024,CUST0068,2026-04-05,debit,rent,2070,House rent
TXN006025,CUST0068,2026-04-16,debit,groceries,1100,Groceries
TXN006026,CUST0068,2026-04-12,debit,utilities,300,Electricity and water
TXN006027,CUST0068,2026-04-14,debit,transport,360,Fuel and commute
TXN006028,CUST0068,2026-04-25,debit,dining_entertainment,780,Dining and entertainment
TXN006029,CUST0068,2026-04-07,debit,emi,1570,Loan EMI
TXN006030,CUST0068,2026-04-18,debit,insurance_premium,10140,Insurance premium
TXN006031,CUST0068,2026-05-03,credit,salary,8700,Monthly credit
TXN006032,CUST0068,2026-05-05,debit,rent,2050,House rent
TXN006033,CUST0068,2026-05-20,debit,groceries,1270,Groceries
TXN006034,CUST0068,2026-05-12,debit,utilities,280,Electricity and water
TXN006035,CUST0068,2026-05-11,debit,transport,560,Fuel and commute
TXN006036,CUST0068,2026-05-26,debit,dining_entertainment,740,Dining and entertainment
TXN006037,CUST0068,2026-05-07,debit,emi,1550,Loan EMI
TXN006038,CUST0068,2026-05-28,credit,interest_payout,250,Deposit interest payout
TXN006039,CUST0068,2026-06-02,credit,salary,8700,Monthly credit
TXN006040,CUST0068,2026-06-05,debit,rent,2090,House rent
TXN006041,CUST0068,2026-06-19,debit,groceries,970,Groceries
TXN006042,CUST0068,2026-06-12,debit,utilities,460,Electricity and water
TXN006043,CUST0068,2026-06-22,debit,transport,580,Fuel and commute
TXN006044,CUST0068,2026-06-20,debit,dining_entertainment,740,Dining and entertainment
TXN006045,CUST0068,2026-06-07,debit,emi,1560,Loan EMI
TXN006046,CUST0068,2026-06-28,credit,interest_payout,210,Deposit interest payout
TXN006047,CUST0068,2026-07-02,credit,salary,8700,Monthly credit
TXN006048,CUST0068,2026-07-05,debit,rent,1950,House rent
TXN006049,CUST0068,2026-07-18,debit,groceries,1200,Groceries
TXN006050,CUST0068,2026-07-12,debit,utilities,300,Electricity and water
TXN006051,CUST0068,2026-07-13,debit,transport,340,Fuel and commute
TXN006052,CUST0068,2026-07-10,debit,dining_entertainment,720,Dining and entertainment
TXN006053,CUST0068,2026-07-07,debit,emi,1570,Loan EMI
TXN006054,CUST0068,2026-07-28,credit,interest_payout,240,Deposit interest payout
TXN006055,CUST0068,2026-08-01,credit,salary,8700,Monthly credit
TXN006056,CUST0068,2026-08-05,debit,rent,1890,House rent
TXN006057,CUST0068,2026-08-07,debit,groceries,790,Groceries
TXN006058,CUST0068,2026-08-12,debit,utilities,310,Electricity and water
TXN006059,CUST0068,2026-08-12,debit,transport,700,Fuel and commute
TXN006060,CUST0068,2026-08-22,debit,dining_entertainment,450,Dining and entertainment
TXN006061,CUST0068,2026-08-07,debit,emi,1580,Loan EMI
TXN006062,CUST0068,2026-08-28,credit,interest_payout,410,Deposit interest payout
TXN006063,CUST0069,2025-09-03,credit,business_income,7400,Business receipt
TXN006064,CUST0069,2025-09-05,debit,maintenance,260,Society maintenance
TXN006065,CUST0069,2025-09-15,debit,groceries,1040,Groceries
TXN006066,CUST0069,2025-09-12,debit,utilities,400,Electricity and water
TXN006067,CUST0069,2025-09-11,debit,transport,620,Fuel and commute
TXN006068,CUST0069,2025-09-19,debit,dining_entertainment,710,Dining and entertainment
TXN006069,CUST0069,2025-09-15,debit,school_fees,3530,School fees
TXN006070,CUST0069,2025-09-28,credit,interest_payout,350,Deposit interest payout
TXN006071,CUST0069,2025-10-03,credit,business_income,6400,Business receipt
TXN006072,CUST0069,2025-10-05,debit,maintenance,260,Society maintenance
TXN006073,CUST0069,2025-10-16,debit,groceries,1280,Groceries
TXN006074,CUST0069,2025-10-12,debit,utilities,380,Electricity and water
TXN006075,CUST0069,2025-10-11,debit,transport,350,Fuel and commute
TXN006076,CUST0069,2025-10-10,debit,dining_entertainment,990,Dining and entertainment
TXN006077,CUST0069,2025-10-28,credit,interest_payout,410,Deposit interest payout
TXN006078,CUST0069,2025-11-01,credit,business_income,9500,Business receipt
TXN006079,CUST0069,2025-11-05,debit,maintenance,250,Society maintenance
TXN006080,CUST0069,2025-11-09,debit,groceries,1210,Groceries
TXN006081,CUST0069,2025-11-12,debit,utilities,400,Electricity and water
TXN006082,CUST0069,2025-11-20,debit,transport,530,Fuel and commute
TXN006083,CUST0069,2025-11-22,debit,dining_entertainment,590,Dining and entertainment
TXN006084,CUST0069,2025-11-28,credit,interest_payout,210,Deposit interest payout
TXN006085,CUST0069,2025-12-01,credit,business_income,10300,Business receipt
TXN006086,CUST0069,2025-12-05,debit,maintenance,290,Society maintenance
TXN006087,CUST0069,2025-12-14,debit,groceries,1020,Groceries
TXN006088,CUST0069,2025-12-12,debit,utilities,300,Electricity and water
TXN006089,CUST0069,2025-12-22,debit,transport,450,Fuel and commute
TXN006090,CUST0069,2025-12-25,debit,dining_entertainment,890,Dining and entertainment
TXN006091,CUST0069,2025-12-18,debit,insurance_premium,9250,Insurance premium
TXN006092,CUST0069,2025-12-15,debit,school_fees,3600,School fees
TXN006093,CUST0069,2025-12-28,credit,interest_payout,470,Deposit interest payout
TXN006094,CUST0069,2026-01-01,credit,business_income,7400,Business receipt
TXN006095,CUST0069,2026-01-05,debit,maintenance,200,Society maintenance
TXN006096,CUST0069,2026-01-12,debit,groceries,1120,Groceries
TXN006097,CUST0069,2026-01-12,debit,utilities,280,Electricity and water
TXN006098,CUST0069,2026-01-12,debit,transport,400,Fuel and commute
TXN006099,CUST0069,2026-01-23,debit,dining_entertainment,520,Dining and entertainment
TXN006100,CUST0069,2026-01-28,credit,interest_payout,390,Deposit interest payout
TXN006101,CUST0069,2026-02-02,credit,business_income,6800,Business receipt
TXN006102,CUST0069,2026-02-05,debit,maintenance,200,Society maintenance
TXN006103,CUST0069,2026-02-11,debit,groceries,870,Groceries
TXN006104,CUST0069,2026-02-12,debit,utilities,470,Electricity and water
TXN006105,CUST0069,2026-02-25,debit,transport,580,Fuel and commute
TXN006106,CUST0069,2026-02-22,debit,dining_entertainment,540,Dining and entertainment
TXN006107,CUST0069,2026-02-28,credit,interest_payout,220,Deposit interest payout
TXN006108,CUST0069,2026-03-03,credit,business_income,6600,Business receipt
TXN006109,CUST0069,2026-03-05,debit,maintenance,260,Society maintenance
TXN006110,CUST0069,2026-03-11,debit,groceries,1020,Groceries
TXN006111,CUST0069,2026-03-12,debit,utilities,450,Electricity and water
TXN006112,CUST0069,2026-03-21,debit,transport,520,Fuel and commute
TXN006113,CUST0069,2026-03-11,debit,dining_entertainment,790,Dining and entertainment
TXN006114,CUST0069,2026-03-15,debit,school_fees,5170,School fees
TXN006115,CUST0069,2026-03-24,debit,medical,1720,Medical expenses
TXN006116,CUST0069,2026-03-28,credit,interest_payout,250,Deposit interest payout
TXN006117,CUST0069,2026-04-02,credit,business_income,10700,Business receipt
TXN006118,CUST0069,2026-04-05,debit,maintenance,250,Society maintenance
TXN006119,CUST0069,2026-04-09,debit,groceries,1060,Groceries
TXN006120,CUST0069,2026-04-12,debit,utilities,480,Electricity and water
TXN006121,CUST0069,2026-04-13,debit,transport,710,Fuel and commute
TXN006122,CUST0069,2026-04-10,debit,dining_entertainment,420,Dining and entertainment
TXN006123,CUST0069,2026-04-28,credit,interest_payout,500,Deposit interest payout
TXN006124,CUST0069,2026-05-02,credit,business_income,7800,Business receipt
TXN006125,CUST0069,2026-05-05,debit,maintenance,250,Society maintenance
TXN006126,CUST0069,2026-05-16,debit,groceries,1340,Groceries
TXN006127,CUST0069,2026-05-12,debit,utilities,300,Electricity and water
TXN006128,CUST0069,2026-05-11,debit,transport,510,Fuel and commute
TXN006129,CUST0069,2026-05-12,debit,dining_entertainment,550,Dining and entertainment
TXN006130,CUST0069,2026-05-28,credit,interest_payout,290,Deposit interest payout
TXN006131,CUST0069,2026-06-01,credit,business_income,8500,Business receipt
TXN006132,CUST0069,2026-06-05,debit,maintenance,210,Society maintenance
TXN006133,CUST0069,2026-06-15,debit,groceries,1160,Groceries
TXN006134,CUST0069,2026-06-12,debit,utilities,390,Electricity and water
TXN006135,CUST0069,2026-06-14,debit,transport,460,Fuel and commute
TXN006136,CUST0069,2026-06-15,debit,dining_entertainment,600,Dining and entertainment
TXN006137,CUST0069,2026-06-15,debit,school_fees,7050,School fees
TXN006138,CUST0069,2026-06-18,debit,shopping,610,Online shopping
TXN006139,CUST0069,2026-06-28,credit,interest_payout,220,Deposit interest payout
TXN006140,CUST0069,2026-07-03,credit,business_income,8700,Business receipt
TXN006141,CUST0069,2026-07-05,debit,maintenance,250,Society maintenance
TXN006142,CUST0069,2026-07-08,debit,groceries,1240,Groceries
TXN006143,CUST0069,2026-07-12,debit,utilities,420,Electricity and water
TXN006144,CUST0069,2026-07-14,debit,transport,700,Fuel and commute
TXN006145,CUST0069,2026-07-10,debit,dining_entertainment,930,Dining and entertainment
TXN006146,CUST0069,2026-07-28,credit,interest_payout,220,Deposit interest payout
TXN006147,CUST0069,2026-08-02,credit,business_income,9100,Business receipt
TXN006148,CUST0069,2026-08-05,debit,maintenance,280,Society maintenance
TXN006149,CUST0069,2026-08-09,debit,groceries,980,Groceries
TXN006150,CUST0069,2026-08-12,debit,utilities,460,Electricity and water
TXN006151,CUST0069,2026-08-23,debit,transport,510,Fuel and commute
TXN006152,CUST0069,2026-08-18,debit,dining_entertainment,430,Dining and entertainment
TXN006153,CUST0069,2026-08-14,debit,shopping,760,Online shopping
TXN006154,CUST0069,2026-08-28,credit,interest_payout,370,Deposit interest payout
TXN006155,CUST0070,2025-09-03,credit,salary,5800,Monthly credit
TXN006156,CUST0070,2025-09-05,debit,rent,1220,House rent
TXN006157,CUST0070,2025-09-18,debit,groceries,770,Groceries
TXN006158,CUST0070,2025-09-12,debit,utilities,280,Electricity and water
TXN006159,CUST0070,2025-09-19,debit,transport,290,Fuel and commute
TXN006160,CUST0070,2025-09-10,debit,dining_entertainment,480,Dining and entertainment
TXN006161,CUST0070,2025-09-15,debit,school_fees,3540,School fees
TXN006162,CUST0070,2025-09-04,debit,medical,420,Medical expenses
TXN006163,CUST0070,2025-09-28,credit,interest_payout,290,Deposit interest payout
TXN006164,CUST0070,2025-10-02,credit,salary,5600,Monthly credit
TXN006165,CUST0070,2025-10-05,debit,rent,1110,House rent
TXN006166,CUST0070,2025-10-18,debit,groceries,700,Groceries
TXN006167,CUST0070,2025-10-12,debit,utilities,340,Electricity and water
TXN006168,CUST0070,2025-10-20,debit,transport,320,Fuel and commute
TXN006169,CUST0070,2025-10-23,debit,dining_entertainment,650,Dining and entertainment
TXN006170,CUST0070,2025-10-28,credit,interest_payout,270,Deposit interest payout
TXN006171,CUST0070,2025-11-03,credit,salary,5700,Monthly credit
TXN006172,CUST0070,2025-11-05,debit,rent,1160,House rent
TXN006173,CUST0070,2025-11-15,debit,groceries,780,Groceries
TXN006174,CUST0070,2025-11-12,debit,utilities,190,Electricity and water
TXN006175,CUST0070,2025-11-25,debit,transport,320,Fuel and commute
TXN006176,CUST0070,2025-11-25,debit,dining_entertainment,670,Dining and entertainment
TXN006177,CUST0070,2025-11-28,credit,interest_payout,200,Deposit interest payout
TXN006178,CUST0070,2025-12-02,credit,salary,5600,Monthly credit
TXN006179,CUST0070,2025-12-05,debit,rent,1160,House rent
TXN006180,CUST0070,2025-12-20,debit,groceries,600,Groceries
TXN006181,CUST0070,2025-12-12,debit,utilities,320,Electricity and water
TXN006182,CUST0070,2025-12-16,debit,transport,490,Fuel and commute
TXN006183,CUST0070,2025-12-17,debit,dining_entertainment,420,Dining and entertainment
TXN006184,CUST0070,2025-12-15,debit,school_fees,2850,School fees
TXN006185,CUST0070,2025-12-28,credit,interest_payout,250,Deposit interest payout
TXN006186,CUST0070,2026-01-01,credit,salary,5700,Monthly credit
TXN006187,CUST0070,2026-01-05,debit,rent,1190,House rent
TXN006188,CUST0070,2026-01-08,debit,groceries,870,Groceries
TXN006189,CUST0070,2026-01-12,debit,utilities,310,Electricity and water
TXN006190,CUST0070,2026-01-16,debit,transport,420,Fuel and commute
TXN006191,CUST0070,2026-01-19,debit,dining_entertainment,560,Dining and entertainment
TXN006192,CUST0070,2026-01-28,credit,interest_payout,220,Deposit interest payout
TXN006193,CUST0070,2026-02-01,credit,salary,5700,Monthly credit
TXN006194,CUST0070,2026-02-05,debit,rent,1180,House rent
TXN006195,CUST0070,2026-02-16,debit,groceries,870,Groceries
TXN006196,CUST0070,2026-02-12,debit,utilities,210,Electricity and water
TXN006197,CUST0070,2026-02-20,debit,transport,400,Fuel and commute
TXN006198,CUST0070,2026-02-23,debit,dining_entertainment,350,Dining and entertainment
TXN006199,CUST0070,2026-02-28,credit,interest_payout,320,Deposit interest payout
TXN006200,CUST0070,2026-03-02,credit,salary,5700,Monthly credit
TXN006201,CUST0070,2026-03-05,debit,rent,1050,House rent
TXN006202,CUST0070,2026-03-10,debit,groceries,760,Groceries
TXN006203,CUST0070,2026-03-12,debit,utilities,190,Electricity and water
TXN006204,CUST0070,2026-03-22,debit,transport,330,Fuel and commute
TXN006205,CUST0070,2026-03-14,debit,dining_entertainment,270,Dining and entertainment
TXN006206,CUST0070,2026-03-15,debit,school_fees,4630,School fees
TXN006207,CUST0070,2026-04-02,credit,salary,5700,Monthly credit
TXN006208,CUST0070,2026-04-05,debit,rent,1140,House rent
TXN006209,CUST0070,2026-04-10,debit,groceries,680,Groceries
TXN006210,CUST0070,2026-04-12,debit,utilities,180,Electricity and water
TXN006211,CUST0070,2026-04-25,debit,transport,350,Fuel and commute
TXN006212,CUST0070,2026-04-23,debit,dining_entertainment,520,Dining and entertainment
TXN006213,CUST0070,2026-04-28,credit,interest_payout,200,Deposit interest payout
TXN006214,CUST0070,2026-05-01,credit,salary,5800,Monthly credit
TXN006215,CUST0070,2026-05-05,debit,rent,1030,House rent
TXN006216,CUST0070,2026-05-07,debit,groceries,540,Groceries
TXN006217,CUST0070,2026-05-12,debit,utilities,260,Electricity and water
TXN006218,CUST0070,2026-05-13,debit,transport,300,Fuel and commute
TXN006219,CUST0070,2026-05-21,debit,dining_entertainment,650,Dining and entertainment
TXN006220,CUST0070,2026-05-28,credit,interest_payout,200,Deposit interest payout
TXN006221,CUST0070,2026-06-03,credit,salary,5700,Monthly credit
TXN006222,CUST0070,2026-06-05,debit,rent,1180,House rent
TXN006223,CUST0070,2026-06-09,debit,groceries,630,Groceries
TXN006224,CUST0070,2026-06-12,debit,utilities,210,Electricity and water
TXN006225,CUST0070,2026-06-18,debit,transport,400,Fuel and commute
TXN006226,CUST0070,2026-06-19,debit,dining_entertainment,660,Dining and entertainment
TXN006227,CUST0070,2026-06-18,debit,insurance_premium,7220,Insurance premium
TXN006228,CUST0070,2026-06-15,debit,school_fees,2730,School fees
TXN006229,CUST0070,2026-06-28,credit,interest_payout,300,Deposit interest payout
TXN006230,CUST0070,2026-07-01,credit,salary,5800,Monthly credit
TXN006231,CUST0070,2026-07-05,debit,rent,1140,House rent
TXN006232,CUST0070,2026-07-08,debit,groceries,520,Groceries
TXN006233,CUST0070,2026-07-12,debit,utilities,180,Electricity and water
TXN006234,CUST0070,2026-07-18,debit,transport,440,Fuel and commute
TXN006235,CUST0070,2026-07-11,debit,dining_entertainment,610,Dining and entertainment
TXN006236,CUST0070,2026-07-28,credit,interest_payout,220,Deposit interest payout
TXN006237,CUST0070,2026-08-01,credit,salary,5600,Monthly credit
TXN006238,CUST0070,2026-08-05,debit,rent,1230,House rent
TXN006239,CUST0070,2026-08-06,debit,groceries,620,Groceries
TXN006240,CUST0070,2026-08-12,debit,utilities,210,Electricity and water
TXN006241,CUST0070,2026-08-22,debit,transport,310,Fuel and commute
TXN006242,CUST0070,2026-08-15,debit,dining_entertainment,460,Dining and entertainment
TXN006243,CUST0070,2026-08-17,debit,shopping,540,Online shopping
TXN006244,CUST0070,2026-08-28,credit,interest_payout,310,Deposit interest payout
TXN006245,CUST0071,2025-09-02,credit,business_income,22800,Business receipt
TXN006246,CUST0071,2025-09-05,debit,rent,4490,House rent
TXN006247,CUST0071,2025-09-12,debit,groceries,3130,Groceries
TXN006248,CUST0071,2025-09-12,debit,utilities,1220,Electricity and water
TXN006249,CUST0071,2025-09-20,debit,transport,1510,Fuel and commute
TXN006250,CUST0071,2025-09-24,debit,dining_entertainment,1130,Dining and entertainment
TXN006251,CUST0071,2025-09-18,debit,insurance_premium,24060,Insurance premium
TXN006252,CUST0071,2025-10-03,credit,business_income,22700,Business receipt
TXN006253,CUST0071,2025-10-05,debit,rent,4360,House rent
TXN006254,CUST0071,2025-10-16,debit,groceries,3390,Groceries
TXN006255,CUST0071,2025-10-12,debit,utilities,940,Electricity and water
TXN006256,CUST0071,2025-10-16,debit,transport,1810,Fuel and commute
TXN006257,CUST0071,2025-10-19,debit,dining_entertainment,1450,Dining and entertainment
TXN006258,CUST0071,2025-10-10,debit,shopping,1280,Online shopping
TXN006259,CUST0071,2025-11-02,credit,business_income,22700,Business receipt
TXN006260,CUST0071,2025-11-05,debit,rent,5210,House rent
TXN006261,CUST0071,2025-11-15,debit,groceries,3150,Groceries
TXN006262,CUST0071,2025-11-12,debit,utilities,850,Electricity and water
TXN006263,CUST0071,2025-11-24,debit,transport,1700,Fuel and commute
TXN006264,CUST0071,2025-11-08,debit,dining_entertainment,2260,Dining and entertainment
TXN006265,CUST0071,2025-12-02,credit,business_income,22700,Business receipt
TXN006266,CUST0071,2025-12-05,debit,rent,4710,House rent
TXN006267,CUST0071,2025-12-12,debit,groceries,2760,Groceries
TXN006268,CUST0071,2025-12-12,debit,utilities,740,Electricity and water
TXN006269,CUST0071,2025-12-17,debit,transport,1200,Fuel and commute
TXN006270,CUST0071,2025-12-16,debit,dining_entertainment,1530,Dining and entertainment
TXN006271,CUST0071,2025-12-23,debit,shopping,2430,Online shopping
TXN006272,CUST0071,2026-01-03,credit,business_income,22800,Business receipt
TXN006273,CUST0071,2026-01-05,debit,rent,5060,House rent
TXN006274,CUST0071,2026-01-12,debit,groceries,3400,Groceries
TXN006275,CUST0071,2026-01-12,debit,utilities,930,Electricity and water
TXN006276,CUST0071,2026-01-12,debit,transport,1780,Fuel and commute
TXN006277,CUST0071,2026-01-13,debit,dining_entertainment,2250,Dining and entertainment
TXN006278,CUST0071,2026-02-01,credit,business_income,22400,Business receipt
TXN006279,CUST0071,2026-02-05,debit,rent,4790,House rent
TXN006280,CUST0071,2026-02-08,debit,groceries,2460,Groceries
TXN006281,CUST0071,2026-02-12,debit,utilities,880,Electricity and water
TXN006282,CUST0071,2026-02-18,debit,transport,1890,Fuel and commute
TXN006283,CUST0071,2026-02-13,debit,dining_entertainment,2520,Dining and entertainment
TXN006284,CUST0071,2026-03-01,credit,business_income,22800,Business receipt
TXN006285,CUST0071,2026-03-05,debit,rent,5120,House rent
TXN006286,CUST0071,2026-03-15,debit,groceries,3040,Groceries
TXN006287,CUST0071,2026-03-12,debit,utilities,1130,Electricity and water
TXN006288,CUST0071,2026-03-15,debit,transport,1800,Fuel and commute
TXN006289,CUST0071,2026-03-23,debit,dining_entertainment,1560,Dining and entertainment
TXN006290,CUST0071,2026-04-01,credit,business_income,22500,Business receipt
TXN006291,CUST0071,2026-04-05,debit,rent,4870,House rent
TXN006292,CUST0071,2026-04-18,debit,groceries,2170,Groceries
TXN006293,CUST0071,2026-04-12,debit,utilities,750,Electricity and water
TXN006294,CUST0071,2026-04-15,debit,transport,1840,Fuel and commute
TXN006295,CUST0071,2026-04-22,debit,dining_entertainment,1970,Dining and entertainment
TXN006296,CUST0071,2026-05-03,credit,business_income,22500,Business receipt
TXN006297,CUST0071,2026-05-05,debit,rent,5180,House rent
TXN006298,CUST0071,2026-05-06,debit,groceries,2440,Groceries
TXN006299,CUST0071,2026-05-12,debit,utilities,900,Electricity and water
TXN006300,CUST0071,2026-05-18,debit,transport,1100,Fuel and commute
TXN006301,CUST0071,2026-05-08,debit,dining_entertainment,1930,Dining and entertainment
TXN006302,CUST0071,2026-06-01,credit,business_income,22700,Business receipt
TXN006303,CUST0071,2026-06-05,debit,rent,4340,House rent
TXN006304,CUST0071,2026-06-08,debit,groceries,2300,Groceries
TXN006305,CUST0071,2026-06-12,debit,utilities,850,Electricity and water
TXN006306,CUST0071,2026-06-21,debit,transport,1600,Fuel and commute
TXN006307,CUST0071,2026-06-16,debit,dining_entertainment,2030,Dining and entertainment
TXN006308,CUST0071,2026-07-03,credit,business_income,23000,Business receipt
TXN006309,CUST0071,2026-07-05,debit,rent,4530,House rent
TXN006310,CUST0071,2026-07-18,debit,groceries,3070,Groceries
TXN006311,CUST0071,2026-07-12,debit,utilities,710,Electricity and water
TXN006312,CUST0071,2026-07-14,debit,transport,2030,Fuel and commute
TXN006313,CUST0071,2026-07-22,debit,dining_entertainment,1090,Dining and entertainment
TXN006314,CUST0071,2026-08-03,credit,business_income,23000,Business receipt
TXN006315,CUST0071,2026-08-05,debit,rent,4810,House rent
TXN006316,CUST0071,2026-08-14,debit,groceries,2700,Groceries
TXN006317,CUST0071,2026-08-12,debit,utilities,1000,Electricity and water
TXN006318,CUST0071,2026-08-21,debit,transport,1650,Fuel and commute
TXN006319,CUST0071,2026-08-26,debit,dining_entertainment,2380,Dining and entertainment
TXN006320,CUST0072,2025-09-02,credit,salary,7700,Monthly credit
TXN006321,CUST0072,2025-09-05,debit,rent,1430,House rent
TXN006322,CUST0072,2025-09-07,debit,groceries,720,Groceries
TXN006323,CUST0072,2025-09-12,debit,utilities,370,Electricity and water
TXN006324,CUST0072,2025-09-19,debit,transport,450,Fuel and commute
TXN006325,CUST0072,2025-09-21,debit,dining_entertainment,440,Dining and entertainment
TXN006326,CUST0072,2025-09-28,credit,interest_payout,300,Deposit interest payout
TXN006327,CUST0072,2025-10-01,credit,salary,7900,Monthly credit
TXN006328,CUST0072,2025-10-05,debit,rent,1530,House rent
TXN006329,CUST0072,2025-10-08,debit,groceries,1050,Groceries
TXN006330,CUST0072,2025-10-12,debit,utilities,340,Electricity and water
TXN006331,CUST0072,2025-10-14,debit,transport,540,Fuel and commute
TXN006332,CUST0072,2025-10-17,debit,dining_entertainment,740,Dining and entertainment
TXN006333,CUST0072,2025-10-17,debit,shopping,860,Online shopping
TXN006334,CUST0072,2025-10-28,credit,interest_payout,280,Deposit interest payout
TXN006335,CUST0072,2025-11-02,credit,salary,7800,Monthly credit
TXN006336,CUST0072,2025-11-05,debit,rent,1660,House rent
TXN006337,CUST0072,2025-11-12,debit,groceries,950,Groceries
TXN006338,CUST0072,2025-11-12,debit,utilities,460,Electricity and water
TXN006339,CUST0072,2025-11-14,debit,transport,400,Fuel and commute
TXN006340,CUST0072,2025-11-11,debit,dining_entertainment,880,Dining and entertainment
TXN006341,CUST0072,2025-11-15,debit,shopping,560,Online shopping
TXN006342,CUST0072,2025-11-28,credit,interest_payout,420,Deposit interest payout
TXN006343,CUST0072,2025-12-02,credit,salary,7700,Monthly credit
TXN006344,CUST0072,2025-12-05,debit,rent,1500,House rent
TXN006345,CUST0072,2025-12-13,debit,groceries,980,Groceries
TXN006346,CUST0072,2025-12-12,debit,utilities,240,Electricity and water
TXN006347,CUST0072,2025-12-25,debit,transport,690,Fuel and commute
TXN006348,CUST0072,2025-12-18,debit,dining_entertainment,410,Dining and entertainment
TXN006349,CUST0072,2025-12-28,credit,interest_payout,460,Deposit interest payout
TXN006350,CUST0072,2026-01-03,credit,salary,7700,Monthly credit
TXN006351,CUST0072,2026-01-05,debit,rent,1570,House rent
TXN006352,CUST0072,2026-01-14,debit,groceries,730,Groceries
TXN006353,CUST0072,2026-01-12,debit,utilities,280,Electricity and water
TXN006354,CUST0072,2026-01-10,debit,transport,510,Fuel and commute
TXN006355,CUST0072,2026-01-18,debit,dining_entertainment,620,Dining and entertainment
TXN006356,CUST0072,2026-01-28,credit,interest_payout,240,Deposit interest payout
TXN006357,CUST0072,2026-02-03,credit,salary,7600,Monthly credit
TXN006358,CUST0072,2026-02-05,debit,rent,1570,House rent
TXN006359,CUST0072,2026-02-18,debit,groceries,1180,Groceries
TXN006360,CUST0072,2026-02-12,debit,utilities,340,Electricity and water
TXN006361,CUST0072,2026-02-11,debit,transport,610,Fuel and commute
TXN006362,CUST0072,2026-02-25,debit,dining_entertainment,750,Dining and entertainment
TXN006363,CUST0072,2026-02-28,credit,interest_payout,450,Deposit interest payout
TXN006364,CUST0072,2026-03-02,credit,salary,7900,Monthly credit
TXN006365,CUST0072,2026-03-05,debit,rent,1490,House rent
TXN006366,CUST0072,2026-03-17,debit,groceries,1090,Groceries
TXN006367,CUST0072,2026-03-12,debit,utilities,400,Electricity and water
TXN006368,CUST0072,2026-03-14,debit,transport,410,Fuel and commute
TXN006369,CUST0072,2026-03-14,debit,dining_entertainment,800,Dining and entertainment
TXN006370,CUST0072,2026-03-18,debit,insurance_premium,4570,Insurance premium
TXN006371,CUST0072,2026-03-28,credit,interest_payout,250,Deposit interest payout
TXN006372,CUST0072,2026-04-01,credit,salary,7900,Monthly credit
TXN006373,CUST0072,2026-04-05,debit,rent,1520,House rent
TXN006374,CUST0072,2026-04-18,debit,groceries,810,Groceries
TXN006375,CUST0072,2026-04-12,debit,utilities,420,Electricity and water
TXN006376,CUST0072,2026-04-18,debit,transport,370,Fuel and commute
TXN006377,CUST0072,2026-04-14,debit,dining_entertainment,930,Dining and entertainment
TXN006378,CUST0072,2026-04-03,debit,medical,570,Medical expenses
TXN006379,CUST0072,2026-04-28,credit,interest_payout,200,Deposit interest payout
TXN006380,CUST0072,2026-05-01,credit,salary,7800,Monthly credit
TXN006381,CUST0072,2026-05-05,debit,rent,1680,House rent
TXN006382,CUST0072,2026-05-07,debit,groceries,970,Groceries
TXN006383,CUST0072,2026-05-12,debit,utilities,390,Electricity and water
TXN006384,CUST0072,2026-05-20,debit,transport,630,Fuel and commute
TXN006385,CUST0072,2026-05-19,debit,dining_entertainment,720,Dining and entertainment
TXN006386,CUST0072,2026-05-28,credit,interest_payout,330,Deposit interest payout
TXN006387,CUST0072,2026-06-03,credit,salary,7900,Monthly credit
TXN006388,CUST0072,2026-06-05,debit,rent,1490,House rent
TXN006389,CUST0072,2026-06-14,debit,groceries,1060,Groceries
TXN006390,CUST0072,2026-06-12,debit,utilities,270,Electricity and water
TXN006391,CUST0072,2026-06-18,debit,transport,580,Fuel and commute
TXN006392,CUST0072,2026-06-15,debit,dining_entertainment,830,Dining and entertainment
TXN006393,CUST0072,2026-06-13,debit,shopping,570,Online shopping
TXN006394,CUST0072,2026-07-03,credit,salary,7700,Monthly credit
TXN006395,CUST0072,2026-07-05,debit,rent,1700,House rent
TXN006396,CUST0072,2026-07-15,debit,groceries,730,Groceries
TXN006397,CUST0072,2026-07-12,debit,utilities,300,Electricity and water
TXN006398,CUST0072,2026-07-13,debit,transport,650,Fuel and commute
TXN006399,CUST0072,2026-07-25,debit,dining_entertainment,840,Dining and entertainment
TXN006400,CUST0072,2026-07-28,credit,interest_payout,230,Deposit interest payout
TXN006401,CUST0072,2026-08-01,credit,salary,7900,Monthly credit
TXN006402,CUST0072,2026-08-05,debit,rent,1610,House rent
TXN006403,CUST0072,2026-08-12,debit,groceries,980,Groceries
TXN006404,CUST0072,2026-08-12,debit,utilities,400,Electricity and water
TXN006405,CUST0072,2026-08-20,debit,transport,470,Fuel and commute
TXN006406,CUST0072,2026-08-15,debit,dining_entertainment,540,Dining and entertainment
TXN006407,CUST0073,2025-09-02,credit,business_income,14000,Business receipt
TXN006408,CUST0073,2025-09-05,debit,maintenance,380,Society maintenance
TXN006409,CUST0073,2025-09-06,debit,groceries,1830,Groceries
TXN006410,CUST0073,2025-09-12,debit,utilities,590,Electricity and water
TXN006411,CUST0073,2025-09-19,debit,transport,870,Fuel and commute
TXN006412,CUST0073,2025-09-23,debit,dining_entertainment,960,Dining and entertainment
TXN006413,CUST0073,2025-09-10,debit,sip_investment,4000,Mutual fund SIP
TXN006414,CUST0073,2025-10-02,credit,business_income,12300,Business receipt
TXN006415,CUST0073,2025-10-05,debit,maintenance,510,Society maintenance
TXN006416,CUST0073,2025-10-15,debit,groceries,1640,Groceries
TXN006417,CUST0073,2025-10-12,debit,utilities,800,Electricity and water
TXN006418,CUST0073,2025-10-20,debit,transport,840,Fuel and commute
TXN006419,CUST0073,2025-10-10,debit,dining_entertainment,1350,Dining and entertainment
TXN006420,CUST0073,2025-10-10,debit,sip_investment,4000,Mutual fund SIP
TXN006421,CUST0073,2025-10-07,debit,shopping,1430,Online shopping
TXN006422,CUST0073,2025-11-02,credit,business_income,15200,Business receipt
TXN006423,CUST0073,2025-11-05,debit,maintenance,510,Society maintenance
TXN006424,CUST0073,2025-11-18,debit,groceries,2310,Groceries
TXN006425,CUST0073,2025-11-12,debit,utilities,800,Electricity and water
TXN006426,CUST0073,2025-11-11,debit,transport,1070,Fuel and commute
TXN006427,CUST0073,2025-11-13,debit,dining_entertainment,710,Dining and entertainment
TXN006428,CUST0073,2025-11-10,debit,sip_investment,4000,Mutual fund SIP
TXN006429,CUST0073,2025-11-13,debit,medical,2260,Medical expenses
TXN006430,CUST0073,2025-12-03,credit,business_income,18600,Business receipt
TXN006431,CUST0073,2025-12-05,debit,maintenance,420,Society maintenance
TXN006432,CUST0073,2025-12-06,debit,groceries,1930,Groceries
TXN006433,CUST0073,2025-12-12,debit,utilities,520,Electricity and water
TXN006434,CUST0073,2025-12-13,debit,transport,820,Fuel and commute
TXN006435,CUST0073,2025-12-26,debit,dining_entertainment,750,Dining and entertainment
TXN006436,CUST0073,2025-12-10,debit,sip_investment,4000,Mutual fund SIP
TXN006437,CUST0073,2025-12-09,debit,shopping,440,Online shopping
TXN006438,CUST0073,2026-01-02,credit,business_income,17500,Business receipt
TXN006439,CUST0073,2026-01-05,debit,maintenance,500,Society maintenance
TXN006440,CUST0073,2026-01-10,debit,groceries,1850,Groceries
TXN006441,CUST0073,2026-01-12,debit,utilities,710,Electricity and water
TXN006442,CUST0073,2026-01-12,debit,transport,1050,Fuel and commute
TXN006443,CUST0073,2026-01-17,debit,dining_entertainment,1600,Dining and entertainment
TXN006444,CUST0073,2026-01-10,debit,sip_investment,4000,Mutual fund SIP
TXN006445,CUST0073,2026-02-01,credit,business_income,18000,Business receipt
TXN006446,CUST0073,2026-02-05,debit,maintenance,470,Society maintenance
TXN006447,CUST0073,2026-02-07,debit,groceries,2070,Groceries
TXN006448,CUST0073,2026-02-12,debit,utilities,660,Electricity and water
TXN006449,CUST0073,2026-02-19,debit,transport,760,Fuel and commute
TXN006450,CUST0073,2026-02-18,debit,dining_entertainment,750,Dining and entertainment
TXN006451,CUST0073,2026-02-10,debit,sip_investment,4000,Mutual fund SIP
TXN006452,CUST0073,2026-03-02,credit,business_income,17600,Business receipt
TXN006453,CUST0073,2026-03-05,debit,maintenance,520,Society maintenance
TXN006454,CUST0073,2026-03-16,debit,groceries,1660,Groceries
TXN006455,CUST0073,2026-03-12,debit,utilities,760,Electricity and water
TXN006456,CUST0073,2026-03-17,debit,transport,890,Fuel and commute
TXN006457,CUST0073,2026-03-17,debit,dining_entertainment,1560,Dining and entertainment
TXN006458,CUST0073,2026-03-10,debit,sip_investment,4000,Mutual fund SIP
TXN006459,CUST0073,2026-03-18,debit,insurance_premium,16400,Insurance premium
TXN006460,CUST0073,2026-04-01,credit,business_income,16700,Business receipt
TXN006461,CUST0073,2026-04-05,debit,maintenance,370,Society maintenance
TXN006462,CUST0073,2026-04-07,debit,groceries,1950,Groceries
TXN006463,CUST0073,2026-04-12,debit,utilities,510,Electricity and water
TXN006464,CUST0073,2026-04-14,debit,transport,1340,Fuel and commute
TXN006465,CUST0073,2026-04-10,debit,dining_entertainment,870,Dining and entertainment
TXN006466,CUST0073,2026-04-10,debit,sip_investment,4000,Mutual fund SIP
TXN006467,CUST0073,2026-05-01,credit,business_income,13300,Business receipt
TXN006468,CUST0073,2026-05-05,debit,maintenance,480,Society maintenance
TXN006469,CUST0073,2026-05-07,debit,groceries,1790,Groceries
TXN006470,CUST0073,2026-05-12,debit,utilities,860,Electricity and water
TXN006471,CUST0073,2026-05-19,debit,transport,1090,Fuel and commute
TXN006472,CUST0073,2026-05-14,debit,dining_entertainment,1720,Dining and entertainment
TXN006473,CUST0073,2026-05-10,debit,sip_investment,4000,Mutual fund SIP
TXN006474,CUST0073,2026-06-02,credit,business_income,13700,Business receipt
TXN006475,CUST0073,2026-06-05,debit,maintenance,390,Society maintenance
TXN006476,CUST0073,2026-06-06,debit,groceries,1410,Groceries
TXN006477,CUST0073,2026-06-12,debit,utilities,820,Electricity and water
TXN006478,CUST0073,2026-06-22,debit,transport,1190,Fuel and commute
TXN006479,CUST0073,2026-06-23,debit,dining_entertainment,910,Dining and entertainment
TXN006480,CUST0073,2026-06-10,debit,sip_investment,4000,Mutual fund SIP
TXN006481,CUST0073,2026-07-02,credit,business_income,17400,Business receipt
TXN006482,CUST0073,2026-07-05,debit,maintenance,430,Society maintenance
TXN006483,CUST0073,2026-07-17,debit,groceries,2190,Groceries
TXN006484,CUST0073,2026-07-12,debit,utilities,880,Electricity and water
TXN006485,CUST0073,2026-07-20,debit,transport,910,Fuel and commute
TXN006486,CUST0073,2026-07-26,debit,dining_entertainment,1740,Dining and entertainment
TXN006487,CUST0073,2026-07-10,debit,sip_investment,4000,Mutual fund SIP
TXN006488,CUST0073,2026-07-08,debit,shopping,1610,Online shopping
TXN006489,CUST0073,2026-08-02,credit,business_income,18900,Business receipt
TXN006490,CUST0073,2026-08-05,debit,maintenance,370,Society maintenance
TXN006491,CUST0073,2026-08-11,debit,groceries,2250,Groceries
TXN006492,CUST0073,2026-08-12,debit,utilities,510,Electricity and water
TXN006493,CUST0073,2026-08-17,debit,transport,1250,Fuel and commute
TXN006494,CUST0073,2026-08-23,debit,dining_entertainment,1260,Dining and entertainment
TXN006495,CUST0073,2026-08-10,debit,sip_investment,4000,Mutual fund SIP
TXN006496,CUST0074,2025-09-02,credit,salary,10000,Monthly credit
TXN006497,CUST0074,2025-09-05,debit,rent,2110,House rent
TXN006498,CUST0074,2025-09-06,debit,groceries,1170,Groceries
TXN006499,CUST0074,2025-09-12,debit,utilities,330,Electricity and water
TXN006500,CUST0074,2025-09-16,debit,transport,790,Fuel and commute
TXN006501,CUST0074,2025-09-18,debit,dining_entertainment,630,Dining and entertainment
TXN006502,CUST0074,2025-09-07,debit,emi,2990,Loan EMI
TXN006503,CUST0074,2025-10-02,credit,salary,9900,Monthly credit
TXN006504,CUST0074,2025-10-05,debit,rent,2150,House rent
TXN006505,CUST0074,2025-10-15,debit,groceries,1600,Groceries
TXN006506,CUST0074,2025-10-12,debit,utilities,580,Electricity and water
TXN006507,CUST0074,2025-10-11,debit,transport,500,Fuel and commute
TXN006508,CUST0074,2025-10-26,debit,dining_entertainment,810,Dining and entertainment
TXN006509,CUST0074,2025-10-07,debit,emi,2990,Loan EMI
TXN006510,CUST0074,2025-11-02,credit,salary,9800,Monthly credit
TXN006511,CUST0074,2025-11-05,debit,rent,1800,House rent
TXN006512,CUST0074,2025-11-18,debit,groceries,1320,Groceries
TXN006513,CUST0074,2025-11-12,debit,utilities,320,Electricity and water
TXN006514,CUST0074,2025-11-23,debit,transport,820,Fuel and commute
TXN006515,CUST0074,2025-11-26,debit,dining_entertainment,1150,Dining and entertainment
TXN006516,CUST0074,2025-11-07,debit,emi,2970,Loan EMI
TXN006517,CUST0074,2025-12-02,credit,salary,10000,Monthly credit
TXN006518,CUST0074,2025-12-05,debit,rent,2150,House rent
TXN006519,CUST0074,2025-12-19,debit,groceries,1500,Groceries
TXN006520,CUST0074,2025-12-12,debit,utilities,370,Electricity and water
TXN006521,CUST0074,2025-12-18,debit,transport,850,Fuel and commute
TXN006522,CUST0074,2025-12-08,debit,dining_entertainment,770,Dining and entertainment
TXN006523,CUST0074,2025-12-07,debit,emi,2990,Loan EMI
TXN006524,CUST0074,2025-12-16,debit,medical,3860,Medical expenses
TXN006525,CUST0074,2025-12-04,debit,shopping,300,Online shopping
TXN006526,CUST0074,2026-01-02,credit,salary,10200,Monthly credit
TXN006527,CUST0074,2026-01-05,debit,rent,2010,House rent
TXN006528,CUST0074,2026-01-12,debit,groceries,1540,Groceries
TXN006529,CUST0074,2026-01-12,debit,utilities,300,Electricity and water
TXN006530,CUST0074,2026-01-19,debit,transport,840,Fuel and commute
TXN006531,CUST0074,2026-01-09,debit,dining_entertainment,1040,Dining and entertainment
TXN006532,CUST0074,2026-01-07,debit,emi,2980,Loan EMI
TXN006533,CUST0074,2026-02-01,credit,salary,10100,Monthly credit
TXN006534,CUST0074,2026-02-05,debit,rent,2130,House rent
TXN006535,CUST0074,2026-02-12,debit,groceries,1560,Groceries
TXN006536,CUST0074,2026-02-12,debit,utilities,470,Electricity and water
TXN006537,CUST0074,2026-02-16,debit,transport,560,Fuel and commute
TXN006538,CUST0074,2026-02-21,debit,dining_entertainment,490,Dining and entertainment
TXN006539,CUST0074,2026-02-07,debit,emi,2960,Loan EMI
TXN006540,CUST0074,2026-03-01,credit,salary,9800,Monthly credit
TXN006541,CUST0074,2026-03-05,debit,rent,2160,House rent
TXN006542,CUST0074,2026-03-08,debit,groceries,1420,Groceries
TXN006543,CUST0074,2026-03-12,debit,utilities,500,Electricity and water
TXN006544,CUST0074,2026-03-23,debit,transport,740,Fuel and commute
TXN006545,CUST0074,2026-03-21,debit,dining_entertainment,600,Dining and entertainment
TXN006546,CUST0074,2026-03-07,debit,emi,2970,Loan EMI
TXN006547,CUST0074,2026-03-12,debit,shopping,1140,Online shopping
TXN006548,CUST0074,2026-04-03,credit,salary,10200,Monthly credit
TXN006549,CUST0074,2026-04-05,debit,rent,2010,House rent
TXN006550,CUST0074,2026-04-08,debit,groceries,950,Groceries
TXN006551,CUST0074,2026-04-12,debit,utilities,560,Electricity and water
TXN006552,CUST0074,2026-04-10,debit,transport,830,Fuel and commute
TXN006553,CUST0074,2026-04-10,debit,dining_entertainment,1170,Dining and entertainment
TXN006554,CUST0074,2026-04-07,debit,emi,3000,Loan EMI
TXN006555,CUST0074,2026-05-01,credit,salary,10200,Monthly credit
TXN006556,CUST0074,2026-05-05,debit,rent,2100,House rent
TXN006557,CUST0074,2026-05-14,debit,groceries,1140,Groceries
TXN006558,CUST0074,2026-05-12,debit,utilities,530,Electricity and water
TXN006559,CUST0074,2026-05-24,debit,transport,790,Fuel and commute
TXN006560,CUST0074,2026-05-23,debit,dining_entertainment,850,Dining and entertainment
TXN006561,CUST0074,2026-05-07,debit,emi,2990,Loan EMI
TXN006562,CUST0074,2026-05-14,debit,shopping,1010,Online shopping
TXN006563,CUST0074,2026-06-01,credit,salary,9900,Monthly credit
TXN006564,CUST0074,2026-06-05,debit,rent,2010,House rent
TXN006565,CUST0074,2026-06-06,debit,groceries,1080,Groceries
TXN006566,CUST0074,2026-06-12,debit,utilities,570,Electricity and water
TXN006567,CUST0074,2026-06-12,debit,transport,710,Fuel and commute
TXN006568,CUST0074,2026-06-13,debit,dining_entertainment,1200,Dining and entertainment
TXN006569,CUST0074,2026-06-07,debit,emi,2960,Loan EMI
TXN006570,CUST0074,2026-07-02,credit,salary,10000,Monthly credit
TXN006571,CUST0074,2026-07-05,debit,rent,2190,House rent
TXN006572,CUST0074,2026-07-11,debit,groceries,1440,Groceries
TXN006573,CUST0074,2026-07-12,debit,utilities,310,Electricity and water
TXN006574,CUST0074,2026-07-23,debit,transport,830,Fuel and commute
TXN006575,CUST0074,2026-07-24,debit,dining_entertainment,550,Dining and entertainment
TXN006576,CUST0074,2026-07-07,debit,emi,3000,Loan EMI
TXN006577,CUST0074,2026-07-18,debit,insurance_premium,8690,Insurance premium
TXN006578,CUST0074,2026-08-03,credit,salary,10000,Monthly credit
TXN006579,CUST0074,2026-08-05,debit,rent,2090,House rent
TXN006580,CUST0074,2026-08-17,debit,groceries,950,Groceries
TXN006581,CUST0074,2026-08-12,debit,utilities,370,Electricity and water
TXN006582,CUST0074,2026-08-25,debit,transport,730,Fuel and commute
TXN006583,CUST0074,2026-08-22,debit,dining_entertainment,880,Dining and entertainment
TXN006584,CUST0074,2026-08-07,debit,emi,2980,Loan EMI
TXN006585,CUST0074,2026-08-17,debit,shopping,340,Online shopping
TXN006586,CUST0075,2025-09-02,credit,business_income,10300,Business receipt
TXN006587,CUST0075,2025-09-05,debit,maintenance,200,Society maintenance
TXN006588,CUST0075,2025-09-19,debit,groceries,770,Groceries
TXN006589,CUST0075,2025-09-12,debit,utilities,190,Electricity and water
TXN006590,CUST0075,2025-09-24,debit,transport,360,Fuel and commute
TXN006591,CUST0075,2025-09-11,debit,dining_entertainment,350,Dining and entertainment
TXN006592,CUST0075,2025-09-18,debit,insurance_premium,6720,Insurance premium
TXN006593,CUST0075,2025-09-18,debit,shopping,270,Online shopping
TXN006594,CUST0075,2025-10-03,credit,business_income,6900,Business receipt
TXN006595,CUST0075,2025-10-05,debit,maintenance,210,Society maintenance
TXN006596,CUST0075,2025-10-15,debit,groceries,740,Groceries
TXN006597,CUST0075,2025-10-12,debit,utilities,350,Electricity and water
TXN006598,CUST0075,2025-10-20,debit,transport,510,Fuel and commute
TXN006599,CUST0075,2025-10-25,debit,dining_entertainment,420,Dining and entertainment
TXN006600,CUST0075,2025-11-01,credit,business_income,9200,Business receipt
TXN006601,CUST0075,2025-11-05,debit,maintenance,220,Society maintenance
TXN006602,CUST0075,2025-11-08,debit,groceries,880,Groceries
TXN006603,CUST0075,2025-11-12,debit,utilities,330,Electricity and water
TXN006604,CUST0075,2025-11-14,debit,transport,520,Fuel and commute
TXN006605,CUST0075,2025-11-21,debit,dining_entertainment,440,Dining and entertainment
TXN006606,CUST0075,2025-12-02,credit,business_income,5400,Business receipt
TXN006607,CUST0075,2025-12-05,debit,maintenance,180,Society maintenance
TXN006608,CUST0075,2025-12-06,debit,groceries,720,Groceries
TXN006609,CUST0075,2025-12-12,debit,utilities,200,Electricity and water
TXN006610,CUST0075,2025-12-15,debit,transport,350,Fuel and commute
TXN006611,CUST0075,2025-12-12,debit,dining_entertainment,640,Dining and entertainment
TXN006612,CUST0075,2026-01-02,credit,business_income,9200,Business receipt
TXN006613,CUST0075,2026-01-05,debit,maintenance,160,Society maintenance
TXN006614,CUST0075,2026-01-18,debit,groceries,1020,Groceries
TXN006615,CUST0075,2026-01-12,debit,utilities,260,Electricity and water
TXN006616,CUST0075,2026-01-15,debit,transport,540,Fuel and commute
TXN006617,CUST0075,2026-01-26,debit,dining_entertainment,580,Dining and entertainment
TXN006618,CUST0075,2026-01-27,debit,shopping,350,Online shopping
TXN006619,CUST0075,2026-02-03,credit,business_income,6800,Business receipt
TXN006620,CUST0075,2026-02-05,debit,maintenance,220,Society maintenance
TXN006621,CUST0075,2026-02-17,debit,groceries,620,Groceries
TXN006622,CUST0075,2026-02-12,debit,utilities,300,Electricity and water
TXN006623,CUST0075,2026-02-19,debit,transport,440,Fuel and commute
TXN006624,CUST0075,2026-02-17,debit,dining_entertainment,730,Dining and entertainment
TXN006625,CUST0075,2026-03-02,credit,business_income,9800,Business receipt
TXN006626,CUST0075,2026-03-05,debit,maintenance,220,Society maintenance
TXN006627,CUST0075,2026-03-16,debit,groceries,770,Groceries
TXN006628,CUST0075,2026-03-12,debit,utilities,250,Electricity and water
TXN006629,CUST0075,2026-03-14,debit,transport,500,Fuel and commute
TXN006630,CUST0075,2026-03-26,debit,dining_entertainment,340,Dining and entertainment
TXN006631,CUST0075,2026-03-03,debit,medical,2350,Medical expenses
TXN006632,CUST0075,2026-04-03,credit,business_income,5400,Business receipt
TXN006633,CUST0075,2026-04-05,debit,maintenance,160,Society maintenance
TXN006634,CUST0075,2026-04-14,debit,groceries,650,Groceries
TXN006635,CUST0075,2026-04-12,debit,utilities,360,Electricity and water
TXN006636,CUST0075,2026-04-20,debit,transport,340,Fuel and commute
TXN006637,CUST0075,2026-04-26,debit,dining_entertainment,390,Dining and entertainment
TXN006638,CUST0075,2026-04-18,debit,shopping,670,Online shopping
TXN006639,CUST0075,2026-05-03,credit,business_income,4300,Business receipt
TXN006640,CUST0075,2026-05-05,debit,maintenance,160,Society maintenance
TXN006641,CUST0075,2026-05-19,debit,groceries,920,Groceries
TXN006642,CUST0075,2026-05-12,debit,utilities,360,Electricity and water
TXN006643,CUST0075,2026-05-23,debit,transport,420,Fuel and commute
TXN006644,CUST0075,2026-05-24,debit,dining_entertainment,310,Dining and entertainment
TXN006645,CUST0075,2026-06-01,credit,business_income,8200,Business receipt
TXN006646,CUST0075,2026-06-05,debit,maintenance,190,Society maintenance
TXN006647,CUST0075,2026-06-12,debit,groceries,690,Groceries
TXN006648,CUST0075,2026-06-12,debit,utilities,230,Electricity and water
TXN006649,CUST0075,2026-06-16,debit,transport,470,Fuel and commute
TXN006650,CUST0075,2026-06-17,debit,dining_entertainment,690,Dining and entertainment
TXN006651,CUST0075,2026-07-03,credit,business_income,7200,Business receipt
TXN006652,CUST0075,2026-07-05,debit,maintenance,170,Society maintenance
TXN006653,CUST0075,2026-07-19,debit,groceries,690,Groceries
TXN006654,CUST0075,2026-07-12,debit,utilities,360,Electricity and water
TXN006655,CUST0075,2026-07-18,debit,transport,480,Fuel and commute
TXN006656,CUST0075,2026-07-23,debit,dining_entertainment,610,Dining and entertainment
TXN006657,CUST0075,2026-07-20,debit,medical,580,Medical expenses
TXN006658,CUST0075,2026-07-07,debit,shopping,340,Online shopping
TXN006659,CUST0075,2026-08-03,credit,business_income,7000,Business receipt
TXN006660,CUST0075,2026-08-05,debit,maintenance,200,Society maintenance
TXN006661,CUST0075,2026-08-09,debit,groceries,1020,Groceries
TXN006662,CUST0075,2026-08-12,debit,utilities,220,Electricity and water
TXN006663,CUST0075,2026-08-17,debit,transport,270,Fuel and commute
TXN006664,CUST0075,2026-08-10,debit,dining_entertainment,660,Dining and entertainment
TXN006665,CUST0075,2026-08-06,debit,shopping,320,Online shopping
TXN006666,CUST0076,2025-09-03,credit,business_income,6700,Business receipt
TXN006667,CUST0076,2025-09-05,debit,rent,1470,House rent
TXN006668,CUST0076,2025-09-09,debit,groceries,850,Groceries
TXN006669,CUST0076,2025-09-12,debit,utilities,370,Electricity and water
TXN006670,CUST0076,2025-09-13,debit,transport,410,Fuel and commute
TXN006671,CUST0076,2025-09-18,debit,dining_entertainment,1690,Dining and entertainment
TXN006672,CUST0076,2025-10-02,credit,business_income,8800,Business receipt
TXN006673,CUST0076,2025-10-05,debit,rent,1610,House rent
TXN006674,CUST0076,2025-10-16,debit,groceries,910,Groceries
TXN006675,CUST0076,2025-10-12,debit,utilities,300,Electricity and water
TXN006676,CUST0076,2025-10-16,debit,transport,520,Fuel and commute
TXN006677,CUST0076,2025-10-15,debit,dining_entertainment,1690,Dining and entertainment
TXN006678,CUST0076,2025-11-02,credit,business_income,8400,Business receipt
TXN006679,CUST0076,2025-11-05,debit,rent,1470,House rent
TXN006680,CUST0076,2025-11-06,debit,groceries,1070,Groceries
TXN006681,CUST0076,2025-11-12,debit,utilities,460,Electricity and water
TXN006682,CUST0076,2025-11-24,debit,transport,710,Fuel and commute
TXN006683,CUST0076,2025-11-14,debit,dining_entertainment,1310,Dining and entertainment
TXN006684,CUST0076,2025-12-02,credit,business_income,6800,Business receipt
TXN006685,CUST0076,2025-12-05,debit,rent,1530,House rent
TXN006686,CUST0076,2025-12-13,debit,groceries,1250,Groceries
TXN006687,CUST0076,2025-12-12,debit,utilities,460,Electricity and water
TXN006688,CUST0076,2025-12-24,debit,transport,580,Fuel and commute
TXN006689,CUST0076,2025-12-15,debit,dining_entertainment,1110,Dining and entertainment
TXN006690,CUST0076,2026-01-02,credit,business_income,7500,Business receipt
TXN006691,CUST0076,2026-01-05,debit,rent,1780,House rent
TXN006692,CUST0076,2026-01-13,debit,groceries,950,Groceries
TXN006693,CUST0076,2026-01-12,debit,utilities,320,Electricity and water
TXN006694,CUST0076,2026-01-10,debit,transport,740,Fuel and commute
TXN006695,CUST0076,2026-01-23,debit,dining_entertainment,1590,Dining and entertainment
TXN006696,CUST0076,2026-02-03,credit,business_income,9000,Business receipt
TXN006697,CUST0076,2026-02-05,debit,rent,1770,House rent
TXN006698,CUST0076,2026-02-17,debit,groceries,850,Groceries
TXN006699,CUST0076,2026-02-12,debit,utilities,350,Electricity and water
TXN006700,CUST0076,2026-02-13,debit,transport,460,Fuel and commute
TXN006701,CUST0076,2026-02-24,debit,dining_entertainment,1030,Dining and entertainment
TXN006702,CUST0076,2026-03-03,credit,business_income,6200,Business receipt
TXN006703,CUST0076,2026-03-05,debit,rent,1780,House rent
TXN006704,CUST0076,2026-03-20,debit,groceries,850,Groceries
TXN006705,CUST0076,2026-03-12,debit,utilities,330,Electricity and water
TXN006706,CUST0076,2026-03-15,debit,transport,700,Fuel and commute
TXN006707,CUST0076,2026-03-24,debit,dining_entertainment,1420,Dining and entertainment
TXN006708,CUST0076,2026-03-12,debit,medical,3370,Medical expenses
TXN006709,CUST0076,2026-04-02,credit,business_income,10100,Business receipt
TXN006710,CUST0076,2026-04-05,debit,rent,1650,House rent
TXN006711,CUST0076,2026-04-09,debit,groceries,780,Groceries
TXN006712,CUST0076,2026-04-12,debit,utilities,310,Electricity and water
TXN006713,CUST0076,2026-04-23,debit,transport,670,Fuel and commute
TXN006714,CUST0076,2026-04-16,debit,dining_entertainment,1010,Dining and entertainment
TXN006715,CUST0076,2026-05-03,credit,business_income,9600,Business receipt
TXN006716,CUST0076,2026-05-05,debit,rent,1650,House rent
TXN006717,CUST0076,2026-05-12,debit,groceries,1000,Groceries
TXN006718,CUST0076,2026-05-12,debit,utilities,380,Electricity and water
TXN006719,CUST0076,2026-05-17,debit,transport,430,Fuel and commute
TXN006720,CUST0076,2026-05-18,debit,dining_entertainment,1090,Dining and entertainment
TXN006721,CUST0076,2026-06-02,credit,business_income,8900,Business receipt
TXN006722,CUST0076,2026-06-05,debit,rent,1540,House rent
TXN006723,CUST0076,2026-06-06,debit,groceries,1370,Groceries
TXN006724,CUST0076,2026-06-12,debit,utilities,440,Electricity and water
TXN006725,CUST0076,2026-06-14,debit,transport,390,Fuel and commute
TXN006726,CUST0076,2026-06-09,debit,dining_entertainment,990,Dining and entertainment
TXN006727,CUST0076,2026-07-01,credit,business_income,11300,Business receipt
TXN006728,CUST0076,2026-07-05,debit,rent,1500,House rent
TXN006729,CUST0076,2026-07-14,debit,groceries,1390,Groceries
TXN006730,CUST0076,2026-07-12,debit,utilities,370,Electricity and water
TXN006731,CUST0076,2026-07-16,debit,transport,400,Fuel and commute
TXN006732,CUST0076,2026-07-11,debit,dining_entertainment,970,Dining and entertainment
TXN006733,CUST0076,2026-07-20,debit,medical,470,Medical expenses
TXN006734,CUST0076,2026-08-03,credit,business_income,11300,Business receipt
TXN006735,CUST0076,2026-08-05,debit,rent,1660,House rent
TXN006736,CUST0076,2026-08-09,debit,groceries,1060,Groceries
TXN006737,CUST0076,2026-08-12,debit,utilities,280,Electricity and water
TXN006738,CUST0076,2026-08-13,debit,transport,750,Fuel and commute
TXN006739,CUST0076,2026-08-16,debit,dining_entertainment,830,Dining and entertainment
TXN006740,CUST0076,2026-08-18,debit,insurance_premium,10600,Insurance premium
TXN006741,CUST0077,2025-09-03,credit,salary,12800,Monthly credit
TXN006742,CUST0077,2025-09-05,debit,rent,2840,House rent
TXN006743,CUST0077,2025-09-13,debit,groceries,2010,Groceries
TXN006744,CUST0077,2025-09-12,debit,utilities,700,Electricity and water
TXN006745,CUST0077,2025-09-23,debit,transport,660,Fuel and commute
TXN006746,CUST0077,2025-09-11,debit,dining_entertainment,1450,Dining and entertainment
TXN006747,CUST0077,2025-09-10,debit,sip_investment,3100,Mutual fund SIP
TXN006748,CUST0077,2025-09-15,debit,school_fees,5770,School fees
TXN006749,CUST0077,2025-09-28,credit,interest_payout,480,Deposit interest payout
TXN006750,CUST0077,2025-10-02,credit,salary,12900,Monthly credit
TXN006751,CUST0077,2025-10-05,debit,rent,2850,House rent
TXN006752,CUST0077,2025-10-08,debit,groceries,1670,Groceries
TXN006753,CUST0077,2025-10-12,debit,utilities,400,Electricity and water
TXN006754,CUST0077,2025-10-10,debit,transport,580,Fuel and commute
TXN006755,CUST0077,2025-10-14,debit,dining_entertainment,1240,Dining and entertainment
TXN006756,CUST0077,2025-10-10,debit,sip_investment,3100,Mutual fund SIP
TXN006757,CUST0077,2025-10-26,debit,shopping,1250,Online shopping
TXN006758,CUST0077,2025-10-28,credit,interest_payout,690,Deposit interest payout
TXN006759,CUST0077,2025-11-02,credit,salary,12800,Monthly credit
TXN006760,CUST0077,2025-11-05,debit,rent,2690,House rent
TXN006761,CUST0077,2025-11-09,debit,groceries,1770,Groceries
TXN006762,CUST0077,2025-11-12,debit,utilities,630,Electricity and water
TXN006763,CUST0077,2025-11-16,debit,transport,540,Fuel and commute
TXN006764,CUST0077,2025-11-17,debit,dining_entertainment,960,Dining and entertainment
TXN006765,CUST0077,2025-11-10,debit,sip_investment,3100,Mutual fund SIP
TXN006766,CUST0077,2025-11-28,credit,interest_payout,690,Deposit interest payout
TXN006767,CUST0077,2025-12-02,credit,salary,12800,Monthly credit
TXN006768,CUST0077,2025-12-05,debit,rent,2440,House rent
TXN006769,CUST0077,2025-12-14,debit,groceries,1510,Groceries
TXN006770,CUST0077,2025-12-12,debit,utilities,450,Electricity and water
TXN006771,CUST0077,2025-12-23,debit,transport,1060,Fuel and commute
TXN006772,CUST0077,2025-12-13,debit,dining_entertainment,720,Dining and entertainment
TXN006773,CUST0077,2025-12-10,debit,sip_investment,3100,Mutual fund SIP
TXN006774,CUST0077,2025-12-15,debit,school_fees,6570,School fees
TXN006775,CUST0077,2025-12-08,debit,shopping,650,Online shopping
TXN006776,CUST0077,2025-12-28,credit,interest_payout,530,Deposit interest payout
TXN006777,CUST0077,2026-01-03,credit,salary,13000,Monthly credit
TXN006778,CUST0077,2026-01-05,debit,rent,2730,House rent
TXN006779,CUST0077,2026-01-15,debit,groceries,1980,Groceries
TXN006780,CUST0077,2026-01-12,debit,utilities,740,Electricity and water
TXN006781,CUST0077,2026-01-20,debit,transport,1110,Fuel and commute
TXN006782,CUST0077,2026-01-13,debit,dining_entertainment,1450,Dining and entertainment
TXN006783,CUST0077,2026-01-10,debit,sip_investment,3100,Mutual fund SIP
TXN006784,CUST0077,2026-01-28,credit,interest_payout,370,Deposit interest payout
TXN006785,CUST0077,2026-02-01,credit,salary,12900,Monthly credit
TXN006786,CUST0077,2026-02-05,debit,rent,2770,House rent
TXN006787,CUST0077,2026-02-10,debit,groceries,1890,Groceries
TXN006788,CUST0077,2026-02-12,debit,utilities,510,Electricity and water
TXN006789,CUST0077,2026-02-10,debit,transport,910,Fuel and commute
TXN006790,CUST0077,2026-02-17,debit,dining_entertainment,800,Dining and entertainment
TXN006791,CUST0077,2026-02-10,debit,sip_investment,3100,Mutual fund SIP
TXN006792,CUST0077,2026-03-01,credit,salary,13100,Monthly credit
TXN006793,CUST0077,2026-03-05,debit,rent,2870,House rent
TXN006794,CUST0077,2026-03-06,debit,groceries,1280,Groceries
TXN006795,CUST0077,2026-03-12,debit,utilities,470,Electricity and water
TXN006796,CUST0077,2026-03-13,debit,transport,970,Fuel and commute
TXN006797,CUST0077,2026-03-20,debit,dining_entertainment,1140,Dining and entertainment
TXN006798,CUST0077,2026-03-10,debit,sip_investment,3100,Mutual fund SIP
TXN006799,CUST0077,2026-03-15,debit,school_fees,11110,School fees
TXN006800,CUST0077,2026-03-28,credit,interest_payout,520,Deposit interest payout
TXN006801,CUST0077,2026-04-01,credit,salary,13000,Monthly credit
TXN006802,CUST0077,2026-04-05,debit,rent,2870,House rent
TXN006803,CUST0077,2026-04-06,debit,groceries,1380,Groceries
TXN006804,CUST0077,2026-04-12,debit,utilities,580,Electricity and water
TXN006805,CUST0077,2026-04-12,debit,transport,910,Fuel and commute
TXN006806,CUST0077,2026-04-25,debit,dining_entertainment,850,Dining and entertainment
TXN006807,CUST0077,2026-04-10,debit,sip_investment,3100,Mutual fund SIP
TXN006808,CUST0077,2026-04-28,credit,interest_payout,390,Deposit interest payout
TXN006809,CUST0077,2026-05-01,credit,salary,13000,Monthly credit
TXN006810,CUST0077,2026-05-05,debit,rent,2460,House rent
TXN006811,CUST0077,2026-05-19,debit,groceries,1610,Groceries
TXN006812,CUST0077,2026-05-12,debit,utilities,470,Electricity and water
TXN006813,CUST0077,2026-05-17,debit,transport,1040,Fuel and commute
TXN006814,CUST0077,2026-05-10,debit,dining_entertainment,1270,Dining and entertainment
TXN006815,CUST0077,2026-05-10,debit,sip_investment,3100,Mutual fund SIP
TXN006816,CUST0077,2026-05-18,debit,insurance_premium,12560,Insurance premium
TXN006817,CUST0077,2026-05-20,debit,shopping,1230,Online shopping
TXN006818,CUST0077,2026-05-28,credit,interest_payout,650,Deposit interest payout
TXN006819,CUST0077,2026-06-03,credit,salary,12900,Monthly credit
TXN006820,CUST0077,2026-06-05,debit,rent,2590,House rent
TXN006821,CUST0077,2026-06-06,debit,groceries,1940,Groceries
TXN006822,CUST0077,2026-06-12,debit,utilities,400,Electricity and water
TXN006823,CUST0077,2026-06-10,debit,transport,520,Fuel and commute
TXN006824,CUST0077,2026-06-08,debit,dining_entertainment,1340,Dining and entertainment
TXN006825,CUST0077,2026-06-10,debit,sip_investment,3100,Mutual fund SIP
TXN006826,CUST0077,2026-06-15,debit,school_fees,10800,School fees
TXN006827,CUST0077,2026-06-26,debit,shopping,580,Online shopping
TXN006828,CUST0077,2026-06-28,credit,interest_payout,560,Deposit interest payout
TXN006829,CUST0077,2026-07-01,credit,salary,12700,Monthly credit
TXN006830,CUST0077,2026-07-05,debit,rent,2700,House rent
TXN006831,CUST0077,2026-07-13,debit,groceries,1900,Groceries
TXN006832,CUST0077,2026-07-12,debit,utilities,690,Electricity and water
TXN006833,CUST0077,2026-07-21,debit,transport,870,Fuel and commute
TXN006834,CUST0077,2026-07-08,debit,dining_entertainment,670,Dining and entertainment
TXN006835,CUST0077,2026-07-10,debit,sip_investment,3100,Mutual fund SIP
TXN006836,CUST0077,2026-07-28,credit,interest_payout,600,Deposit interest payout
TXN006837,CUST0077,2026-08-03,credit,salary,13100,Monthly credit
TXN006838,CUST0077,2026-08-05,debit,rent,2790,House rent
TXN006839,CUST0077,2026-08-10,debit,groceries,1850,Groceries
TXN006840,CUST0077,2026-08-12,debit,utilities,450,Electricity and water
TXN006841,CUST0077,2026-08-14,debit,transport,870,Fuel and commute
TXN006842,CUST0077,2026-08-26,debit,dining_entertainment,1180,Dining and entertainment
TXN006843,CUST0077,2026-08-10,debit,sip_investment,3100,Mutual fund SIP
TXN006844,CUST0077,2026-08-28,credit,interest_payout,650,Deposit interest payout
TXN006845,CUST0078,2025-09-02,credit,salary,5200,Monthly credit
TXN006846,CUST0078,2025-09-05,debit,rent,1330,House rent
TXN006847,CUST0078,2025-09-12,debit,groceries,470,Groceries
TXN006848,CUST0078,2025-09-12,debit,utilities,220,Electricity and water
TXN006849,CUST0078,2025-09-11,debit,transport,210,Fuel and commute
TXN006850,CUST0078,2025-09-16,debit,dining_entertainment,430,Dining and entertainment
TXN006851,CUST0078,2025-09-07,debit,emi,1060,Loan EMI
TXN006852,CUST0078,2025-09-10,debit,sip_investment,1300,Mutual fund SIP
TXN006853,CUST0078,2025-10-03,credit,salary,5000,Monthly credit
TXN006854,CUST0078,2025-10-05,debit,rent,1360,House rent
TXN006855,CUST0078,2025-10-12,debit,groceries,650,Groceries
TXN006856,CUST0078,2025-10-12,debit,utilities,210,Electricity and water
TXN006857,CUST0078,2025-10-23,debit,transport,230,Fuel and commute
TXN006858,CUST0078,2025-10-16,debit,dining_entertainment,530,Dining and entertainment
TXN006859,CUST0078,2025-10-07,debit,emi,1050,Loan EMI
TXN006860,CUST0078,2025-10-10,debit,sip_investment,1300,Mutual fund SIP
TXN006861,CUST0078,2025-11-02,credit,salary,5000,Monthly credit
TXN006862,CUST0078,2025-11-05,debit,rent,1450,House rent
TXN006863,CUST0078,2025-11-12,debit,groceries,740,Groceries
TXN006864,CUST0078,2025-11-12,debit,utilities,260,Electricity and water
TXN006865,CUST0078,2025-11-11,debit,transport,340,Fuel and commute
TXN006866,CUST0078,2025-11-09,debit,dining_entertainment,840,Dining and entertainment
TXN006867,CUST0078,2025-11-07,debit,emi,1050,Loan EMI
TXN006868,CUST0078,2025-11-10,debit,sip_investment,1300,Mutual fund SIP
TXN006869,CUST0078,2025-12-02,credit,salary,5100,Monthly credit
TXN006870,CUST0078,2025-12-05,debit,rent,1390,House rent
TXN006871,CUST0078,2025-12-06,debit,groceries,740,Groceries
TXN006872,CUST0078,2025-12-12,debit,utilities,270,Electricity and water
TXN006873,CUST0078,2025-12-15,debit,transport,400,Fuel and commute
TXN006874,CUST0078,2025-12-09,debit,dining_entertainment,510,Dining and entertainment
TXN006875,CUST0078,2025-12-07,debit,emi,1050,Loan EMI
TXN006876,CUST0078,2025-12-10,debit,sip_investment,1300,Mutual fund SIP
TXN006877,CUST0078,2025-12-14,debit,medical,470,Medical expenses
TXN006878,CUST0078,2026-01-03,credit,salary,5100,Monthly credit
TXN006879,CUST0078,2026-01-05,debit,rent,1470,House rent
TXN006880,CUST0078,2026-01-10,debit,groceries,730,Groceries
TXN006881,CUST0078,2026-01-12,debit,utilities,250,Electricity and water
TXN006882,CUST0078,2026-01-15,debit,transport,270,Fuel and commute
TXN006883,CUST0078,2026-01-23,debit,dining_entertainment,790,Dining and entertainment
TXN006884,CUST0078,2026-01-07,debit,emi,1050,Loan EMI
TXN006885,CUST0078,2026-01-10,debit,sip_investment,1300,Mutual fund SIP
TXN006886,CUST0078,2026-02-01,credit,salary,5100,Monthly credit
TXN006887,CUST0078,2026-02-05,debit,rent,1370,House rent
TXN006888,CUST0078,2026-02-10,debit,groceries,480,Groceries
TXN006889,CUST0078,2026-02-12,debit,utilities,190,Electricity and water
TXN006890,CUST0078,2026-02-14,debit,transport,380,Fuel and commute
TXN006891,CUST0078,2026-02-17,debit,dining_entertainment,880,Dining and entertainment
TXN006892,CUST0078,2026-02-07,debit,emi,1060,Loan EMI
TXN006893,CUST0078,2026-02-10,debit,sip_investment,1300,Mutual fund SIP
TXN006894,CUST0078,2026-03-02,credit,salary,5200,Monthly credit
TXN006895,CUST0078,2026-03-05,debit,rent,1330,House rent
TXN006896,CUST0078,2026-03-09,debit,groceries,520,Groceries
TXN006897,CUST0078,2026-03-12,debit,utilities,290,Electricity and water
TXN006898,CUST0078,2026-03-14,debit,transport,400,Fuel and commute
TXN006899,CUST0078,2026-03-24,debit,dining_entertainment,670,Dining and entertainment
TXN006900,CUST0078,2026-03-07,debit,emi,1050,Loan EMI
TXN006901,CUST0078,2026-03-10,debit,sip_investment,1300,Mutual fund SIP
TXN006902,CUST0078,2026-04-02,credit,salary,5100,Monthly credit
TXN006903,CUST0078,2026-04-05,debit,rent,1460,House rent
TXN006904,CUST0078,2026-04-10,debit,groceries,760,Groceries
TXN006905,CUST0078,2026-04-12,debit,utilities,300,Electricity and water
TXN006906,CUST0078,2026-04-15,debit,transport,360,Fuel and commute
TXN006907,CUST0078,2026-04-19,debit,dining_entertainment,660,Dining and entertainment
TXN006908,CUST0078,2026-04-07,debit,emi,1060,Loan EMI
TXN006909,CUST0078,2026-04-10,debit,sip_investment,1300,Mutual fund SIP
TXN006910,CUST0078,2026-04-10,debit,shopping,340,Online shopping
TXN006911,CUST0078,2026-05-02,credit,salary,5200,Monthly credit
TXN006912,CUST0078,2026-05-05,debit,rent,1320,House rent
TXN006913,CUST0078,2026-05-10,debit,groceries,710,Groceries
TXN006914,CUST0078,2026-05-12,debit,utilities,180,Electricity and water
TXN006915,CUST0078,2026-05-10,debit,transport,430,Fuel and commute
TXN006916,CUST0078,2026-05-23,debit,dining_entertainment,860,Dining and entertainment
TXN006917,CUST0078,2026-05-07,debit,emi,1050,Loan EMI
TXN006918,CUST0078,2026-05-10,debit,sip_investment,1300,Mutual fund SIP
TXN006919,CUST0078,2026-06-03,credit,salary,5100,Monthly credit
TXN006920,CUST0078,2026-06-05,debit,rent,1480,House rent
TXN006921,CUST0078,2026-06-20,debit,groceries,650,Groceries
TXN006922,CUST0078,2026-06-12,debit,utilities,290,Electricity and water
TXN006923,CUST0078,2026-06-13,debit,transport,400,Fuel and commute
TXN006924,CUST0078,2026-06-25,debit,dining_entertainment,670,Dining and entertainment
TXN006925,CUST0078,2026-06-07,debit,emi,1060,Loan EMI
TXN006926,CUST0078,2026-06-10,debit,sip_investment,1300,Mutual fund SIP
TXN006927,CUST0078,2026-06-18,debit,insurance_premium,4990,Insurance premium
TXN006928,CUST0078,2026-07-01,credit,salary,5200,Monthly credit
TXN006929,CUST0078,2026-07-05,debit,rent,1350,House rent
TXN006930,CUST0078,2026-07-06,debit,groceries,760,Groceries
TXN006931,CUST0078,2026-07-12,debit,utilities,250,Electricity and water
TXN006932,CUST0078,2026-07-19,debit,transport,290,Fuel and commute
TXN006933,CUST0078,2026-07-09,debit,dining_entertainment,880,Dining and entertainment
TXN006934,CUST0078,2026-07-07,debit,emi,1060,Loan EMI
TXN006935,CUST0078,2026-07-10,debit,sip_investment,1300,Mutual fund SIP
TXN006936,CUST0078,2026-07-27,debit,shopping,250,Online shopping
TXN006937,CUST0078,2026-08-01,credit,salary,5200,Monthly credit
TXN006938,CUST0078,2026-08-05,debit,rent,1450,House rent
TXN006939,CUST0078,2026-08-11,debit,groceries,550,Groceries
TXN006940,CUST0078,2026-08-12,debit,utilities,290,Electricity and water
TXN006941,CUST0078,2026-08-17,debit,transport,230,Fuel and commute
TXN006942,CUST0078,2026-08-11,debit,dining_entertainment,950,Dining and entertainment
TXN006943,CUST0078,2026-08-07,debit,emi,1040,Loan EMI
TXN006944,CUST0078,2026-08-10,debit,sip_investment,1300,Mutual fund SIP
TXN006945,CUST0079,2025-09-03,credit,business_income,17500,Business receipt
TXN006946,CUST0079,2025-09-05,debit,rent,4300,House rent
TXN006947,CUST0079,2025-09-07,debit,groceries,1810,Groceries
TXN006948,CUST0079,2025-09-12,debit,utilities,830,Electricity and water
TXN006949,CUST0079,2025-09-16,debit,transport,840,Fuel and commute
TXN006950,CUST0079,2025-09-18,debit,dining_entertainment,1710,Dining and entertainment
TXN006951,CUST0079,2025-09-07,debit,emi,5440,Loan EMI
TXN006952,CUST0079,2025-09-15,debit,school_fees,7130,School fees
TXN006953,CUST0079,2025-09-05,debit,shopping,620,Online shopping
TXN006954,CUST0079,2025-10-03,credit,business_income,21900,Business receipt
TXN006955,CUST0079,2025-10-05,debit,rent,4130,House rent
TXN006956,CUST0079,2025-10-11,debit,groceries,2120,Groceries
TXN006957,CUST0079,2025-10-12,debit,utilities,1010,Electricity and water
TXN006958,CUST0079,2025-10-23,debit,transport,760,Fuel and commute
TXN006959,CUST0079,2025-10-24,debit,dining_entertainment,3090,Dining and entertainment
TXN006960,CUST0079,2025-10-07,debit,emi,5420,Loan EMI
TXN006961,CUST0079,2025-10-18,debit,insurance_premium,8660,Insurance premium
TXN006962,CUST0079,2025-11-01,credit,business_income,22900,Business receipt
TXN006963,CUST0079,2025-11-05,debit,rent,3990,House rent
TXN006964,CUST0079,2025-11-12,debit,groceries,1920,Groceries
TXN006965,CUST0079,2025-11-12,debit,utilities,560,Electricity and water
TXN006966,CUST0079,2025-11-10,debit,transport,780,Fuel and commute
TXN006967,CUST0079,2025-11-20,debit,dining_entertainment,1950,Dining and entertainment
TXN006968,CUST0079,2025-11-07,debit,emi,5360,Loan EMI
TXN006969,CUST0079,2025-12-03,credit,business_income,19700,Business receipt
TXN006970,CUST0079,2025-12-05,debit,rent,3620,House rent
TXN006971,CUST0079,2025-12-12,debit,groceries,2390,Groceries
TXN006972,CUST0079,2025-12-12,debit,utilities,970,Electricity and water
TXN006973,CUST0079,2025-12-16,debit,transport,1420,Fuel and commute
TXN006974,CUST0079,2025-12-19,debit,dining_entertainment,2260,Dining and entertainment
TXN006975,CUST0079,2025-12-07,debit,emi,5340,Loan EMI
TXN006976,CUST0079,2025-12-15,debit,school_fees,7290,School fees
TXN006977,CUST0079,2025-12-19,debit,shopping,690,Online shopping
TXN006978,CUST0079,2026-01-03,credit,business_income,18600,Business receipt
TXN006979,CUST0079,2026-01-05,debit,rent,3750,House rent
TXN006980,CUST0079,2026-01-09,debit,groceries,2170,Groceries
TXN006981,CUST0079,2026-01-12,debit,utilities,620,Electricity and water
TXN006982,CUST0079,2026-01-20,debit,transport,1130,Fuel and commute
TXN006983,CUST0079,2026-01-26,debit,dining_entertainment,3220,Dining and entertainment
TXN006984,CUST0079,2026-01-07,debit,emi,5340,Loan EMI
TXN006985,CUST0079,2026-01-08,debit,shopping,1750,Online shopping
TXN006986,CUST0079,2026-02-03,credit,business_income,22200,Business receipt
TXN006987,CUST0079,2026-02-05,debit,rent,4000,House rent
TXN006988,CUST0079,2026-02-09,debit,groceries,1700,Groceries
TXN006989,CUST0079,2026-02-12,debit,utilities,740,Electricity and water
TXN006990,CUST0079,2026-02-23,debit,transport,960,Fuel and commute
TXN006991,CUST0079,2026-02-16,debit,dining_entertainment,1590,Dining and entertainment
TXN006992,CUST0079,2026-02-07,debit,emi,5430,Loan EMI
TXN006993,CUST0079,2026-03-03,credit,business_income,14500,Business receipt
TXN006994,CUST0079,2026-03-05,debit,rent,3950,House rent
TXN006995,CUST0079,2026-03-06,debit,groceries,2640,Groceries
TXN006996,CUST0079,2026-03-12,debit,utilities,930,Electricity and water
TXN006997,CUST0079,2026-03-20,debit,transport,1210,Fuel and commute
TXN006998,CUST0079,2026-03-20,debit,dining_entertainment,1930,Dining and entertainment
TXN006999,CUST0079,2026-03-07,debit,emi,5370,Loan EMI
TXN007000,CUST0079,2026-03-15,debit,school_fees,15010,School fees
TXN007001,CUST0079,2026-04-03,credit,business_income,12100,Business receipt
TXN007002,CUST0079,2026-04-05,debit,rent,3630,House rent
TXN007003,CUST0079,2026-04-06,debit,groceries,2450,Groceries
TXN007004,CUST0079,2026-04-12,debit,utilities,980,Electricity and water
TXN007005,CUST0079,2026-04-11,debit,transport,1480,Fuel and commute
TXN007006,CUST0079,2026-04-14,debit,dining_entertainment,2540,Dining and entertainment
TXN007007,CUST0079,2026-04-07,debit,emi,5370,Loan EMI
TXN007008,CUST0079,2026-05-01,credit,business_income,20700,Business receipt
TXN007009,CUST0079,2026-05-05,debit,rent,3830,House rent
TXN007010,CUST0079,2026-05-07,debit,groceries,2340,Groceries
TXN007011,CUST0079,2026-05-12,debit,utilities,670,Electricity and water
TXN007012,CUST0079,2026-05-13,debit,transport,1310,Fuel and commute
TXN007013,CUST0079,2026-05-14,debit,dining_entertainment,3460,Dining and entertainment
TXN007014,CUST0079,2026-05-07,debit,emi,5360,Loan EMI
TXN007015,CUST0079,2026-05-20,debit,shopping,1160,Online shopping
TXN007016,CUST0079,2026-06-03,credit,business_income,13200,Business receipt
TXN007017,CUST0079,2026-06-05,debit,rent,3610,House rent
TXN007018,CUST0079,2026-06-13,debit,groceries,2270,Groceries
TXN007019,CUST0079,2026-06-12,debit,utilities,720,Electricity and water
TXN007020,CUST0079,2026-06-14,debit,transport,1150,Fuel and commute
TXN007021,CUST0079,2026-06-24,debit,dining_entertainment,2750,Dining and entertainment
TXN007022,CUST0079,2026-06-07,debit,emi,5420,Loan EMI
TXN007023,CUST0079,2026-06-15,debit,school_fees,9260,School fees
TXN007024,CUST0079,2026-06-20,debit,shopping,970,Online shopping
TXN007025,CUST0079,2026-07-03,credit,business_income,11100,Business receipt
TXN007026,CUST0079,2026-07-05,debit,rent,4300,House rent
TXN007027,CUST0079,2026-07-11,debit,groceries,2450,Groceries
TXN007028,CUST0079,2026-07-12,debit,utilities,660,Electricity and water
TXN007029,CUST0079,2026-07-14,debit,transport,1080,Fuel and commute
TXN007030,CUST0079,2026-07-14,debit,dining_entertainment,2300,Dining and entertainment
TXN007031,CUST0079,2026-07-07,debit,emi,5350,Loan EMI
TXN007032,CUST0079,2026-08-03,credit,business_income,11600,Business receipt
TXN007033,CUST0079,2026-08-05,debit,rent,3820,House rent
TXN007034,CUST0079,2026-08-06,debit,groceries,2350,Groceries
TXN007035,CUST0079,2026-08-12,debit,utilities,810,Electricity and water
TXN007036,CUST0079,2026-08-21,debit,transport,720,Fuel and commute
TXN007037,CUST0079,2026-08-26,debit,dining_entertainment,3550,Dining and entertainment
TXN007038,CUST0079,2026-08-07,debit,emi,5400,Loan EMI
TXN007039,CUST0080,2025-09-03,credit,salary,14900,Monthly credit
TXN007040,CUST0080,2025-09-05,debit,rent,4280,House rent
TXN007041,CUST0080,2025-09-15,debit,groceries,1730,Groceries
TXN007042,CUST0080,2025-09-12,debit,utilities,750,Electricity and water
TXN007043,CUST0080,2025-09-23,debit,transport,1040,Fuel and commute
TXN007044,CUST0080,2025-09-26,debit,dining_entertainment,1510,Dining and entertainment
TXN007045,CUST0080,2025-09-10,debit,sip_investment,1500,Mutual fund SIP
TXN007046,CUST0080,2025-09-15,debit,school_fees,11790,School fees
TXN007047,CUST0080,2025-10-03,credit,salary,14800,Monthly credit
TXN007048,CUST0080,2025-10-05,debit,rent,4110,House rent
TXN007049,CUST0080,2025-10-17,debit,groceries,1930,Groceries
TXN007050,CUST0080,2025-10-12,debit,utilities,730,Electricity and water
TXN007051,CUST0080,2025-10-24,debit,transport,1140,Fuel and commute
TXN007052,CUST0080,2025-10-24,debit,dining_entertainment,790,Dining and entertainment
TXN007053,CUST0080,2025-10-10,debit,sip_investment,1500,Mutual fund SIP
TXN007054,CUST0080,2025-11-02,credit,salary,14500,Monthly credit
TXN007055,CUST0080,2025-11-05,debit,rent,4140,House rent
TXN007056,CUST0080,2025-11-08,debit,groceries,1900,Groceries
TXN007057,CUST0080,2025-11-12,debit,utilities,580,Electricity and water
TXN007058,CUST0080,2025-11-10,debit,transport,660,Fuel and commute
TXN007059,CUST0080,2025-11-17,debit,dining_entertainment,1510,Dining and entertainment
TXN007060,CUST0080,2025-11-10,debit,sip_investment,1500,Mutual fund SIP
TXN007061,CUST0080,2025-12-01,credit,salary,14800,Monthly credit
TXN007062,CUST0080,2025-12-05,debit,rent,4340,House rent
TXN007063,CUST0080,2025-12-19,debit,groceries,1430,Groceries
TXN007064,CUST0080,2025-12-12,debit,utilities,780,Electricity and water
TXN007065,CUST0080,2025-12-19,debit,transport,1180,Fuel and commute
TXN007066,CUST0080,2025-12-21,debit,dining_entertainment,1520,Dining and entertainment
TXN007067,CUST0080,2025-12-10,debit,sip_investment,1500,Mutual fund SIP
TXN007068,CUST0080,2025-12-15,debit,school_fees,8830,School fees
TXN007069,CUST0080,2026-01-03,credit,salary,14600,Monthly credit
TXN007070,CUST0080,2026-01-05,debit,rent,3640,House rent
TXN007071,CUST0080,2026-01-08,debit,groceries,1890,Groceries
TXN007072,CUST0080,2026-01-12,debit,utilities,610,Electricity and water
TXN007073,CUST0080,2026-01-23,debit,transport,670,Fuel and commute
TXN007074,CUST0080,2026-01-08,debit,dining_entertainment,1730,Dining and entertainment
TXN007075,CUST0080,2026-01-10,debit,sip_investment,1500,Mutual fund SIP
TXN007076,CUST0080,2026-01-20,debit,shopping,720,Online shopping
TXN007077,CUST0080,2026-02-03,credit,salary,14900,Monthly credit
TXN007078,CUST0080,2026-02-05,debit,rent,3810,House rent
TXN007079,CUST0080,2026-02-11,debit,groceries,1940,Groceries
TXN007080,CUST0080,2026-02-12,debit,utilities,730,Electricity and water
TXN007081,CUST0080,2026-02-21,debit,transport,1020,Fuel and commute
TXN007082,CUST0080,2026-02-24,debit,dining_entertainment,1390,Dining and entertainment
TXN007083,CUST0080,2026-02-10,debit,sip_investment,1500,Mutual fund SIP
TXN007084,CUST0080,2026-03-02,credit,salary,14800,Monthly credit
TXN007085,CUST0080,2026-03-05,debit,rent,4290,House rent
TXN007086,CUST0080,2026-03-12,debit,groceries,2240,Groceries
TXN007087,CUST0080,2026-03-12,debit,utilities,830,Electricity and water
TXN007088,CUST0080,2026-03-14,debit,transport,670,Fuel and commute
TXN007089,CUST0080,2026-03-26,debit,dining_entertainment,1650,Dining and entertainment
TXN007090,CUST0080,2026-03-10,debit,sip_investment,1500,Mutual fund SIP
TXN007091,CUST0080,2026-03-15,debit,school_fees,10330,School fees
TXN007092,CUST0080,2026-04-01,credit,salary,14800,Monthly credit
TXN007093,CUST0080,2026-04-05,debit,rent,3950,House rent
TXN007094,CUST0080,2026-04-14,debit,groceries,2100,Groceries
TXN007095,CUST0080,2026-04-12,debit,utilities,730,Electricity and water
TXN007096,CUST0080,2026-04-18,debit,transport,900,Fuel and commute
TXN007097,CUST0080,2026-04-25,debit,dining_entertainment,800,Dining and entertainment
TXN007098,CUST0080,2026-04-10,debit,sip_investment,1500,Mutual fund SIP
TXN007099,CUST0080,2026-04-18,debit,insurance_premium,12380,Insurance premium
TXN007100,CUST0080,2026-05-01,credit,salary,14400,Monthly credit
TXN007101,CUST0080,2026-05-05,debit,rent,3640,House rent
TXN007102,CUST0080,2026-05-12,debit,groceries,1810,Groceries
TXN007103,CUST0080,2026-05-12,debit,utilities,480,Electricity and water
TXN007104,CUST0080,2026-05-14,debit,transport,1190,Fuel and commute
TXN007105,CUST0080,2026-05-24,debit,dining_entertainment,1510,Dining and entertainment
TXN007106,CUST0080,2026-05-10,debit,sip_investment,1500,Mutual fund SIP
TXN007107,CUST0080,2026-06-01,credit,salary,14900,Monthly credit
TXN007108,CUST0080,2026-06-05,debit,rent,3830,House rent
TXN007109,CUST0080,2026-06-10,debit,groceries,1510,Groceries
TXN007110,CUST0080,2026-06-12,debit,utilities,610,Electricity and water
TXN007111,CUST0080,2026-06-19,debit,transport,690,Fuel and commute
TXN007112,CUST0080,2026-06-16,debit,dining_entertainment,1600,Dining and entertainment
TXN007113,CUST0080,2026-06-10,debit,sip_investment,1500,Mutual fund SIP
TXN007114,CUST0080,2026-06-15,debit,school_fees,10450,School fees
TXN007115,CUST0080,2026-06-07,debit,medical,880,Medical expenses
TXN007116,CUST0080,2026-07-01,credit,salary,14500,Monthly credit
TXN007117,CUST0080,2026-07-05,debit,rent,4160,House rent
TXN007118,CUST0080,2026-07-15,debit,groceries,1840,Groceries
TXN007119,CUST0080,2026-07-12,debit,utilities,610,Electricity and water
TXN007120,CUST0080,2026-07-12,debit,transport,1230,Fuel and commute
TXN007121,CUST0080,2026-07-11,debit,dining_entertainment,1750,Dining and entertainment
TXN007122,CUST0080,2026-07-10,debit,sip_investment,1500,Mutual fund SIP
TXN007123,CUST0080,2026-08-01,credit,salary,14600,Monthly credit
TXN007124,CUST0080,2026-08-05,debit,rent,3690,House rent
TXN007125,CUST0080,2026-08-15,debit,groceries,1510,Groceries
TXN007126,CUST0080,2026-08-12,debit,utilities,580,Electricity and water
TXN007127,CUST0080,2026-08-10,debit,transport,1290,Fuel and commute
TXN007128,CUST0080,2026-08-10,debit,dining_entertainment,750,Dining and entertainment
TXN007129,CUST0080,2026-08-10,debit,sip_investment,1500,Mutual fund SIP
TXN007130,CUST0080,2026-08-05,debit,shopping,1290,Online shopping
TXN007131,CUST0081,2025-09-02,credit,salary,14800,Monthly credit
TXN007132,CUST0081,2025-09-05,debit,rent,4190,House rent
TXN007133,CUST0081,2025-09-14,debit,groceries,2260,Groceries
TXN007134,CUST0081,2025-09-12,debit,utilities,540,Electricity and water
TXN007135,CUST0081,2025-09-24,debit,transport,1040,Fuel and commute
TXN007136,CUST0081,2025-09-12,debit,dining_entertainment,1420,Dining and entertainment
TXN007137,CUST0081,2025-09-07,debit,emi,4670,Loan EMI
TXN007138,CUST0081,2025-09-10,debit,sip_investment,2400,Mutual fund SIP
TXN007139,CUST0081,2025-09-15,debit,school_fees,8810,School fees
TXN007140,CUST0081,2025-10-02,credit,salary,15300,Monthly credit
TXN007141,CUST0081,2025-10-05,debit,rent,3930,House rent
TXN007142,CUST0081,2025-10-08,debit,groceries,1650,Groceries
TXN007143,CUST0081,2025-10-12,debit,utilities,470,Electricity and water
TXN007144,CUST0081,2025-10-14,debit,transport,1310,Fuel and commute
TXN007145,CUST0081,2025-10-21,debit,dining_entertainment,1510,Dining and entertainment
TXN007146,CUST0081,2025-10-07,debit,emi,4730,Loan EMI
TXN007147,CUST0081,2025-10-10,debit,sip_investment,2400,Mutual fund SIP
TXN007148,CUST0081,2025-11-01,credit,salary,15100,Monthly credit
TXN007149,CUST0081,2025-11-05,debit,rent,4170,House rent
TXN007150,CUST0081,2025-11-16,debit,groceries,1870,Groceries
TXN007151,CUST0081,2025-11-12,debit,utilities,820,Electricity and water
TXN007152,CUST0081,2025-11-11,debit,transport,1290,Fuel and commute
TXN007153,CUST0081,2025-11-26,debit,dining_entertainment,1790,Dining and entertainment
TXN007154,CUST0081,2025-11-07,debit,emi,4730,Loan EMI
TXN007155,CUST0081,2025-11-10,debit,sip_investment,2400,Mutual fund SIP
TXN007156,CUST0081,2025-12-02,credit,salary,14900,Monthly credit
TXN007157,CUST0081,2025-12-05,debit,rent,4320,House rent
TXN007158,CUST0081,2025-12-10,debit,groceries,2060,Groceries
TXN007159,CUST0081,2025-12-12,debit,utilities,480,Electricity and water
TXN007160,CUST0081,2025-12-16,debit,transport,750,Fuel and commute
TXN007161,CUST0081,2025-12-10,debit,dining_entertainment,1210,Dining and entertainment
TXN007162,CUST0081,2025-12-07,debit,emi,4760,Loan EMI
TXN007163,CUST0081,2025-12-10,debit,sip_investment,2400,Mutual fund SIP
TXN007164,CUST0081,2025-12-15,debit,school_fees,13220,School fees
TXN007165,CUST0081,2026-01-02,credit,salary,14800,Monthly credit
TXN007166,CUST0081,2026-01-05,debit,rent,4310,House rent
TXN007167,CUST0081,2026-01-13,debit,groceries,1780,Groceries
TXN007168,CUST0081,2026-01-12,debit,utilities,690,Electricity and water
TXN007169,CUST0081,2026-01-10,debit,transport,660,Fuel and commute
TXN007170,CUST0081,2026-01-13,debit,dining_entertainment,940,Dining and entertainment
TXN007171,CUST0081,2026-01-07,debit,emi,4730,Loan EMI
TXN007172,CUST0081,2026-01-10,debit,sip_investment,2400,Mutual fund SIP
TXN007173,CUST0081,2026-01-10,debit,shopping,960,Online shopping
TXN007174,CUST0081,2026-02-01,credit,salary,15200,Monthly credit
TXN007175,CUST0081,2026-02-05,debit,rent,4240,House rent
TXN007176,CUST0081,2026-02-11,debit,groceries,2390,Groceries
TXN007177,CUST0081,2026-02-12,debit,utilities,510,Electricity and water
TXN007178,CUST0081,2026-02-21,debit,transport,970,Fuel and commute
TXN007179,CUST0081,2026-02-14,debit,dining_entertainment,1130,Dining and entertainment
TXN007180,CUST0081,2026-02-07,debit,emi,4690,Loan EMI
TXN007181,CUST0081,2026-02-10,debit,sip_investment,2400,Mutual fund SIP
TXN007182,CUST0081,2026-02-18,debit,insurance_premium,8550,Insurance premium
TXN007183,CUST0081,2026-03-01,credit,salary,14900,Monthly credit
TXN007184,CUST0081,2026-03-05,debit,rent,4160,House rent
TXN007185,CUST0081,2026-03-15,debit,groceries,1530,Groceries
TXN007186,CUST0081,2026-03-12,debit,utilities,590,Electricity and water
TXN007187,CUST0081,2026-03-22,debit,transport,700,Fuel and commute
TXN007188,CUST0081,2026-03-09,debit,dining_entertainment,1040,Dining and entertainment
TXN007189,CUST0081,2026-03-07,debit,emi,4760,Loan EMI
TXN007190,CUST0081,2026-03-10,debit,sip_investment,2400,Mutual fund SIP
TXN007191,CUST0081,2026-03-15,debit,school_fees,6740,School fees
TXN007192,CUST0081,2026-04-01,credit,salary,14900,Monthly credit
TXN007193,CUST0081,2026-04-05,debit,rent,4120,House rent
TXN007194,CUST0081,2026-04-12,debit,groceries,2230,Groceries
TXN007195,CUST0081,2026-04-12,debit,utilities,660,Electricity and water
TXN007196,CUST0081,2026-04-14,debit,transport,680,Fuel and commute
TXN007197,CUST0081,2026-04-23,debit,dining_entertainment,1700,Dining and entertainment
TXN007198,CUST0081,2026-04-07,debit,emi,4730,Loan EMI
TXN007199,CUST0081,2026-04-10,debit,sip_investment,2400,Mutual fund SIP
TXN007200,CUST0081,2026-04-08,debit,shopping,470,Online shopping
TXN007201,CUST0081,2026-05-02,credit,salary,15100,Monthly credit
TXN007202,CUST0081,2026-05-05,debit,rent,4290,House rent
TXN007203,CUST0081,2026-05-19,debit,groceries,1970,Groceries
TXN007204,CUST0081,2026-05-12,debit,utilities,530,Electricity and water
TXN007205,CUST0081,2026-05-18,debit,transport,1070,Fuel and commute
TXN007206,CUST0081,2026-05-21,debit,dining_entertainment,1280,Dining and entertainment
TXN007207,CUST0081,2026-05-07,debit,emi,4680,Loan EMI
TXN007208,CUST0081,2026-05-10,debit,sip_investment,2400,Mutual fund SIP
TXN007209,CUST0081,2026-06-03,credit,salary,15000,Monthly credit
TXN007210,CUST0081,2026-06-05,debit,rent,4130,House rent
TXN007211,CUST0081,2026-06-18,debit,groceries,1810,Groceries
TXN007212,CUST0081,2026-06-12,debit,utilities,640,Electricity and water
TXN007213,CUST0081,2026-06-17,debit,transport,1220,Fuel and commute
TXN007214,CUST0081,2026-06-24,debit,dining_entertainment,1670,Dining and entertainment
TXN007215,CUST0081,2026-06-07,debit,emi,4680,Loan EMI
TXN007216,CUST0081,2026-06-10,debit,sip_investment,2400,Mutual fund SIP
TXN007217,CUST0081,2026-06-15,debit,school_fees,11170,School fees
TXN007218,CUST0081,2026-06-27,debit,shopping,760,Online shopping
TXN007219,CUST0081,2026-07-03,credit,salary,15000,Monthly credit
TXN007220,CUST0081,2026-07-05,debit,rent,3600,House rent
TXN007221,CUST0081,2026-07-15,debit,groceries,2180,Groceries
TXN007222,CUST0081,2026-07-12,debit,utilities,690,Electricity and water
TXN007223,CUST0081,2026-07-22,debit,transport,1080,Fuel and commute
TXN007224,CUST0081,2026-07-11,debit,dining_entertainment,1460,Dining and entertainment
TXN007225,CUST0081,2026-07-07,debit,emi,4710,Loan EMI
TXN007226,CUST0081,2026-07-10,debit,sip_investment,2400,Mutual fund SIP
TXN007227,CUST0081,2026-08-01,credit,salary,15300,Monthly credit
TXN007228,CUST0081,2026-08-05,debit,rent,4300,House rent
TXN007229,CUST0081,2026-08-18,debit,groceries,1900,Groceries
TXN007230,CUST0081,2026-08-12,debit,utilities,510,Electricity and water
TXN007231,CUST0081,2026-08-21,debit,transport,1200,Fuel and commute
TXN007232,CUST0081,2026-08-20,debit,dining_entertainment,1550,Dining and entertainment
TXN007233,CUST0081,2026-08-07,debit,emi,4720,Loan EMI
TXN007234,CUST0081,2026-08-10,debit,sip_investment,2400,Mutual fund SIP
TXN007235,CUST0082,2025-09-01,credit,business_income,9200,Business receipt
TXN007236,CUST0082,2025-09-05,debit,rent,2130,House rent
TXN007237,CUST0082,2025-09-16,debit,groceries,1150,Groceries
TXN007238,CUST0082,2025-09-12,debit,utilities,340,Electricity and water
TXN007239,CUST0082,2025-09-24,debit,transport,660,Fuel and commute
TXN007240,CUST0082,2025-09-16,debit,dining_entertainment,970,Dining and entertainment
TXN007241,CUST0082,2025-09-10,debit,sip_investment,1300,Mutual fund SIP
TXN007242,CUST0082,2025-09-15,debit,school_fees,5070,School fees
TXN007243,CUST0082,2025-09-08,debit,shopping,740,Online shopping
TXN007244,CUST0082,2025-10-03,credit,business_income,6200,Business receipt
TXN007245,CUST0082,2025-10-05,debit,rent,1800,House rent
TXN007246,CUST0082,2025-10-13,debit,groceries,1090,Groceries
TXN007247,CUST0082,2025-10-12,debit,utilities,440,Electricity and water
TXN007248,CUST0082,2025-10-18,debit,transport,730,Fuel and commute
TXN007249,CUST0082,2025-10-25,debit,dining_entertainment,540,Dining and entertainment
TXN007250,CUST0082,2025-10-10,debit,sip_investment,1300,Mutual fund SIP
TXN007251,CUST0082,2025-11-01,credit,business_income,5900,Business receipt
TXN007252,CUST0082,2025-11-05,debit,rent,1790,House rent
TXN007253,CUST0082,2025-11-19,debit,groceries,1290,Groceries
TXN007254,CUST0082,2025-11-12,debit,utilities,330,Electricity and water
TXN007255,CUST0082,2025-11-17,debit,transport,350,Fuel and commute
TXN007256,CUST0082,2025-11-25,debit,dining_entertainment,800,Dining and entertainment
TXN007257,CUST0082,2025-11-10,debit,sip_investment,1300,Mutual fund SIP
TXN007258,CUST0082,2025-12-02,credit,business_income,9500,Business receipt
TXN007259,CUST0082,2025-12-05,debit,rent,1940,House rent
TXN007260,CUST0082,2025-12-08,debit,groceries,920,Groceries
TXN007261,CUST0082,2025-12-12,debit,utilities,320,Electricity and water
TXN007262,CUST0082,2025-12-12,debit,transport,590,Fuel and commute
TXN007263,CUST0082,2025-12-17,debit,dining_entertainment,790,Dining and entertainment
TXN007264,CUST0082,2025-12-10,debit,sip_investment,1300,Mutual fund SIP
TXN007265,CUST0082,2025-12-15,debit,school_fees,4820,School fees
TXN007266,CUST0082,2026-01-01,credit,business_income,10700,Business receipt
TXN007267,CUST0082,2026-01-05,debit,rent,2020,House rent
TXN007268,CUST0082,2026-01-11,debit,groceries,1010,Groceries
TXN007269,CUST0082,2026-01-12,debit,utilities,480,Electricity and water
TXN007270,CUST0082,2026-01-22,debit,transport,430,Fuel and commute
TXN007271,CUST0082,2026-01-23,debit,dining_entertainment,670,Dining and entertainment
TXN007272,CUST0082,2026-01-10,debit,sip_investment,1300,Mutual fund SIP
TXN007273,CUST0082,2026-02-01,credit,business_income,9200,Business receipt
TXN007274,CUST0082,2026-02-05,debit,rent,2110,House rent
TXN007275,CUST0082,2026-02-12,debit,groceries,1020,Groceries
TXN007276,CUST0082,2026-02-12,debit,utilities,440,Electricity and water
TXN007277,CUST0082,2026-02-12,debit,transport,740,Fuel and commute
TXN007278,CUST0082,2026-02-22,debit,dining_entertainment,830,Dining and entertainment
TXN007279,CUST0082,2026-02-10,debit,sip_investment,1300,Mutual fund SIP
TXN007280,CUST0082,2026-02-18,debit,insurance_premium,7950,Insurance premium
TXN007281,CUST0082,2026-03-03,credit,business_income,6600,Business receipt
TXN007282,CUST0082,2026-03-05,debit,rent,1970,House rent
TXN007283,CUST0082,2026-03-13,debit,groceries,1010,Groceries
TXN007284,CUST0082,2026-03-12,debit,utilities,430,Electricity and water
TXN007285,CUST0082,2026-03-14,debit,transport,400,Fuel and commute
TXN007286,CUST0082,2026-03-26,debit,dining_entertainment,590,Dining and entertainment
TXN007287,CUST0082,2026-03-10,debit,sip_investment,1300,Mutual fund SIP
TXN007288,CUST0082,2026-03-15,debit,school_fees,4190,School fees
TXN007289,CUST0082,2026-03-13,debit,shopping,730,Online shopping
TXN007290,CUST0082,2026-04-01,credit,business_income,9300,Business receipt
TXN007291,CUST0082,2026-04-05,debit,rent,1900,House rent
TXN007292,CUST0082,2026-04-16,debit,groceries,860,Groceries
TXN007293,CUST0082,2026-04-12,debit,utilities,450,Electricity and water
TXN007294,CUST0082,2026-04-18,debit,transport,490,Fuel and commute
TXN007295,CUST0082,2026-04-19,debit,dining_entertainment,930,Dining and entertainment
TXN007296,CUST0082,2026-04-10,debit,sip_investment,1300,Mutual fund SIP
TXN007297,CUST0082,2026-05-02,credit,business_income,9500,Business receipt
TXN007298,CUST0082,2026-05-05,debit,rent,2010,House rent
TXN007299,CUST0082,2026-05-06,debit,groceries,1090,Groceries
TXN007300,CUST0082,2026-05-12,debit,utilities,420,Electricity and water
TXN007301,CUST0082,2026-05-15,debit,transport,400,Fuel and commute
TXN007302,CUST0082,2026-05-18,debit,dining_entertainment,870,Dining and entertainment
TXN007303,CUST0082,2026-05-10,debit,sip_investment,1300,Mutual fund SIP
TXN007304,CUST0082,2026-06-03,credit,business_income,6800,Business receipt
TXN007305,CUST0082,2026-06-05,debit,rent,1900,House rent
TXN007306,CUST0082,2026-06-09,debit,groceries,1100,Groceries
TXN007307,CUST0082,2026-06-12,debit,utilities,280,Electricity and water
TXN007308,CUST0082,2026-06-19,debit,transport,680,Fuel and commute
TXN007309,CUST0082,2026-06-15,debit,dining_entertainment,510,Dining and entertainment
TXN007310,CUST0082,2026-06-10,debit,sip_investment,1300,Mutual fund SIP
TXN007311,CUST0082,2026-06-15,debit,school_fees,6030,School fees
TXN007312,CUST0082,2026-07-02,credit,business_income,8800,Business receipt
TXN007313,CUST0082,2026-07-05,debit,rent,2050,House rent
TXN007314,CUST0082,2026-07-09,debit,groceries,1240,Groceries
TXN007315,CUST0082,2026-07-12,debit,utilities,470,Electricity and water
TXN007316,CUST0082,2026-07-13,debit,transport,410,Fuel and commute
TXN007317,CUST0082,2026-07-13,debit,dining_entertainment,610,Dining and entertainment
TXN007318,CUST0082,2026-07-10,debit,sip_investment,1300,Mutual fund SIP
TXN007319,CUST0082,2026-08-01,credit,business_income,10500,Business receipt
TXN007320,CUST0082,2026-08-05,debit,rent,1950,House rent
TXN007321,CUST0082,2026-08-20,debit,groceries,950,Groceries
TXN007322,CUST0082,2026-08-12,debit,utilities,370,Electricity and water
TXN007323,CUST0082,2026-08-20,debit,transport,720,Fuel and commute
TXN007324,CUST0082,2026-08-26,debit,dining_entertainment,630,Dining and entertainment
TXN007325,CUST0082,2026-08-10,debit,sip_investment,1300,Mutual fund SIP
TXN007326,CUST0083,2025-09-03,credit,salary,13400,Monthly credit
TXN007327,CUST0083,2025-09-05,debit,maintenance,380,Society maintenance
TXN007328,CUST0083,2025-09-14,debit,groceries,1410,Groceries
TXN007329,CUST0083,2025-09-12,debit,utilities,440,Electricity and water
TXN007330,CUST0083,2025-09-21,debit,transport,1010,Fuel and commute
TXN007331,CUST0083,2025-09-23,debit,dining_entertainment,990,Dining and entertainment
TXN007332,CUST0083,2025-10-01,credit,salary,13400,Monthly credit
TXN007333,CUST0083,2025-10-05,debit,maintenance,420,Society maintenance
TXN007334,CUST0083,2025-10-18,debit,groceries,1910,Groceries
TXN007335,CUST0083,2025-10-12,debit,utilities,670,Electricity and water
TXN007336,CUST0083,2025-10-17,debit,transport,1080,Fuel and commute
TXN007337,CUST0083,2025-10-17,debit,dining_entertainment,650,Dining and entertainment
TXN007338,CUST0083,2025-10-19,debit,shopping,1210,Online shopping
TXN007339,CUST0083,2025-10-28,credit,interest_payout,300,Deposit interest payout
TXN007340,CUST0083,2025-11-02,credit,salary,13500,Monthly credit
TXN007341,CUST0083,2025-11-05,debit,maintenance,410,Society maintenance
TXN007342,CUST0083,2025-11-09,debit,groceries,1360,Groceries
TXN007343,CUST0083,2025-11-12,debit,utilities,610,Electricity and water
TXN007344,CUST0083,2025-11-17,debit,transport,1000,Fuel and commute
TXN007345,CUST0083,2025-11-09,debit,dining_entertainment,900,Dining and entertainment
TXN007346,CUST0083,2025-11-28,credit,interest_payout,310,Deposit interest payout
TXN007347,CUST0083,2025-12-01,credit,salary,13300,Monthly credit
TXN007348,CUST0083,2025-12-05,debit,maintenance,370,Society maintenance
TXN007349,CUST0083,2025-12-07,debit,groceries,1510,Groceries
TXN007350,CUST0083,2025-12-12,debit,utilities,480,Electricity and water
TXN007351,CUST0083,2025-12-16,debit,transport,650,Fuel and commute
TXN007352,CUST0083,2025-12-23,debit,dining_entertainment,1430,Dining and entertainment
TXN007353,CUST0083,2025-12-28,credit,interest_payout,690,Deposit interest payout
TXN007354,CUST0083,2026-01-02,credit,salary,13300,Monthly credit
TXN007355,CUST0083,2026-01-05,debit,maintenance,320,Society maintenance
TXN007356,CUST0083,2026-01-10,debit,groceries,2100,Groceries
TXN007357,CUST0083,2026-01-12,debit,utilities,780,Electricity and water
TXN007358,CUST0083,2026-01-13,debit,transport,630,Fuel and commute
TXN007359,CUST0083,2026-01-10,debit,dining_entertainment,910,Dining and entertainment
TXN007360,CUST0083,2026-01-16,debit,medical,2330,Medical expenses
TXN007361,CUST0083,2026-01-28,credit,interest_payout,800,Deposit interest payout
TXN007362,CUST0083,2026-02-03,credit,salary,13500,Monthly credit
TXN007363,CUST0083,2026-02-05,debit,maintenance,390,Society maintenance
TXN007364,CUST0083,2026-02-17,debit,groceries,1260,Groceries
TXN007365,CUST0083,2026-02-12,debit,utilities,730,Electricity and water
TXN007366,CUST0083,2026-02-10,debit,transport,1040,Fuel and commute
TXN007367,CUST0083,2026-02-12,debit,dining_entertainment,900,Dining and entertainment
TXN007368,CUST0083,2026-02-18,debit,insurance_premium,9540,Insurance premium
TXN007369,CUST0083,2026-02-28,credit,interest_payout,480,Deposit interest payout
TXN007370,CUST0083,2026-03-02,credit,salary,13600,Monthly credit
TXN007371,CUST0083,2026-03-05,debit,maintenance,410,Society maintenance
TXN007372,CUST0083,2026-03-18,debit,groceries,2060,Groceries
TXN007373,CUST0083,2026-03-12,debit,utilities,570,Electricity and water
TXN007374,CUST0083,2026-03-20,debit,transport,570,Fuel and commute
TXN007375,CUST0083,2026-03-26,debit,dining_entertainment,1470,Dining and entertainment
TXN007376,CUST0083,2026-03-28,credit,interest_payout,500,Deposit interest payout
TXN007377,CUST0083,2026-04-01,credit,salary,13300,Monthly credit
TXN007378,CUST0083,2026-04-05,debit,maintenance,340,Society maintenance
TXN007379,CUST0083,2026-04-14,debit,groceries,1870,Groceries
TXN007380,CUST0083,2026-04-12,debit,utilities,530,Electricity and water
TXN007381,CUST0083,2026-04-18,debit,transport,1030,Fuel and commute
TXN007382,CUST0083,2026-04-18,debit,dining_entertainment,1160,Dining and entertainment
TXN007383,CUST0083,2026-04-28,credit,interest_payout,730,Deposit interest payout
TXN007384,CUST0083,2026-05-03,credit,salary,13500,Monthly credit
TXN007385,CUST0083,2026-05-05,debit,maintenance,360,Society maintenance
TXN007386,CUST0083,2026-05-10,debit,groceries,1670,Groceries
TXN007387,CUST0083,2026-05-12,debit,utilities,780,Electricity and water
TXN007388,CUST0083,2026-05-12,debit,transport,1140,Fuel and commute
TXN007389,CUST0083,2026-05-21,debit,dining_entertainment,1420,Dining and entertainment
TXN007390,CUST0083,2026-05-03,debit,shopping,1520,Online shopping
TXN007391,CUST0083,2026-05-28,credit,interest_payout,290,Deposit interest payout
TXN007392,CUST0083,2026-06-02,credit,salary,13500,Monthly credit
TXN007393,CUST0083,2026-06-05,debit,maintenance,420,Society maintenance
TXN007394,CUST0083,2026-06-20,debit,groceries,1750,Groceries
TXN007395,CUST0083,2026-06-12,debit,utilities,490,Electricity and water
TXN007396,CUST0083,2026-06-14,debit,transport,1170,Fuel and commute
TXN007397,CUST0083,2026-06-11,debit,dining_entertainment,1260,Dining and entertainment
TXN007398,CUST0083,2026-06-28,credit,interest_payout,270,Deposit interest payout
TXN007399,CUST0083,2026-07-01,credit,salary,13300,Monthly credit
TXN007400,CUST0083,2026-07-05,debit,maintenance,400,Society maintenance
TXN007401,CUST0083,2026-07-12,debit,groceries,1800,Groceries
TXN007402,CUST0083,2026-07-12,debit,utilities,620,Electricity and water
TXN007403,CUST0083,2026-07-13,debit,transport,650,Fuel and commute
TXN007404,CUST0083,2026-07-17,debit,dining_entertainment,910,Dining and entertainment
TXN007405,CUST0083,2026-07-28,credit,interest_payout,580,Deposit interest payout
TXN007406,CUST0083,2026-08-02,credit,salary,13600,Monthly credit
TXN007407,CUST0083,2026-08-05,debit,maintenance,340,Society maintenance
TXN007408,CUST0083,2026-08-17,debit,groceries,2110,Groceries
TXN007409,CUST0083,2026-08-12,debit,utilities,800,Electricity and water
TXN007410,CUST0083,2026-08-24,debit,transport,680,Fuel and commute
TXN007411,CUST0083,2026-08-22,debit,dining_entertainment,1510,Dining and entertainment
TXN007412,CUST0083,2026-08-28,credit,interest_payout,660,Deposit interest payout
TXN007413,CUST0084,2025-09-02,credit,salary,13500,Monthly credit
TXN007414,CUST0084,2025-09-05,debit,maintenance,370,Society maintenance
TXN007415,CUST0084,2025-09-07,debit,groceries,2150,Groceries
TXN007416,CUST0084,2025-09-12,debit,utilities,620,Electricity and water
TXN007417,CUST0084,2025-09-15,debit,transport,1100,Fuel and commute
TXN007418,CUST0084,2025-09-11,debit,dining_entertainment,1360,Dining and entertainment
TXN007419,CUST0084,2025-09-15,debit,school_fees,21130,School fees
TXN007420,CUST0084,2025-09-07,debit,shopping,660,Online shopping
TXN007421,CUST0084,2025-10-03,credit,salary,13900,Monthly credit
TXN007422,CUST0084,2025-10-05,debit,maintenance,330,Society maintenance
TXN007423,CUST0084,2025-10-07,debit,groceries,1530,Groceries
TXN007424,CUST0084,2025-10-12,debit,utilities,430,Electricity and water
TXN007425,CUST0084,2025-10-12,debit,transport,1050,Fuel and commute
TXN007426,CUST0084,2025-10-21,debit,dining_entertainment,1170,Dining and entertainment
TXN007427,CUST0084,2025-10-17,debit,shopping,1300,Online shopping
TXN007428,CUST0084,2025-11-03,credit,salary,13600,Monthly credit
TXN007429,CUST0084,2025-11-05,debit,maintenance,350,Society maintenance
TXN007430,CUST0084,2025-11-14,debit,groceries,1690,Groceries
TXN007431,CUST0084,2025-11-12,debit,utilities,700,Electricity and water
TXN007432,CUST0084,2025-11-15,debit,transport,1000,Fuel and commute
TXN007433,CUST0084,2025-11-19,debit,dining_entertainment,1430,Dining and entertainment
TXN007434,CUST0084,2025-12-02,credit,salary,13800,Monthly credit
TXN007435,CUST0084,2025-12-05,debit,maintenance,420,Society maintenance
TXN007436,CUST0084,2025-12-08,debit,groceries,1490,Groceries
TXN007437,CUST0084,2025-12-12,debit,utilities,560,Electricity and water
TXN007438,CUST0084,2025-12-11,debit,transport,1140,Fuel and commute
TXN007439,CUST0084,2025-12-10,debit,dining_entertainment,980,Dining and entertainment
TXN007440,CUST0084,2025-12-15,debit,school_fees,18020,School fees
TXN007441,CUST0084,2026-01-03,credit,salary,13700,Monthly credit
TXN007442,CUST0084,2026-01-05,debit,maintenance,420,Society maintenance
TXN007443,CUST0084,2026-01-12,debit,groceries,1930,Groceries
TXN007444,CUST0084,2026-01-12,debit,utilities,430,Electricity and water
TXN007445,CUST0084,2026-01-24,debit,transport,1140,Fuel and commute
TXN007446,CUST0084,2026-01-23,debit,dining_entertainment,1610,Dining and entertainment
TXN007447,CUST0084,2026-02-02,credit,salary,13500,Monthly credit
TXN007448,CUST0084,2026-02-05,debit,maintenance,450,Society maintenance
TXN007449,CUST0084,2026-02-20,debit,groceries,1930,Groceries
TXN007450,CUST0084,2026-02-12,debit,utilities,640,Electricity and water
TXN007451,CUST0084,2026-02-15,debit,transport,950,Fuel and commute
TXN007452,CUST0084,2026-02-08,debit,dining_entertainment,1600,Dining and entertainment
TXN007453,CUST0084,2026-02-21,debit,shopping,1120,Online shopping
TXN007454,CUST0084,2026-03-01,credit,salary,13900,Monthly credit
TXN007455,CUST0084,2026-03-05,debit,maintenance,450,Society maintenance
TXN007456,CUST0084,2026-03-07,debit,groceries,2080,Groceries
TXN007457,CUST0084,2026-03-12,debit,utilities,710,Electricity and water
TXN007458,CUST0084,2026-03-12,debit,transport,1090,Fuel and commute
TXN007459,CUST0084,2026-03-15,debit,dining_entertainment,1290,Dining and entertainment
TXN007460,CUST0084,2026-03-15,debit,school_fees,18600,School fees
TXN007461,CUST0084,2026-04-02,credit,salary,13600,Monthly credit
TXN007462,CUST0084,2026-04-05,debit,maintenance,440,Society maintenance
TXN007463,CUST0084,2026-04-15,debit,groceries,1470,Groceries
TXN007464,CUST0084,2026-04-12,debit,utilities,760,Electricity and water
TXN007465,CUST0084,2026-04-20,debit,transport,920,Fuel and commute
TXN007466,CUST0084,2026-04-17,debit,dining_entertainment,1210,Dining and entertainment
TXN007467,CUST0084,2026-04-17,debit,shopping,1300,Online shopping
TXN007468,CUST0084,2026-05-02,credit,salary,13800,Monthly credit
TXN007469,CUST0084,2026-05-05,debit,maintenance,360,Society maintenance
TXN007470,CUST0084,2026-05-10,debit,groceries,2010,Groceries
TXN007471,CUST0084,2026-05-12,debit,utilities,510,Electricity and water
TXN007472,CUST0084,2026-05-20,debit,transport,560,Fuel and commute
TXN007473,CUST0084,2026-05-16,debit,dining_entertainment,910,Dining and entertainment
TXN007474,CUST0084,2026-06-03,credit,salary,13700,Monthly credit
TXN007475,CUST0084,2026-06-05,debit,maintenance,440,Society maintenance
TXN007476,CUST0084,2026-06-13,debit,groceries,1410,Groceries
TXN007477,CUST0084,2026-06-12,debit,utilities,660,Electricity and water
TXN007478,CUST0084,2026-06-24,debit,transport,1130,Fuel and commute
TXN007479,CUST0084,2026-06-26,debit,dining_entertainment,660,Dining and entertainment
TXN007480,CUST0084,2026-06-15,debit,school_fees,13390,School fees
TXN007481,CUST0084,2026-06-22,debit,shopping,710,Online shopping
TXN007482,CUST0084,2026-07-03,credit,salary,13700,Monthly credit
TXN007483,CUST0084,2026-07-05,debit,maintenance,480,Society maintenance
TXN007484,CUST0084,2026-07-09,debit,groceries,1920,Groceries
TXN007485,CUST0084,2026-07-12,debit,utilities,610,Electricity and water
TXN007486,CUST0084,2026-07-20,debit,transport,1160,Fuel and commute
TXN007487,CUST0084,2026-07-25,debit,dining_entertainment,790,Dining and entertainment
TXN007488,CUST0084,2026-08-01,credit,salary,13500,Monthly credit
TXN007489,CUST0084,2026-08-05,debit,maintenance,460,Society maintenance
TXN007490,CUST0084,2026-08-07,debit,groceries,1960,Groceries
TXN007491,CUST0084,2026-08-12,debit,utilities,460,Electricity and water
TXN007492,CUST0084,2026-08-11,debit,transport,800,Fuel and commute
TXN007493,CUST0084,2026-08-13,debit,dining_entertainment,1200,Dining and entertainment
TXN007494,CUST0084,2026-08-18,debit,insurance_premium,7340,Insurance premium
TXN007495,CUST0084,2026-08-17,debit,medical,4340,Medical expenses
TXN007496,CUST0085,2025-09-02,credit,salary,5500,Monthly credit
TXN007497,CUST0085,2025-09-05,debit,rent,930,House rent
TXN007498,CUST0085,2025-09-17,debit,groceries,570,Groceries
TXN007499,CUST0085,2025-09-12,debit,utilities,280,Electricity and water
TXN007500,CUST0085,2025-09-21,debit,transport,460,Fuel and commute
TXN007501,CUST0085,2025-09-25,debit,dining_entertainment,580,Dining and entertainment
TXN007502,CUST0085,2025-09-07,debit,emi,1360,Loan EMI
TXN007503,CUST0085,2025-10-01,credit,salary,5500,Monthly credit
TXN007504,CUST0085,2025-10-05,debit,rent,910,House rent
TXN007505,CUST0085,2025-10-10,debit,groceries,600,Groceries
TXN007506,CUST0085,2025-10-12,debit,utilities,200,Electricity and water
TXN007507,CUST0085,2025-10-12,debit,transport,320,Fuel and commute
TXN007508,CUST0085,2025-10-26,debit,dining_entertainment,1020,Dining and entertainment
TXN007509,CUST0085,2025-10-07,debit,emi,1360,Loan EMI
TXN007510,CUST0085,2025-11-01,credit,salary,5500,Monthly credit
TXN007511,CUST0085,2025-11-05,debit,rent,1040,House rent
TXN007512,CUST0085,2025-11-20,debit,groceries,710,Groceries
TXN007513,CUST0085,2025-11-12,debit,utilities,300,Electricity and water
TXN007514,CUST0085,2025-11-14,debit,transport,220,Fuel and commute
TXN007515,CUST0085,2025-11-13,debit,dining_entertainment,900,Dining and entertainment
TXN007516,CUST0085,2025-11-07,debit,emi,1370,Loan EMI
TXN007517,CUST0085,2025-12-01,credit,salary,5400,Monthly credit
TXN007518,CUST0085,2025-12-05,debit,rent,880,House rent
TXN007519,CUST0085,2025-12-10,debit,groceries,570,Groceries
TXN007520,CUST0085,2025-12-12,debit,utilities,270,Electricity and water
TXN007521,CUST0085,2025-12-16,debit,transport,420,Fuel and commute
TXN007522,CUST0085,2025-12-14,debit,dining_entertainment,500,Dining and entertainment
TXN007523,CUST0085,2025-12-07,debit,emi,1370,Loan EMI
TXN007524,CUST0085,2026-01-03,credit,salary,5400,Monthly credit
TXN007525,CUST0085,2026-01-05,debit,rent,980,House rent
TXN007526,CUST0085,2026-01-07,debit,groceries,530,Groceries
TXN007527,CUST0085,2026-01-12,debit,utilities,180,Electricity and water
TXN007528,CUST0085,2026-01-14,debit,transport,230,Fuel and commute
TXN007529,CUST0085,2026-01-11,debit,dining_entertainment,960,Dining and entertainment
TXN007530,CUST0085,2026-01-07,debit,emi,1350,Loan EMI
TXN007531,CUST0085,2026-02-02,credit,salary,5500,Monthly credit
TXN007532,CUST0085,2026-02-05,debit,rent,950,House rent
TXN007533,CUST0085,2026-02-08,debit,groceries,780,Groceries
TXN007534,CUST0085,2026-02-12,debit,utilities,170,Electricity and water
TXN007535,CUST0085,2026-02-12,debit,transport,380,Fuel and commute
TXN007536,CUST0085,2026-02-20,debit,dining_entertainment,540,Dining and entertainment
TXN007537,CUST0085,2026-02-07,debit,emi,1360,Loan EMI
TXN007538,CUST0085,2026-02-26,debit,shopping,220,Online shopping
TXN007539,CUST0085,2026-03-01,credit,salary,5300,Monthly credit
TXN007540,CUST0085,2026-03-05,debit,rent,1010,House rent
TXN007541,CUST0085,2026-03-20,debit,groceries,740,Groceries
TXN007542,CUST0085,2026-03-12,debit,utilities,250,Electricity and water
TXN007543,CUST0085,2026-03-17,debit,transport,340,Fuel and commute
TXN007544,CUST0085,2026-03-14,debit,dining_entertainment,590,Dining and entertainment
TXN007545,CUST0085,2026-03-07,debit,emi,1350,Loan EMI
TXN007546,CUST0085,2026-04-03,credit,salary,5400,Monthly credit
TXN007547,CUST0085,2026-04-05,debit,rent,870,House rent
TXN007548,CUST0085,2026-04-16,debit,groceries,560,Groceries
TXN007549,CUST0085,2026-04-12,debit,utilities,300,Electricity and water
TXN007550,CUST0085,2026-04-13,debit,transport,440,Fuel and commute
TXN007551,CUST0085,2026-04-17,debit,dining_entertainment,560,Dining and entertainment
TXN007552,CUST0085,2026-04-07,debit,emi,1350,Loan EMI
TXN007553,CUST0085,2026-04-15,debit,shopping,440,Online shopping
TXN007554,CUST0085,2026-05-01,credit,salary,5500,Monthly credit
TXN007555,CUST0085,2026-05-05,debit,rent,1040,House rent
TXN007556,CUST0085,2026-05-15,debit,groceries,820,Groceries
TXN007557,CUST0085,2026-05-12,debit,utilities,270,Electricity and water
TXN007558,CUST0085,2026-05-14,debit,transport,490,Fuel and commute
TXN007559,CUST0085,2026-05-20,debit,dining_entertainment,870,Dining and entertainment
TXN007560,CUST0085,2026-05-07,debit,emi,1350,Loan EMI
TXN007561,CUST0085,2026-05-18,debit,insurance_premium,6900,Insurance premium
TXN007562,CUST0085,2026-06-02,credit,salary,5400,Monthly credit
TXN007563,CUST0085,2026-06-05,debit,rent,1010,House rent
TXN007564,CUST0085,2026-06-07,debit,groceries,810,Groceries
TXN007565,CUST0085,2026-06-12,debit,utilities,290,Electricity and water
TXN007566,CUST0085,2026-06-10,debit,transport,420,Fuel and commute
TXN007567,CUST0085,2026-06-14,debit,dining_entertainment,1020,Dining and entertainment
TXN007568,CUST0085,2026-06-07,debit,emi,1370,Loan EMI
TXN007569,CUST0085,2026-07-03,credit,salary,5500,Monthly credit
TXN007570,CUST0085,2026-07-05,debit,rent,960,House rent
TXN007571,CUST0085,2026-07-07,debit,groceries,500,Groceries
TXN007572,CUST0085,2026-07-12,debit,utilities,200,Electricity and water
TXN007573,CUST0085,2026-07-14,debit,transport,340,Fuel and commute
TXN007574,CUST0085,2026-07-21,debit,dining_entertainment,650,Dining and entertainment
TXN007575,CUST0085,2026-07-07,debit,emi,1370,Loan EMI
TXN007576,CUST0085,2026-08-01,credit,salary,5400,Monthly credit
TXN007577,CUST0085,2026-08-05,debit,rent,910,House rent
TXN007578,CUST0085,2026-08-07,debit,groceries,500,Groceries
TXN007579,CUST0085,2026-08-12,debit,utilities,310,Electricity and water
TXN007580,CUST0085,2026-08-10,debit,transport,430,Fuel and commute
TXN007581,CUST0085,2026-08-23,debit,dining_entertainment,550,Dining and entertainment
TXN007582,CUST0085,2026-08-07,debit,emi,1370,Loan EMI
TXN007583,CUST0086,2025-09-03,credit,business_income,29100,Business receipt
TXN007584,CUST0086,2025-09-05,debit,maintenance,730,Society maintenance
TXN007585,CUST0086,2025-09-07,debit,groceries,4150,Groceries
TXN007586,CUST0086,2025-09-12,debit,utilities,1270,Electricity and water
TXN007587,CUST0086,2025-09-10,debit,transport,2450,Fuel and commute
TXN007588,CUST0086,2025-09-12,debit,dining_entertainment,2290,Dining and entertainment
TXN007589,CUST0086,2025-09-10,debit,sip_investment,4400,Mutual fund SIP
TXN007590,CUST0086,2025-09-18,debit,insurance_premium,18150,Insurance premium
TXN007591,CUST0086,2025-09-15,debit,school_fees,15990,School fees
TXN007592,CUST0086,2025-09-28,credit,interest_payout,900,Deposit interest payout
TXN007593,CUST0086,2025-10-03,credit,business_income,30000,Business receipt
TXN007594,CUST0086,2025-10-05,debit,maintenance,930,Society maintenance
TXN007595,CUST0086,2025-10-17,debit,groceries,2670,Groceries
TXN007596,CUST0086,2025-10-12,debit,utilities,1510,Electricity and water
TXN007597,CUST0086,2025-10-17,debit,transport,1600,Fuel and commute
TXN007598,CUST0086,2025-10-08,debit,dining_entertainment,1540,Dining and entertainment
TXN007599,CUST0086,2025-10-10,debit,sip_investment,4400,Mutual fund SIP
TXN007600,CUST0086,2025-10-28,credit,interest_payout,1170,Deposit interest payout
TXN007601,CUST0086,2025-11-03,credit,business_income,30000,Business receipt
TXN007602,CUST0086,2025-11-05,debit,maintenance,870,Society maintenance
TXN007603,CUST0086,2025-11-18,debit,groceries,3530,Groceries
TXN007604,CUST0086,2025-11-12,debit,utilities,1160,Electricity and water
TXN007605,CUST0086,2025-11-24,debit,transport,1270,Fuel and commute
TXN007606,CUST0086,2025-11-19,debit,dining_entertainment,2670,Dining and entertainment
TXN007607,CUST0086,2025-11-10,debit,sip_investment,4400,Mutual fund SIP
TXN007608,CUST0086,2025-11-28,credit,interest_payout,880,Deposit interest payout
TXN007609,CUST0086,2025-12-01,credit,business_income,29500,Business receipt
TXN007610,CUST0086,2025-12-05,debit,maintenance,750,Society maintenance
TXN007611,CUST0086,2025-12-13,debit,groceries,4340,Groceries
TXN007612,CUST0086,2025-12-12,debit,utilities,1270,Electricity and water
TXN007613,CUST0086,2025-12-11,debit,transport,1340,Fuel and commute
TXN007614,CUST0086,2025-12-24,debit,dining_entertainment,3050,Dining and entertainment
TXN007615,CUST0086,2025-12-10,debit,sip_investment,4400,Mutual fund SIP
TXN007616,CUST0086,2025-12-15,debit,school_fees,13640,School fees
TXN007617,CUST0086,2025-12-28,credit,interest_payout,1070,Deposit interest payout
TXN007618,CUST0086,2026-01-02,credit,business_income,29200,Business receipt
TXN007619,CUST0086,2026-01-05,debit,maintenance,850,Society maintenance
TXN007620,CUST0086,2026-01-07,debit,groceries,4240,Groceries
TXN007621,CUST0086,2026-01-12,debit,utilities,1320,Electricity and water
TXN007622,CUST0086,2026-01-11,debit,transport,1810,Fuel and commute
TXN007623,CUST0086,2026-01-24,debit,dining_entertainment,2570,Dining and entertainment
TXN007624,CUST0086,2026-01-10,debit,sip_investment,4400,Mutual fund SIP
TXN007625,CUST0086,2026-01-28,credit,interest_payout,710,Deposit interest payout
TXN007626,CUST0086,2026-02-03,credit,business_income,29600,Business receipt
TXN007627,CUST0086,2026-02-05,debit,maintenance,740,Society maintenance
TXN007628,CUST0086,2026-02-06,debit,groceries,3370,Groceries
TXN007629,CUST0086,2026-02-12,debit,utilities,1290,Electricity and water
TXN007630,CUST0086,2026-02-11,debit,transport,1470,Fuel and commute
TXN007631,CUST0086,2026-02-11,debit,dining_entertainment,2290,Dining and entertainment
TXN007632,CUST0086,2026-02-10,debit,sip_investment,4400,Mutual fund SIP
TXN007633,CUST0086,2026-02-28,credit,interest_payout,680,Deposit interest payout
TXN007634,CUST0086,2026-03-02,credit,business_income,29000,Business receipt
TXN007635,CUST0086,2026-03-05,debit,maintenance,830,Society maintenance
TXN007636,CUST0086,2026-03-10,debit,groceries,3760,Groceries
TXN007637,CUST0086,2026-03-12,debit,utilities,1320,Electricity and water
TXN007638,CUST0086,2026-03-22,debit,transport,1470,Fuel and commute
TXN007639,CUST0086,2026-03-14,debit,dining_entertainment,1790,Dining and entertainment
TXN007640,CUST0086,2026-03-10,debit,sip_investment,4400,Mutual fund SIP
TXN007641,CUST0086,2026-03-15,debit,school_fees,12190,School fees
TXN007642,CUST0086,2026-03-19,debit,shopping,2300,Online shopping
TXN007643,CUST0086,2026-03-28,credit,interest_payout,1120,Deposit interest payout
TXN007644,CUST0086,2026-04-03,credit,business_income,29800,Business receipt
TXN007645,CUST0086,2026-04-05,debit,maintenance,800,Society maintenance
TXN007646,CUST0086,2026-04-07,debit,groceries,2720,Groceries
TXN007647,CUST0086,2026-04-12,debit,utilities,1380,Electricity and water
TXN007648,CUST0086,2026-04-16,debit,transport,1670,Fuel and commute
TXN007649,CUST0086,2026-04-13,debit,dining_entertainment,2710,Dining and entertainment
TXN007650,CUST0086,2026-04-10,debit,sip_investment,4400,Mutual fund SIP
TXN007651,CUST0086,2026-04-28,credit,interest_payout,890,Deposit interest payout
TXN007652,CUST0086,2026-05-02,credit,business_income,29500,Business receipt
TXN007653,CUST0086,2026-05-05,debit,maintenance,860,Society maintenance
TXN007654,CUST0086,2026-05-11,debit,groceries,2970,Groceries
TXN007655,CUST0086,2026-05-12,debit,utilities,1400,Electricity and water
TXN007656,CUST0086,2026-05-14,debit,transport,1950,Fuel and commute
TXN007657,CUST0086,2026-05-23,debit,dining_entertainment,2900,Dining and entertainment
TXN007658,CUST0086,2026-05-10,debit,sip_investment,4400,Mutual fund SIP
TXN007659,CUST0086,2026-05-10,debit,medical,2070,Medical expenses
TXN007660,CUST0086,2026-05-28,credit,interest_payout,950,Deposit interest payout
TXN007661,CUST0086,2026-06-03,credit,business_income,29300,Business receipt
TXN007662,CUST0086,2026-06-05,debit,maintenance,710,Society maintenance
TXN007663,CUST0086,2026-06-07,debit,groceries,2800,Groceries
TXN007664,CUST0086,2026-06-12,debit,utilities,930,Electricity and water
TXN007665,CUST0086,2026-06-24,debit,transport,2050,Fuel and commute
TXN007666,CUST0086,2026-06-16,debit,dining_entertainment,1680,Dining and entertainment
TXN007667,CUST0086,2026-06-10,debit,sip_investment,4400,Mutual fund SIP
TXN007668,CUST0086,2026-06-15,debit,school_fees,12380,School fees
TXN007669,CUST0086,2026-06-28,credit,interest_payout,1500,Deposit interest payout
TXN007670,CUST0086,2026-07-03,credit,business_income,29600,Business receipt
TXN007671,CUST0086,2026-07-05,debit,maintenance,900,Society maintenance
TXN007672,CUST0086,2026-07-17,debit,groceries,4110,Groceries
TXN007673,CUST0086,2026-07-12,debit,utilities,1440,Electricity and water
TXN007674,CUST0086,2026-07-10,debit,transport,1580,Fuel and commute
TXN007675,CUST0086,2026-07-10,debit,dining_entertainment,2090,Dining and entertainment
TXN007676,CUST0086,2026-07-10,debit,sip_investment,4400,Mutual fund SIP
TXN007677,CUST0086,2026-07-22,debit,shopping,1560,Online shopping
TXN007678,CUST0086,2026-07-28,credit,interest_payout,1540,Deposit interest payout
TXN007679,CUST0086,2026-08-03,credit,business_income,29300,Business receipt
TXN007680,CUST0086,2026-08-05,debit,maintenance,1000,Society maintenance
TXN007681,CUST0086,2026-08-12,debit,groceries,4580,Groceries
TXN007682,CUST0086,2026-08-12,debit,utilities,1580,Electricity and water
TXN007683,CUST0086,2026-08-25,debit,transport,1960,Fuel and commute
TXN007684,CUST0086,2026-08-10,debit,dining_entertainment,2780,Dining and entertainment
TXN007685,CUST0086,2026-08-10,debit,sip_investment,4400,Mutual fund SIP
TXN007686,CUST0086,2026-08-28,credit,interest_payout,1550,Deposit interest payout
TXN007687,CUST0087,2025-09-01,credit,business_income,12100,Business receipt
TXN007688,CUST0087,2025-09-05,debit,rent,2090,House rent
TXN007689,CUST0087,2025-09-06,debit,groceries,1200,Groceries
TXN007690,CUST0087,2025-09-12,debit,utilities,430,Electricity and water
TXN007691,CUST0087,2025-09-17,debit,transport,660,Fuel and commute
TXN007692,CUST0087,2025-09-13,debit,dining_entertainment,630,Dining and entertainment
TXN007693,CUST0087,2025-09-07,debit,emi,2010,Loan EMI
TXN007694,CUST0087,2025-09-10,debit,sip_investment,1500,Mutual fund SIP
TXN007695,CUST0087,2025-09-15,debit,school_fees,6020,School fees
TXN007696,CUST0087,2025-10-03,credit,business_income,9800,Business receipt
TXN007697,CUST0087,2025-10-05,debit,rent,2290,House rent
TXN007698,CUST0087,2025-10-20,debit,groceries,1270,Groceries
TXN007699,CUST0087,2025-10-12,debit,utilities,320,Electricity and water
TXN007700,CUST0087,2025-10-10,debit,transport,680,Fuel and commute
TXN007701,CUST0087,2025-10-16,debit,dining_entertainment,510,Dining and entertainment
TXN007702,CUST0087,2025-10-07,debit,emi,1990,Loan EMI
TXN007703,CUST0087,2025-10-10,debit,sip_investment,1500,Mutual fund SIP
TXN007704,CUST0087,2025-11-01,credit,business_income,10600,Business receipt
TXN007705,CUST0087,2025-11-05,debit,rent,2120,House rent
TXN007706,CUST0087,2025-11-13,debit,groceries,910,Groceries
TXN007707,CUST0087,2025-11-12,debit,utilities,530,Electricity and water
TXN007708,CUST0087,2025-11-15,debit,transport,650,Fuel and commute
TXN007709,CUST0087,2025-11-21,debit,dining_entertainment,540,Dining and entertainment
TXN007710,CUST0087,2025-11-07,debit,emi,1980,Loan EMI
TXN007711,CUST0087,2025-11-10,debit,sip_investment,1500,Mutual fund SIP
TXN007712,CUST0087,2025-12-03,credit,business_income,6900,Business receipt
TXN007713,CUST0087,2025-12-05,debit,rent,2300,House rent
TXN007714,CUST0087,2025-12-20,debit,groceries,940,Groceries
TXN007715,CUST0087,2025-12-12,debit,utilities,550,Electricity and water
TXN007716,CUST0087,2025-12-12,debit,transport,650,Fuel and commute
TXN007717,CUST0087,2025-12-26,debit,dining_entertainment,630,Dining and entertainment
TXN007718,CUST0087,2025-12-07,debit,emi,2000,Loan EMI
TXN007719,CUST0087,2025-12-10,debit,sip_investment,1500,Mutual fund SIP
TXN007720,CUST0087,2025-12-15,debit,school_fees,6350,School fees
TXN007721,CUST0087,2026-01-01,credit,business_income,12000,Business receipt
TXN007722,CUST0087,2026-01-05,debit,rent,2060,House rent
TXN007723,CUST0087,2026-01-06,debit,groceries,1180,Groceries
TXN007724,CUST0087,2026-01-12,debit,utilities,500,Electricity and water
TXN007725,CUST0087,2026-01-19,debit,transport,650,Fuel and commute
TXN007726,CUST0087,2026-01-24,debit,dining_entertainment,1110,Dining and entertainment
TXN007727,CUST0087,2026-01-07,debit,emi,1980,Loan EMI
TXN007728,CUST0087,2026-01-10,debit,sip_investment,1500,Mutual fund SIP
TXN007729,CUST0087,2026-01-15,debit,shopping,770,Online shopping
TXN007730,CUST0087,2026-02-02,credit,business_income,12000,Business receipt
TXN007731,CUST0087,2026-02-05,debit,rent,2260,House rent
TXN007732,CUST0087,2026-02-07,debit,groceries,980,Groceries
TXN007733,CUST0087,2026-02-12,debit,utilities,420,Electricity and water
TXN007734,CUST0087,2026-02-21,debit,transport,810,Fuel and commute
TXN007735,CUST0087,2026-02-15,debit,dining_entertainment,830,Dining and entertainment
TXN007736,CUST0087,2026-02-07,debit,emi,2000,Loan EMI
TXN007737,CUST0087,2026-02-10,debit,sip_investment,1500,Mutual fund SIP
TXN007738,CUST0087,2026-03-01,credit,business_income,9300,Business receipt
TXN007739,CUST0087,2026-03-05,debit,rent,2260,House rent
TXN007740,CUST0087,2026-03-06,debit,groceries,910,Groceries
TXN007741,CUST0087,2026-03-12,debit,utilities,360,Electricity and water
TXN007742,CUST0087,2026-03-25,debit,transport,410,Fuel and commute
TXN007743,CUST0087,2026-03-10,debit,dining_entertainment,690,Dining and entertainment
TXN007744,CUST0087,2026-03-07,debit,emi,2010,Loan EMI
TXN007745,CUST0087,2026-03-10,debit,sip_investment,1500,Mutual fund SIP
TXN007746,CUST0087,2026-03-18,debit,insurance_premium,6450,Insurance premium
TXN007747,CUST0087,2026-03-15,debit,school_fees,4820,School fees
TXN007748,CUST0087,2026-04-03,credit,business_income,9100,Business receipt
TXN007749,CUST0087,2026-04-05,debit,rent,2320,House rent
TXN007750,CUST0087,2026-04-14,debit,groceries,1510,Groceries
TXN007751,CUST0087,2026-04-12,debit,utilities,550,Electricity and water
TXN007752,CUST0087,2026-04-18,debit,transport,710,Fuel and commute
TXN007753,CUST0087,2026-04-21,debit,dining_entertainment,1020,Dining and entertainment
TXN007754,CUST0087,2026-04-07,debit,emi,2000,Loan EMI
TXN007755,CUST0087,2026-04-10,debit,sip_investment,1500,Mutual fund SIP
TXN007756,CUST0087,2026-05-03,credit,business_income,11200,Business receipt
TXN007757,CUST0087,2026-05-05,debit,rent,2450,House rent
TXN007758,CUST0087,2026-05-19,debit,groceries,1330,Groceries
TXN007759,CUST0087,2026-05-12,debit,utilities,430,Electricity and water
TXN007760,CUST0087,2026-05-18,debit,transport,690,Fuel and commute
TXN007761,CUST0087,2026-05-19,debit,dining_entertainment,490,Dining and entertainment
TXN007762,CUST0087,2026-05-07,debit,emi,1990,Loan EMI
TXN007763,CUST0087,2026-05-10,debit,sip_investment,1500,Mutual fund SIP
TXN007764,CUST0087,2026-06-03,credit,business_income,7300,Business receipt
TXN007765,CUST0087,2026-06-05,debit,rent,2210,House rent
TXN007766,CUST0087,2026-06-06,debit,groceries,1110,Groceries
TXN007767,CUST0087,2026-06-12,debit,utilities,430,Electricity and water
TXN007768,CUST0087,2026-06-17,debit,transport,650,Fuel and commute
TXN007769,CUST0087,2026-06-17,debit,dining_entertainment,590,Dining and entertainment
TXN007770,CUST0087,2026-06-07,debit,emi,2010,Loan EMI
TXN007771,CUST0087,2026-06-10,debit,sip_investment,1500,Mutual fund SIP
TXN007772,CUST0087,2026-06-15,debit,school_fees,7840,School fees
TXN007773,CUST0087,2026-06-14,debit,shopping,920,Online shopping
TXN007774,CUST0087,2026-07-02,credit,business_income,7400,Business receipt
TXN007775,CUST0087,2026-07-05,debit,rent,2280,House rent
TXN007776,CUST0087,2026-07-16,debit,groceries,1460,Groceries
TXN007777,CUST0087,2026-07-12,debit,utilities,480,Electricity and water
TXN007778,CUST0087,2026-07-19,debit,transport,580,Fuel and commute
TXN007779,CUST0087,2026-07-21,debit,dining_entertainment,910,Dining and entertainment
TXN007780,CUST0087,2026-07-07,debit,emi,2010,Loan EMI
TXN007781,CUST0087,2026-07-10,debit,sip_investment,1500,Mutual fund SIP
TXN007782,CUST0087,2026-08-01,credit,business_income,9000,Business receipt
TXN007783,CUST0087,2026-08-05,debit,rent,2350,House rent
TXN007784,CUST0087,2026-08-12,debit,groceries,1510,Groceries
TXN007785,CUST0087,2026-08-12,debit,utilities,290,Electricity and water
TXN007786,CUST0087,2026-08-19,debit,transport,610,Fuel and commute
TXN007787,CUST0087,2026-08-22,debit,dining_entertainment,570,Dining and entertainment
TXN007788,CUST0087,2026-08-07,debit,emi,1980,Loan EMI
TXN007789,CUST0087,2026-08-10,debit,sip_investment,1500,Mutual fund SIP
TXN007790,CUST0087,2026-08-14,debit,shopping,410,Online shopping
TXN007791,CUST0088,2025-09-01,credit,business_income,6300,Business receipt
TXN007792,CUST0088,2025-09-05,debit,rent,1240,House rent
TXN007793,CUST0088,2025-09-18,debit,groceries,940,Groceries
TXN007794,CUST0088,2025-09-12,debit,utilities,320,Electricity and water
TXN007795,CUST0088,2025-09-22,debit,transport,310,Fuel and commute
TXN007796,CUST0088,2025-09-24,debit,dining_entertainment,510,Dining and entertainment
TXN007797,CUST0088,2025-09-07,debit,emi,1600,Loan EMI
TXN007798,CUST0088,2025-09-10,debit,medical,1210,Medical expenses
TXN007799,CUST0088,2025-10-03,credit,business_income,3400,Business receipt
TXN007800,CUST0088,2025-10-05,debit,rent,1370,House rent
TXN007801,CUST0088,2025-10-12,debit,groceries,780,Groceries
TXN007802,CUST0088,2025-10-12,debit,utilities,180,Electricity and water
TXN007803,CUST0088,2025-10-12,debit,transport,480,Fuel and commute
TXN007804,CUST0088,2025-10-14,debit,dining_entertainment,410,Dining and entertainment
TXN007805,CUST0088,2025-10-07,debit,emi,1630,Loan EMI
TXN007806,CUST0088,2025-11-01,credit,business_income,9500,Business receipt
TXN007807,CUST0088,2025-11-05,debit,rent,1340,House rent
TXN007808,CUST0088,2025-11-15,debit,groceries,850,Groceries
TXN007809,CUST0088,2025-11-12,debit,utilities,290,Electricity and water
TXN007810,CUST0088,2025-11-16,debit,transport,280,Fuel and commute
TXN007811,CUST0088,2025-11-11,debit,dining_entertainment,590,Dining and entertainment
TXN007812,CUST0088,2025-11-07,debit,emi,1600,Loan EMI
TXN007813,CUST0088,2025-12-01,credit,business_income,2400,Business receipt
TXN007814,CUST0088,2025-12-05,debit,rent,1510,House rent
TXN007815,CUST0088,2025-12-10,debit,groceries,550,Groceries
TXN007816,CUST0088,2025-12-12,debit,utilities,230,Electricity and water
TXN007817,CUST0088,2025-12-22,debit,transport,390,Fuel and commute
TXN007818,CUST0088,2025-12-08,debit,dining_entertainment,430,Dining and entertainment
TXN007819,CUST0088,2025-12-07,debit,emi,1630,Loan EMI
TXN007820,CUST0088,2026-01-02,credit,business_income,7800,Business receipt
TXN007821,CUST0088,2026-01-05,debit,rent,1280,House rent
TXN007822,CUST0088,2026-01-07,debit,groceries,590,Groceries
TXN007823,CUST0088,2026-01-12,debit,utilities,250,Electricity and water
TXN007824,CUST0088,2026-01-16,debit,transport,430,Fuel and commute
TXN007825,CUST0088,2026-01-16,debit,dining_entertainment,580,Dining and entertainment
TXN007826,CUST0088,2026-01-07,debit,emi,1600,Loan EMI
TXN007827,CUST0088,2026-01-18,debit,insurance_premium,6060,Insurance premium
TXN007828,CUST0088,2026-01-18,debit,shopping,580,Online shopping
TXN007829,CUST0088,2026-02-03,credit,business_income,8800,Business receipt
TXN007830,CUST0088,2026-02-05,debit,rent,1260,House rent
TXN007831,CUST0088,2026-02-17,debit,groceries,750,Groceries
TXN007832,CUST0088,2026-02-12,debit,utilities,220,Electricity and water
TXN007833,CUST0088,2026-02-11,debit,transport,400,Fuel and commute
TXN007834,CUST0088,2026-02-08,debit,dining_entertainment,520,Dining and entertainment
TXN007835,CUST0088,2026-02-07,debit,emi,1620,Loan EMI
TXN007836,CUST0088,2026-03-01,credit,business_income,3000,Business receipt
TXN007837,CUST0088,2026-03-05,debit,rent,1370,House rent
TXN007838,CUST0088,2026-03-19,debit,groceries,710,Groceries
TXN007839,CUST0088,2026-03-12,debit,utilities,350,Electricity and water
TXN007840,CUST0088,2026-03-20,debit,transport,470,Fuel and commute
TXN007841,CUST0088,2026-03-20,debit,dining_entertainment,550,Dining and entertainment
TXN007842,CUST0088,2026-03-07,debit,emi,1620,Loan EMI
TXN007843,CUST0088,2026-04-03,credit,business_income,6800,Business receipt
TXN007844,CUST0088,2026-04-05,debit,rent,1410,House rent
TXN007845,CUST0088,2026-04-17,debit,groceries,920,Groceries
TXN007846,CUST0088,2026-04-12,debit,utilities,350,Electricity and water
TXN007847,CUST0088,2026-04-24,debit,transport,350,Fuel and commute
TXN007848,CUST0088,2026-04-24,debit,dining_entertainment,420,Dining and entertainment
TXN007849,CUST0088,2026-04-07,debit,emi,1610,Loan EMI
TXN007850,CUST0088,2026-05-02,credit,business_income,3000,Business receipt
TXN007851,CUST0088,2026-05-05,debit,rent,1410,House rent
TXN007852,CUST0088,2026-05-18,debit,groceries,950,Groceries
TXN007853,CUST0088,2026-05-12,debit,utilities,290,Electricity and water
TXN007854,CUST0088,2026-05-14,debit,transport,270,Fuel and commute
TXN007855,CUST0088,2026-05-13,debit,dining_entertainment,600,Dining and entertainment
TXN007856,CUST0088,2026-05-07,debit,emi,1600,Loan EMI
TXN007857,CUST0088,2026-06-03,credit,business_income,5000,Business receipt
TXN007858,CUST0088,2026-06-05,debit,rent,1500,House rent
TXN007859,CUST0088,2026-06-06,debit,groceries,910,Groceries
TXN007860,CUST0088,2026-06-12,debit,utilities,240,Electricity and water
TXN007861,CUST0088,2026-06-12,debit,transport,260,Fuel and commute
TXN007862,CUST0088,2026-06-09,debit,dining_entertainment,470,Dining and entertainment
TXN007863,CUST0088,2026-06-07,debit,emi,1600,Loan EMI
TXN007864,CUST0088,2026-07-02,credit,business_income,6300,Business receipt
TXN007865,CUST0088,2026-07-05,debit,rent,1300,House rent
TXN007866,CUST0088,2026-07-12,debit,groceries,670,Groceries
TXN007867,CUST0088,2026-07-12,debit,utilities,350,Electricity and water
TXN007868,CUST0088,2026-07-13,debit,transport,430,Fuel and commute
TXN007869,CUST0088,2026-07-16,debit,dining_entertainment,510,Dining and entertainment
TXN007870,CUST0088,2026-07-07,debit,emi,1610,Loan EMI
TXN007871,CUST0088,2026-08-01,credit,business_income,2400,Business receipt
TXN007872,CUST0088,2026-08-05,debit,rent,1410,House rent
TXN007873,CUST0088,2026-08-10,debit,groceries,810,Groceries
TXN007874,CUST0088,2026-08-12,debit,utilities,320,Electricity and water
TXN007875,CUST0088,2026-08-18,debit,transport,320,Fuel and commute
TXN007876,CUST0088,2026-08-17,debit,dining_entertainment,360,Dining and entertainment
TXN007877,CUST0088,2026-08-07,debit,emi,1630,Loan EMI
TXN007878,CUST0089,2025-09-03,credit,business_income,5300,Business receipt
TXN007879,CUST0089,2025-09-05,debit,rent,690,House rent
TXN007880,CUST0089,2025-09-06,debit,groceries,460,Groceries
TXN007881,CUST0089,2025-09-12,debit,utilities,140,Electricity and water
TXN007882,CUST0089,2025-09-15,debit,transport,230,Fuel and commute
TXN007883,CUST0089,2025-09-17,debit,dining_entertainment,180,Dining and entertainment
TXN007884,CUST0089,2025-09-15,debit,school_fees,4180,School fees
TXN007885,CUST0089,2025-10-03,credit,business_income,3400,Business receipt
TXN007886,CUST0089,2025-10-05,debit,rent,750,House rent
TXN007887,CUST0089,2025-10-18,debit,groceries,480,Groceries
TXN007888,CUST0089,2025-10-12,debit,utilities,210,Electricity and water
TXN007889,CUST0089,2025-10-17,debit,transport,290,Fuel and commute
TXN007890,CUST0089,2025-10-24,debit,dining_entertainment,230,Dining and entertainment
TXN007891,CUST0089,2025-10-14,debit,shopping,150,Online shopping
TXN007892,CUST0089,2025-11-02,credit,business_income,2600,Business receipt
TXN007893,CUST0089,2025-11-05,debit,rent,750,House rent
TXN007894,CUST0089,2025-11-19,debit,groceries,540,Groceries
TXN007895,CUST0089,2025-11-12,debit,utilities,180,Electricity and water
TXN007896,CUST0089,2025-11-20,debit,transport,290,Fuel and commute
TXN007897,CUST0089,2025-11-09,debit,dining_entertainment,360,Dining and entertainment
TXN007898,CUST0089,2025-12-02,credit,business_income,4200,Business receipt
TXN007899,CUST0089,2025-12-05,debit,rent,660,House rent
TXN007900,CUST0089,2025-12-17,debit,groceries,350,Groceries
TXN007901,CUST0089,2025-12-12,debit,utilities,210,Electricity and water
TXN007902,CUST0089,2025-12-15,debit,transport,220,Fuel and commute
TXN007903,CUST0089,2025-12-12,debit,dining_entertainment,210,Dining and entertainment
TXN007904,CUST0089,2025-12-15,debit,school_fees,4100,School fees
TXN007905,CUST0089,2026-01-02,credit,business_income,3400,Business receipt
TXN007906,CUST0089,2026-01-05,debit,rent,720,House rent
TXN007907,CUST0089,2026-01-12,debit,groceries,460,Groceries
TXN007908,CUST0089,2026-01-12,debit,utilities,120,Electricity and water
TXN007909,CUST0089,2026-01-12,debit,transport,200,Fuel and commute
TXN007910,CUST0089,2026-01-11,debit,dining_entertainment,280,Dining and entertainment
TXN007911,CUST0089,2026-02-01,credit,business_income,5900,Business receipt
TXN007912,CUST0089,2026-02-05,debit,rent,680,House rent
TXN007913,CUST0089,2026-02-14,debit,groceries,590,Groceries
TXN007914,CUST0089,2026-02-12,debit,utilities,200,Electricity and water
TXN007915,CUST0089,2026-02-22,debit,transport,190,Fuel and commute
TXN007916,CUST0089,2026-02-08,debit,dining_entertainment,440,Dining and entertainment
TXN007917,CUST0089,2026-03-02,credit,business_income,1500,Business receipt
TXN007918,CUST0089,2026-03-05,debit,rent,710,House rent
TXN007919,CUST0089,2026-03-13,debit,groceries,590,Groceries
TXN007920,CUST0089,2026-03-12,debit,utilities,190,Electricity and water
TXN007921,CUST0089,2026-03-14,debit,transport,330,Fuel and commute
TXN007922,CUST0089,2026-03-10,debit,dining_entertainment,230,Dining and entertainment
TXN007923,CUST0089,2026-03-15,debit,school_fees,3640,School fees
TXN007924,CUST0089,2026-04-01,credit,business_income,3400,Business receipt
TXN007925,CUST0089,2026-04-05,debit,rent,760,House rent
TXN007926,CUST0089,2026-04-08,debit,groceries,400,Groceries
TXN007927,CUST0089,2026-04-12,debit,utilities,220,Electricity and water
TXN007928,CUST0089,2026-04-18,debit,transport,220,Fuel and commute
TXN007929,CUST0089,2026-04-21,debit,dining_entertainment,410,Dining and entertainment
TXN007930,CUST0089,2026-05-01,credit,business_income,5600,Business receipt
TXN007931,CUST0089,2026-05-05,debit,rent,650,House rent
TXN007932,CUST0089,2026-05-17,debit,groceries,400,Groceries
TXN007933,CUST0089,2026-05-12,debit,utilities,190,Electricity and water
TXN007934,CUST0089,2026-05-17,debit,transport,230,Fuel and commute
TXN007935,CUST0089,2026-05-26,debit,dining_entertainment,290,Dining and entertainment
TXN007936,CUST0089,2026-06-02,credit,business_income,3800,Business receipt
TXN007937,CUST0089,2026-06-05,debit,rent,700,House rent
TXN007938,CUST0089,2026-06-16,debit,groceries,590,Groceries
TXN007939,CUST0089,2026-06-12,debit,utilities,130,Electricity and water
TXN007940,CUST0089,2026-06-15,debit,transport,330,Fuel and commute
TXN007941,CUST0089,2026-06-11,debit,dining_entertainment,260,Dining and entertainment
TXN007942,CUST0089,2026-06-15,debit,school_fees,5510,School fees
TXN007943,CUST0089,2026-06-11,debit,shopping,220,Online shopping
TXN007944,CUST0089,2026-07-02,credit,business_income,3100,Business receipt
TXN007945,CUST0089,2026-07-05,debit,rent,630,House rent
TXN007946,CUST0089,2026-07-12,debit,groceries,510,Groceries
TXN007947,CUST0089,2026-07-12,debit,utilities,140,Electricity and water
TXN007948,CUST0089,2026-07-19,debit,transport,270,Fuel and commute
TXN007949,CUST0089,2026-07-18,debit,dining_entertainment,350,Dining and entertainment
TXN007950,CUST0089,2026-08-01,credit,business_income,5300,Business receipt
TXN007951,CUST0089,2026-08-05,debit,rent,640,House rent
TXN007952,CUST0089,2026-08-08,debit,groceries,580,Groceries
TXN007953,CUST0089,2026-08-12,debit,utilities,210,Electricity and water
TXN007954,CUST0089,2026-08-19,debit,transport,330,Fuel and commute
TXN007955,CUST0089,2026-08-23,debit,dining_entertainment,380,Dining and entertainment
TXN007956,CUST0089,2026-08-18,debit,insurance_premium,4170,Insurance premium
TXN007957,CUST0090,2025-09-03,credit,salary,13300,Monthly credit
TXN007958,CUST0090,2025-09-05,debit,maintenance,420,Society maintenance
TXN007959,CUST0090,2025-09-13,debit,groceries,1880,Groceries
TXN007960,CUST0090,2025-09-12,debit,utilities,460,Electricity and water
TXN007961,CUST0090,2025-09-22,debit,transport,650,Fuel and commute
TXN007962,CUST0090,2025-09-10,debit,dining_entertainment,1280,Dining and entertainment
TXN007963,CUST0090,2025-09-07,debit,emi,3940,Loan EMI
TXN007964,CUST0090,2025-09-10,debit,sip_investment,3300,Mutual fund SIP
TXN007965,CUST0090,2025-09-15,debit,school_fees,7640,School fees
TXN007966,CUST0090,2025-09-27,debit,medical,3180,Medical expenses
TXN007967,CUST0090,2025-10-02,credit,salary,13300,Monthly credit
TXN007968,CUST0090,2025-10-05,debit,maintenance,470,Society maintenance
TXN007969,CUST0090,2025-10-10,debit,groceries,1950,Groceries
TXN007970,CUST0090,2025-10-12,debit,utilities,520,Electricity and water
TXN007971,CUST0090,2025-10-11,debit,transport,950,Fuel and commute
TXN007972,CUST0090,2025-10-15,debit,dining_entertainment,1000,Dining and entertainment
TXN007973,CUST0090,2025-10-07,debit,emi,3890,Loan EMI
TXN007974,CUST0090,2025-10-10,debit,sip_investment,3300,Mutual fund SIP
TXN007975,CUST0090,2025-11-01,credit,salary,13100,Monthly credit
TXN007976,CUST0090,2025-11-05,debit,maintenance,370,Society maintenance
TXN007977,CUST0090,2025-11-10,debit,groceries,1400,Groceries
TXN007978,CUST0090,2025-11-12,debit,utilities,400,Electricity and water
TXN007979,CUST0090,2025-11-13,debit,transport,1090,Fuel and commute
TXN007980,CUST0090,2025-11-20,debit,dining_entertainment,1120,Dining and entertainment
TXN007981,CUST0090,2025-11-07,debit,emi,3900,Loan EMI
TXN007982,CUST0090,2025-11-10,debit,sip_investment,3300,Mutual fund SIP
TXN007983,CUST0090,2025-12-02,credit,salary,13000,Monthly credit
TXN007984,CUST0090,2025-12-05,debit,maintenance,370,Society maintenance
TXN007985,CUST0090,2025-12-10,debit,groceries,1350,Groceries
TXN007986,CUST0090,2025-12-12,debit,utilities,490,Electricity and water
TXN007987,CUST0090,2025-12-21,debit,transport,970,Fuel and commute
TXN007988,CUST0090,2025-12-21,debit,dining_entertainment,880,Dining and entertainment
TXN007989,CUST0090,2025-12-07,debit,emi,3870,Loan EMI
TXN007990,CUST0090,2025-12-10,debit,sip_investment,3300,Mutual fund SIP
TXN007991,CUST0090,2025-12-18,debit,insurance_premium,12960,Insurance premium
TXN007992,CUST0090,2025-12-15,debit,school_fees,10720,School fees
TXN007993,CUST0090,2026-01-03,credit,salary,13200,Monthly credit
TXN007994,CUST0090,2026-01-05,debit,maintenance,350,Society maintenance
TXN007995,CUST0090,2026-01-14,debit,groceries,1840,Groceries
TXN007996,CUST0090,2026-01-12,debit,utilities,440,Electricity and water
TXN007997,CUST0090,2026-01-20,debit,transport,950,Fuel and commute
TXN007998,CUST0090,2026-01-11,debit,dining_entertainment,860,Dining and entertainment
TXN007999,CUST0090,2026-01-07,debit,emi,3880,Loan EMI
TXN008000,CUST0090,2026-01-10,debit,sip_investment,3300,Mutual fund SIP
TXN008001,CUST0090,2026-02-03,credit,salary,13300,Monthly credit
TXN008002,CUST0090,2026-02-05,debit,maintenance,430,Society maintenance
TXN008003,CUST0090,2026-02-15,debit,groceries,1930,Groceries
TXN008004,CUST0090,2026-02-12,debit,utilities,620,Electricity and water
TXN008005,CUST0090,2026-02-14,debit,transport,1180,Fuel and commute
TXN008006,CUST0090,2026-02-09,debit,dining_entertainment,1480,Dining and entertainment
TXN008007,CUST0090,2026-02-07,debit,emi,3890,Loan EMI
TXN008008,CUST0090,2026-02-10,debit,sip_investment,3300,Mutual fund SIP
TXN008009,CUST0090,2026-03-02,credit,salary,13300,Monthly credit
TXN008010,CUST0090,2026-03-05,debit,maintenance,330,Society maintenance
TXN008011,CUST0090,2026-03-16,debit,groceries,1970,Groceries
TXN008012,CUST0090,2026-03-12,debit,utilities,450,Electricity and water
TXN008013,CUST0090,2026-03-11,debit,transport,770,Fuel and commute
TXN008014,CUST0090,2026-03-25,debit,dining_entertainment,1400,Dining and entertainment
TXN008015,CUST0090,2026-03-07,debit,emi,3930,Loan EMI
TXN008016,CUST0090,2026-03-10,debit,sip_investment,3300,Mutual fund SIP
TXN008017,CUST0090,2026-03-15,debit,school_fees,7820,School fees
TXN008018,CUST0090,2026-04-03,credit,salary,13400,Monthly credit
TXN008019,CUST0090,2026-04-05,debit,maintenance,420,Society maintenance
TXN008020,CUST0090,2026-04-08,debit,groceries,1740,Groceries
TXN008021,CUST0090,2026-04-12,debit,utilities,600,Electricity and water
TXN008022,CUST0090,2026-04-13,debit,transport,680,Fuel and commute
TXN008023,CUST0090,2026-04-11,debit,dining_entertainment,780,Dining and entertainment
TXN008024,CUST0090,2026-04-07,debit,emi,3940,Loan EMI
TXN008025,CUST0090,2026-04-10,debit,sip_investment,3300,Mutual fund SIP
TXN008026,CUST0090,2026-05-01,credit,salary,13100,Monthly credit
TXN008027,CUST0090,2026-05-05,debit,maintenance,460,Society maintenance
TXN008028,CUST0090,2026-05-08,debit,groceries,1710,Groceries
TXN008029,CUST0090,2026-05-12,debit,utilities,600,Electricity and water
TXN008030,CUST0090,2026-05-11,debit,transport,870,Fuel and commute
TXN008031,CUST0090,2026-05-25,debit,dining_entertainment,1310,Dining and entertainment
TXN008032,CUST0090,2026-05-07,debit,emi,3940,Loan EMI
TXN008033,CUST0090,2026-05-10,debit,sip_investment,3300,Mutual fund SIP
TXN008034,CUST0090,2026-05-03,debit,shopping,1370,Online shopping
TXN008035,CUST0090,2026-06-01,credit,salary,13000,Monthly credit
TXN008036,CUST0090,2026-06-05,debit,maintenance,450,Society maintenance
TXN008037,CUST0090,2026-06-17,debit,groceries,1200,Groceries
TXN008038,CUST0090,2026-06-12,debit,utilities,600,Electricity and water
TXN008039,CUST0090,2026-06-22,debit,transport,830,Fuel and commute
TXN008040,CUST0090,2026-06-08,debit,dining_entertainment,740,Dining and entertainment
TXN008041,CUST0090,2026-06-07,debit,emi,3910,Loan EMI
TXN008042,CUST0090,2026-06-10,debit,sip_investment,3300,Mutual fund SIP
TXN008043,CUST0090,2026-06-15,debit,school_fees,9480,School fees
TXN008044,CUST0090,2026-07-02,credit,salary,13400,Monthly credit
TXN008045,CUST0090,2026-07-05,debit,maintenance,430,Society maintenance
TXN008046,CUST0090,2026-07-14,debit,groceries,1300,Groceries
TXN008047,CUST0090,2026-07-12,debit,utilities,430,Electricity and water
TXN008048,CUST0090,2026-07-21,debit,transport,720,Fuel and commute
TXN008049,CUST0090,2026-07-10,debit,dining_entertainment,1000,Dining and entertainment
TXN008050,CUST0090,2026-07-07,debit,emi,3890,Loan EMI
TXN008051,CUST0090,2026-07-10,debit,sip_investment,3300,Mutual fund SIP
TXN008052,CUST0090,2026-07-13,debit,shopping,1050,Online shopping
TXN008053,CUST0090,2026-08-03,credit,salary,13300,Monthly credit
TXN008054,CUST0090,2026-08-05,debit,maintenance,460,Society maintenance
TXN008055,CUST0090,2026-08-18,debit,groceries,1730,Groceries
TXN008056,CUST0090,2026-08-12,debit,utilities,410,Electricity and water
TXN008057,CUST0090,2026-08-23,debit,transport,840,Fuel and commute
TXN008058,CUST0090,2026-08-25,debit,dining_entertainment,1380,Dining and entertainment
TXN008059,CUST0090,2026-08-07,debit,emi,3920,Loan EMI
TXN008060,CUST0090,2026-08-10,debit,sip_investment,3300,Mutual fund SIP
TXN008061,CUST0091,2025-09-01,credit,salary,6800,Monthly credit
TXN008062,CUST0091,2025-09-05,debit,rent,1450,House rent
TXN008063,CUST0091,2025-09-13,debit,groceries,1110,Groceries
TXN008064,CUST0091,2025-09-12,debit,utilities,380,Electricity and water
TXN008065,CUST0091,2025-09-15,debit,transport,420,Fuel and commute
TXN008066,CUST0091,2025-09-16,debit,dining_entertainment,330,Dining and entertainment
TXN008067,CUST0091,2025-09-07,debit,emi,2170,Loan EMI
TXN008068,CUST0091,2025-10-01,credit,salary,6900,Monthly credit
TXN008069,CUST0091,2025-10-05,debit,rent,1330,House rent
TXN008070,CUST0091,2025-10-06,debit,groceries,1070,Groceries
TXN008071,CUST0091,2025-10-12,debit,utilities,300,Electricity and water
TXN008072,CUST0091,2025-10-22,debit,transport,620,Fuel and commute
TXN008073,CUST0091,2025-10-10,debit,dining_entertainment,540,Dining and entertainment
TXN008074,CUST0091,2025-10-07,debit,emi,2130,Loan EMI
TXN008075,CUST0091,2025-10-18,debit,insurance_premium,9200,Insurance premium
TXN008076,CUST0091,2025-11-03,credit,salary,7100,Monthly credit
TXN008077,CUST0091,2025-11-05,debit,rent,1270,House rent
TXN008078,CUST0091,2025-11-09,debit,groceries,1040,Groceries
TXN008079,CUST0091,2025-11-12,debit,utilities,410,Electricity and water
TXN008080,CUST0091,2025-11-24,debit,transport,280,Fuel and commute
TXN008081,CUST0091,2025-11-11,debit,dining_entertainment,600,Dining and entertainment
TXN008082,CUST0091,2025-11-07,debit,emi,2150,Loan EMI
TXN008083,CUST0091,2025-12-03,credit,salary,6900,Monthly credit
TXN008084,CUST0091,2025-12-05,debit,rent,1370,House rent
TXN008085,CUST0091,2025-12-06,debit,groceries,880,Groceries
TXN008086,CUST0091,2025-12-12,debit,utilities,280,Electricity and water
TXN008087,CUST0091,2025-12-16,debit,transport,470,Fuel and commute
TXN008088,CUST0091,2025-12-25,debit,dining_entertainment,550,Dining and entertainment
TXN008089,CUST0091,2025-12-07,debit,emi,2140,Loan EMI
TXN008090,CUST0091,2026-01-03,credit,salary,7000,Monthly credit
TXN008091,CUST0091,2026-01-05,debit,rent,1410,House rent
TXN008092,CUST0091,2026-01-15,debit,groceries,700,Groceries
TXN008093,CUST0091,2026-01-12,debit,utilities,300,Electricity and water
TXN008094,CUST0091,2026-01-17,debit,transport,280,Fuel and commute
TXN008095,CUST0091,2026-01-25,debit,dining_entertainment,600,Dining and entertainment
TXN008096,CUST0091,2026-01-07,debit,emi,2150,Loan EMI
TXN008097,CUST0091,2026-02-03,credit,salary,6900,Monthly credit
TXN008098,CUST0091,2026-02-05,debit,rent,1430,House rent
TXN008099,CUST0091,2026-02-15,debit,groceries,860,Groceries
TXN008100,CUST0091,2026-02-12,debit,utilities,220,Electricity and water
TXN008101,CUST0091,2026-02-23,debit,transport,290,Fuel and commute
TXN008102,CUST0091,2026-02-22,debit,dining_entertainment,420,Dining and entertainment
TXN008103,CUST0091,2026-02-07,debit,emi,2170,Loan EMI
TXN008104,CUST0091,2026-03-03,credit,salary,6800,Monthly credit
TXN008105,CUST0091,2026-03-05,debit,rent,1310,House rent
TXN008106,CUST0091,2026-03-07,debit,groceries,640,Groceries
TXN008107,CUST0091,2026-03-12,debit,utilities,230,Electricity and water
TXN008108,CUST0091,2026-03-21,debit,transport,580,Fuel and commute
TXN008109,CUST0091,2026-03-24,debit,dining_entertainment,560,Dining and entertainment
TXN008110,CUST0091,2026-03-07,debit,emi,2150,Loan EMI
TXN008111,CUST0091,2026-03-05,debit,shopping,210,Online shopping
TXN008112,CUST0091,2026-04-01,credit,salary,7000,Monthly credit
TXN008113,CUST0091,2026-04-05,debit,rent,1450,House rent
TXN008114,CUST0091,2026-04-15,debit,groceries,1110,Groceries
TXN008115,CUST0091,2026-04-12,debit,utilities,280,Electricity and water
TXN008116,CUST0091,2026-04-12,debit,transport,320,Fuel and commute
TXN008117,CUST0091,2026-04-19,debit,dining_entertainment,730,Dining and entertainment
TXN008118,CUST0091,2026-04-07,debit,emi,2140,Loan EMI
TXN008119,CUST0091,2026-05-02,credit,salary,6900,Monthly credit
TXN008120,CUST0091,2026-05-05,debit,rent,1320,House rent
TXN008121,CUST0091,2026-05-17,debit,groceries,670,Groceries
TXN008122,CUST0091,2026-05-12,debit,utilities,230,Electricity and water
TXN008123,CUST0091,2026-05-15,debit,transport,380,Fuel and commute
TXN008124,CUST0091,2026-05-11,debit,dining_entertainment,730,Dining and entertainment
TXN008125,CUST0091,2026-05-07,debit,emi,2150,Loan EMI
TXN008126,CUST0091,2026-06-01,credit,salary,6900,Monthly credit
TXN008127,CUST0091,2026-06-05,debit,rent,1410,House rent
TXN008128,CUST0091,2026-06-08,debit,groceries,920,Groceries
TXN008129,CUST0091,2026-06-12,debit,utilities,300,Electricity and water
TXN008130,CUST0091,2026-06-14,debit,transport,340,Fuel and commute
TXN008131,CUST0091,2026-06-23,debit,dining_entertainment,630,Dining and entertainment
TXN008132,CUST0091,2026-06-07,debit,emi,2140,Loan EMI
TXN008133,CUST0091,2026-07-02,credit,salary,7000,Monthly credit
TXN008134,CUST0091,2026-07-05,debit,rent,1440,House rent
TXN008135,CUST0091,2026-07-20,debit,groceries,800,Groceries
TXN008136,CUST0091,2026-07-12,debit,utilities,230,Electricity and water
TXN008137,CUST0091,2026-07-21,debit,transport,560,Fuel and commute
TXN008138,CUST0091,2026-07-19,debit,dining_entertainment,670,Dining and entertainment
TXN008139,CUST0091,2026-07-07,debit,emi,2150,Loan EMI
TXN008140,CUST0091,2026-08-01,credit,salary,7000,Monthly credit
TXN008141,CUST0091,2026-08-05,debit,rent,1240,House rent
TXN008142,CUST0091,2026-08-08,debit,groceries,910,Groceries
TXN008143,CUST0091,2026-08-12,debit,utilities,380,Electricity and water
TXN008144,CUST0091,2026-08-10,debit,transport,400,Fuel and commute
TXN008145,CUST0091,2026-08-08,debit,dining_entertainment,690,Dining and entertainment
TXN008146,CUST0091,2026-08-07,debit,emi,2170,Loan EMI
TXN008147,CUST0091,2026-08-09,debit,medical,1890,Medical expenses
TXN008148,CUST0092,2025-09-01,credit,salary,5000,Monthly credit
TXN008149,CUST0092,2025-09-05,debit,rent,1250,House rent
TXN008150,CUST0092,2025-09-19,debit,groceries,550,Groceries
TXN008151,CUST0092,2025-09-12,debit,utilities,220,Electricity and water
TXN008152,CUST0092,2025-09-15,debit,transport,240,Fuel and commute
TXN008153,CUST0092,2025-09-18,debit,dining_entertainment,580,Dining and entertainment
TXN008154,CUST0092,2025-09-18,debit,insurance_premium,6600,Insurance premium
TXN008155,CUST0092,2025-09-15,debit,school_fees,4280,School fees
TXN008156,CUST0092,2025-09-23,debit,shopping,370,Online shopping
TXN008157,CUST0092,2025-10-03,credit,salary,5100,Monthly credit
TXN008158,CUST0092,2025-10-05,debit,rent,1090,House rent
TXN008159,CUST0092,2025-10-17,debit,groceries,700,Groceries
TXN008160,CUST0092,2025-10-12,debit,utilities,220,Electricity and water
TXN008161,CUST0092,2025-10-23,debit,transport,220,Fuel and commute
TXN008162,CUST0092,2025-10-25,debit,dining_entertainment,270,Dining and entertainment
TXN008163,CUST0092,2025-11-02,credit,salary,5000,Monthly credit
TXN008164,CUST0092,2025-11-05,debit,rent,1070,House rent
TXN008165,CUST0092,2025-11-14,debit,groceries,730,Groceries
TXN008166,CUST0092,2025-11-12,debit,utilities,250,Electricity and water
TXN008167,CUST0092,2025-11-11,debit,transport,390,Fuel and commute
TXN008168,CUST0092,2025-11-26,debit,dining_entertainment,270,Dining and entertainment
TXN008169,CUST0092,2025-11-17,debit,shopping,230,Online shopping
TXN008170,CUST0092,2025-12-01,credit,salary,5100,Monthly credit
TXN008171,CUST0092,2025-12-05,debit,rent,1280,House rent
TXN008172,CUST0092,2025-12-11,debit,groceries,690,Groceries
TXN008173,CUST0092,2025-12-12,debit,utilities,180,Electricity and water
TXN008174,CUST0092,2025-12-11,debit,transport,220,Fuel and commute
TXN008175,CUST0092,2025-12-15,debit,dining_entertainment,510,Dining and entertainment
TXN008176,CUST0092,2025-12-15,debit,school_fees,4440,School fees
TXN008177,CUST0092,2026-01-01,credit,salary,5100,Monthly credit
TXN008178,CUST0092,2026-01-05,debit,rent,1100,House rent
TXN008179,CUST0092,2026-01-07,debit,groceries,460,Groceries
TXN008180,CUST0092,2026-01-12,debit,utilities,270,Electricity and water
TXN008181,CUST0092,2026-01-10,debit,transport,350,Fuel and commute
TXN008182,CUST0092,2026-01-23,debit,dining_entertainment,240,Dining and entertainment
TXN008183,CUST0092,2026-02-01,credit,salary,5100,Monthly credit
TXN008184,CUST0092,2026-02-05,debit,rent,1260,House rent
TXN008185,CUST0092,2026-02-10,debit,groceries,660,Groceries
TXN008186,CUST0092,2026-02-12,debit,utilities,230,Electricity and water
TXN008187,CUST0092,2026-02-19,debit,transport,280,Fuel and commute
TXN008188,CUST0092,2026-02-12,debit,dining_entertainment,320,Dining and entertainment
TXN008189,CUST0092,2026-03-03,credit,salary,5000,Monthly credit
TXN008190,CUST0092,2026-03-05,debit,rent,1190,House rent
TXN008191,CUST0092,2026-03-12,debit,groceries,760,Groceries
TXN008192,CUST0092,2026-03-12,debit,utilities,200,Electricity and water
TXN008193,CUST0092,2026-03-18,debit,transport,350,Fuel and commute
TXN008194,CUST0092,2026-03-11,debit,dining_entertainment,590,Dining and entertainment
TXN008195,CUST0092,2026-03-15,debit,school_fees,3080,School fees
TXN008196,CUST0092,2026-04-03,credit,salary,5100,Monthly credit
TXN008197,CUST0092,2026-04-05,debit,rent,1270,House rent
TXN008198,CUST0092,2026-04-09,debit,groceries,800,Groceries
TXN008199,CUST0092,2026-04-12,debit,utilities,270,Electricity and water
TXN008200,CUST0092,2026-04-12,debit,transport,400,Fuel and commute
TXN008201,CUST0092,2026-04-10,debit,dining_entertainment,320,Dining and entertainment
TXN008202,CUST0092,2026-04-06,debit,medical,840,Medical expenses
TXN008203,CUST0092,2026-05-03,credit,salary,5000,Monthly credit
TXN008204,CUST0092,2026-05-05,debit,rent,1150,House rent
TXN008205,CUST0092,2026-05-07,debit,groceries,700,Groceries
TXN008206,CUST0092,2026-05-12,debit,utilities,220,Electricity and water
TXN008207,CUST0092,2026-05-21,debit,transport,270,Fuel and commute
TXN008208,CUST0092,2026-05-24,debit,dining_entertainment,400,Dining and entertainment
TXN008209,CUST0092,2026-06-01,credit,salary,5000,Monthly credit
TXN008210,CUST0092,2026-06-05,debit,rent,1150,House rent
TXN008211,CUST0092,2026-06-19,debit,groceries,470,Groceries
TXN008212,CUST0092,2026-06-12,debit,utilities,190,Electricity and water
TXN008213,CUST0092,2026-06-11,debit,transport,340,Fuel and commute
TXN008214,CUST0092,2026-06-22,debit,dining_entertainment,510,Dining and entertainment
TXN008215,CUST0092,2026-06-15,debit,school_fees,2520,School fees
TXN008216,CUST0092,2026-07-02,credit,salary,5100,Monthly credit
TXN008217,CUST0092,2026-07-05,debit,rent,1270,House rent
TXN008218,CUST0092,2026-07-14,debit,groceries,630,Groceries
TXN008219,CUST0092,2026-07-12,debit,utilities,190,Electricity and water
TXN008220,CUST0092,2026-07-17,debit,transport,240,Fuel and commute
TXN008221,CUST0092,2026-07-17,debit,dining_entertainment,380,Dining and entertainment
TXN008222,CUST0092,2026-07-13,debit,shopping,170,Online shopping
TXN008223,CUST0092,2026-08-02,credit,salary,4900,Monthly credit
TXN008224,CUST0092,2026-08-05,debit,rent,1270,House rent
TXN008225,CUST0092,2026-08-12,debit,groceries,700,Groceries
TXN008226,CUST0092,2026-08-12,debit,utilities,200,Electricity and water
TXN008227,CUST0092,2026-08-21,debit,transport,360,Fuel and commute
TXN008228,CUST0092,2026-08-20,debit,dining_entertainment,270,Dining and entertainment
TXN008229,CUST0093,2025-09-02,credit,business_income,6100,Business receipt
TXN008230,CUST0093,2025-09-05,debit,rent,920,House rent
TXN008231,CUST0093,2025-09-17,debit,groceries,510,Groceries
TXN008232,CUST0093,2025-09-12,debit,utilities,160,Electricity and water
TXN008233,CUST0093,2025-09-13,debit,transport,170,Fuel and commute
TXN008234,CUST0093,2025-09-11,debit,dining_entertainment,810,Dining and entertainment
TXN008235,CUST0093,2025-09-07,debit,emi,650,Loan EMI
TXN008236,CUST0093,2025-10-02,credit,business_income,4200,Business receipt
TXN008237,CUST0093,2025-10-05,debit,rent,920,House rent
TXN008238,CUST0093,2025-10-06,debit,groceries,660,Groceries
TXN008239,CUST0093,2025-10-12,debit,utilities,140,Electricity and water
TXN008240,CUST0093,2025-10-24,debit,transport,330,Fuel and commute
TXN008241,CUST0093,2025-10-09,debit,dining_entertainment,700,Dining and entertainment
TXN008242,CUST0093,2025-10-07,debit,emi,650,Loan EMI
TXN008243,CUST0093,2025-11-03,credit,business_income,3600,Business receipt
TXN008244,CUST0093,2025-11-05,debit,rent,980,House rent
TXN008245,CUST0093,2025-11-19,debit,groceries,440,Groceries
TXN008246,CUST0093,2025-11-12,debit,utilities,230,Electricity and water
TXN008247,CUST0093,2025-11-12,debit,transport,220,Fuel and commute
TXN008248,CUST0093,2025-11-08,debit,dining_entertainment,700,Dining and entertainment
TXN008249,CUST0093,2025-11-07,debit,emi,650,Loan EMI
TXN008250,CUST0093,2025-11-21,debit,shopping,460,Online shopping
TXN008251,CUST0093,2025-12-01,credit,business_income,3400,Business receipt
TXN008252,CUST0093,2025-12-05,debit,rent,900,House rent
TXN008253,CUST0093,2025-12-18,debit,groceries,620,Groceries
TXN008254,CUST0093,2025-12-12,debit,utilities,220,Electricity and water
TXN008255,CUST0093,2025-12-12,debit,transport,350,Fuel and commute
TXN008256,CUST0093,2025-12-18,debit,dining_entertainment,510,Dining and entertainment
TXN008257,CUST0093,2025-12-07,debit,emi,640,Loan EMI
TXN008258,CUST0093,2025-12-23,debit,shopping,450,Online shopping
TXN008259,CUST0093,2026-01-03,credit,business_income,5000,Business receipt
TXN008260,CUST0093,2026-01-05,debit,rent,950,House rent
TXN008261,CUST0093,2026-01-15,debit,groceries,550,Groceries
TXN008262,CUST0093,2026-01-12,debit,utilities,160,Electricity and water
TXN008263,CUST0093,2026-01-11,debit,transport,250,Fuel and commute
TXN008264,CUST0093,2026-01-23,debit,dining_entertainment,850,Dining and entertainment
TXN008265,CUST0093,2026-01-07,debit,emi,640,Loan EMI
TXN008266,CUST0093,2026-01-22,debit,shopping,170,Online shopping
TXN008267,CUST0093,2026-02-02,credit,business_income,4400,Business receipt
TXN008268,CUST0093,2026-02-05,debit,rent,1050,House rent
TXN008269,CUST0093,2026-02-11,debit,groceries,540,Groceries
TXN008270,CUST0093,2026-02-12,debit,utilities,200,Electricity and water
TXN008271,CUST0093,2026-02-12,debit,transport,350,Fuel and commute
TXN008272,CUST0093,2026-02-20,debit,dining_entertainment,370,Dining and entertainment
TXN008273,CUST0093,2026-02-07,debit,emi,640,Loan EMI
TXN008274,CUST0093,2026-02-18,debit,insurance_premium,4620,Insurance premium
TXN008275,CUST0093,2026-03-01,credit,business_income,5200,Business receipt
TXN008276,CUST0093,2026-03-05,debit,rent,1040,House rent
TXN008277,CUST0093,2026-03-06,debit,groceries,540,Groceries
TXN008278,CUST0093,2026-03-12,debit,utilities,150,Electricity and water
TXN008279,CUST0093,2026-03-11,debit,transport,190,Fuel and commute
TXN008280,CUST0093,2026-03-21,debit,dining_entertainment,810,Dining and entertainment
TXN008281,CUST0093,2026-03-07,debit,emi,640,Loan EMI
TXN008282,CUST0093,2026-04-01,credit,business_income,3000,Business receipt
TXN008283,CUST0093,2026-04-05,debit,rent,1010,House rent
TXN008284,CUST0093,2026-04-20,debit,groceries,550,Groceries
TXN008285,CUST0093,2026-04-12,debit,utilities,130,Electricity and water
TXN008286,CUST0093,2026-04-20,debit,transport,210,Fuel and commute
TXN008287,CUST0093,2026-04-13,debit,dining_entertainment,810,Dining and entertainment
TXN008288,CUST0093,2026-04-07,debit,emi,650,Loan EMI
TXN008289,CUST0093,2026-05-02,credit,business_income,2800,Business receipt
TXN008290,CUST0093,2026-05-05,debit,rent,1040,House rent
TXN008291,CUST0093,2026-05-06,debit,groceries,470,Groceries
TXN008292,CUST0093,2026-05-12,debit,utilities,170,Electricity and water
TXN008293,CUST0093,2026-05-11,debit,transport,180,Fuel and commute
TXN008294,CUST0093,2026-05-23,debit,dining_entertainment,560,Dining and entertainment
TXN008295,CUST0093,2026-05-07,debit,emi,650,Loan EMI
TXN008296,CUST0093,2026-06-02,credit,business_income,3600,Business receipt
TXN008297,CUST0093,2026-06-05,debit,rent,1090,House rent
TXN008298,CUST0093,2026-06-14,debit,groceries,630,Groceries
TXN008299,CUST0093,2026-06-12,debit,utilities,130,Electricity and water
TXN008300,CUST0093,2026-06-24,debit,transport,280,Fuel and commute
TXN008301,CUST0093,2026-06-09,debit,dining_entertainment,600,Dining and entertainment
TXN008302,CUST0093,2026-06-07,debit,emi,650,Loan EMI
TXN008303,CUST0093,2026-07-03,credit,business_income,4100,Business receipt
TXN008304,CUST0093,2026-07-05,debit,rent,1040,House rent
TXN008305,CUST0093,2026-07-09,debit,groceries,580,Groceries
TXN008306,CUST0093,2026-07-12,debit,utilities,200,Electricity and water
TXN008307,CUST0093,2026-07-19,debit,transport,280,Fuel and commute
TXN008308,CUST0093,2026-07-19,debit,dining_entertainment,510,Dining and entertainment
TXN008309,CUST0093,2026-07-07,debit,emi,650,Loan EMI
TXN008310,CUST0093,2026-07-16,debit,medical,780,Medical expenses
TXN008311,CUST0093,2026-08-01,credit,business_income,5900,Business receipt
TXN008312,CUST0093,2026-08-05,debit,rent,970,House rent
TXN008313,CUST0093,2026-08-08,debit,groceries,370,Groceries
TXN008314,CUST0093,2026-08-12,debit,utilities,200,Electricity and water
TXN008315,CUST0093,2026-08-12,debit,transport,330,Fuel and commute
TXN008316,CUST0093,2026-08-20,debit,dining_entertainment,600,Dining and entertainment
TXN008317,CUST0093,2026-08-07,debit,emi,640,Loan EMI
TXN008318,CUST0094,2025-09-01,credit,salary,4100,Monthly credit
TXN008319,CUST0094,2025-09-05,debit,rent,820,House rent
TXN008320,CUST0094,2025-09-18,debit,groceries,550,Groceries
TXN008321,CUST0094,2025-09-12,debit,utilities,140,Electricity and water
TXN008322,CUST0094,2025-09-19,debit,transport,330,Fuel and commute
TXN008323,CUST0094,2025-09-11,debit,dining_entertainment,530,Dining and entertainment
TXN008324,CUST0094,2025-09-07,debit,emi,830,Loan EMI
TXN008325,CUST0094,2025-09-10,debit,sip_investment,600,Mutual fund SIP
TXN008326,CUST0094,2025-09-16,debit,shopping,140,Online shopping
TXN008327,CUST0094,2025-10-01,credit,salary,4300,Monthly credit
TXN008328,CUST0094,2025-10-05,debit,rent,770,House rent
TXN008329,CUST0094,2025-10-18,debit,groceries,380,Groceries
TXN008330,CUST0094,2025-10-12,debit,utilities,240,Electricity and water
TXN008331,CUST0094,2025-10-23,debit,transport,280,Fuel and commute
TXN008332,CUST0094,2025-10-15,debit,dining_entertainment,630,Dining and entertainment
TXN008333,CUST0094,2025-10-07,debit,emi,830,Loan EMI
TXN008334,CUST0094,2025-10-10,debit,sip_investment,600,Mutual fund SIP
TXN008335,CUST0094,2025-10-17,debit,shopping,270,Online shopping
TXN008336,CUST0094,2025-11-01,credit,salary,4200,Monthly credit
TXN008337,CUST0094,2025-11-05,debit,rent,810,House rent
TXN008338,CUST0094,2025-11-20,debit,groceries,380,Groceries
TXN008339,CUST0094,2025-11-12,debit,utilities,210,Electricity and water
TXN008340,CUST0094,2025-11-24,debit,transport,370,Fuel and commute
TXN008341,CUST0094,2025-11-26,debit,dining_entertainment,530,Dining and entertainment
TXN008342,CUST0094,2025-11-07,debit,emi,840,Loan EMI
TXN008343,CUST0094,2025-11-10,debit,sip_investment,600,Mutual fund SIP
TXN008344,CUST0094,2025-12-01,credit,salary,4300,Monthly credit
TXN008345,CUST0094,2025-12-05,debit,rent,720,House rent
TXN008346,CUST0094,2025-12-15,debit,groceries,550,Groceries
TXN008347,CUST0094,2025-12-12,debit,utilities,220,Electricity and water
TXN008348,CUST0094,2025-12-22,debit,transport,230,Fuel and commute
TXN008349,CUST0094,2025-12-15,debit,dining_entertainment,380,Dining and entertainment
TXN008350,CUST0094,2025-12-07,debit,emi,840,Loan EMI
TXN008351,CUST0094,2025-12-10,debit,sip_investment,600,Mutual fund SIP
TXN008352,CUST0094,2025-12-25,debit,shopping,130,Online shopping
TXN008353,CUST0094,2026-01-02,credit,salary,4100,Monthly credit
TXN008354,CUST0094,2026-01-05,debit,rent,770,House rent
TXN008355,CUST0094,2026-01-10,debit,groceries,430,Groceries
TXN008356,CUST0094,2026-01-12,debit,utilities,180,Electricity and water
TXN008357,CUST0094,2026-01-10,debit,transport,260,Fuel and commute
TXN008358,CUST0094,2026-01-12,debit,dining_entertainment,720,Dining and entertainment
TXN008359,CUST0094,2026-01-07,debit,emi,830,Loan EMI
TXN008360,CUST0094,2026-01-10,debit,sip_investment,600,Mutual fund SIP
TXN008361,CUST0094,2026-01-08,debit,shopping,250,Online shopping
TXN008362,CUST0094,2026-02-03,credit,salary,4200,Monthly credit
TXN008363,CUST0094,2026-02-05,debit,rent,710,House rent
TXN008364,CUST0094,2026-02-17,debit,groceries,430,Groceries
TXN008365,CUST0094,2026-02-12,debit,utilities,240,Electricity and water
TXN008366,CUST0094,2026-02-15,debit,transport,190,Fuel and commute
TXN008367,CUST0094,2026-02-24,debit,dining_entertainment,390,Dining and entertainment
TXN008368,CUST0094,2026-02-07,debit,emi,840,Loan EMI
TXN008369,CUST0094,2026-02-10,debit,sip_investment,600,Mutual fund SIP
TXN008370,CUST0094,2026-03-03,credit,salary,4200,Monthly credit
TXN008371,CUST0094,2026-03-05,debit,rent,770,House rent
TXN008372,CUST0094,2026-03-07,debit,groceries,410,Groceries
TXN008373,CUST0094,2026-03-12,debit,utilities,220,Electricity and water
TXN008374,CUST0094,2026-03-16,debit,transport,270,Fuel and commute
TXN008375,CUST0094,2026-03-18,debit,dining_entertainment,640,Dining and entertainment
TXN008376,CUST0094,2026-03-07,debit,emi,840,Loan EMI
TXN008377,CUST0094,2026-03-10,debit,sip_investment,600,Mutual fund SIP
TXN008378,CUST0094,2026-04-03,credit,salary,4200,Monthly credit
TXN008379,CUST0094,2026-04-05,debit,rent,780,House rent
TXN008380,CUST0094,2026-04-08,debit,groceries,670,Groceries
TXN008381,CUST0094,2026-04-12,debit,utilities,210,Electricity and water
TXN008382,CUST0094,2026-04-11,debit,transport,190,Fuel and commute
TXN008383,CUST0094,2026-04-18,debit,dining_entertainment,730,Dining and entertainment
TXN008384,CUST0094,2026-04-07,debit,emi,850,Loan EMI
TXN008385,CUST0094,2026-04-10,debit,sip_investment,600,Mutual fund SIP
TXN008386,CUST0094,2026-05-01,credit,salary,4200,Monthly credit
TXN008387,CUST0094,2026-05-05,debit,rent,720,House rent
TXN008388,CUST0094,2026-05-15,debit,groceries,670,Groceries
TXN008389,CUST0094,2026-05-12,debit,utilities,240,Electricity and water
TXN008390,CUST0094,2026-05-25,debit,transport,270,Fuel and commute
TXN008391,CUST0094,2026-05-24,debit,dining_entertainment,830,Dining and entertainment
TXN008392,CUST0094,2026-05-07,debit,emi,830,Loan EMI
TXN008393,CUST0094,2026-05-10,debit,sip_investment,600,Mutual fund SIP
TXN008394,CUST0094,2026-06-01,credit,salary,4100,Monthly credit
TXN008395,CUST0094,2026-06-05,debit,rent,870,House rent
TXN008396,CUST0094,2026-06-17,debit,groceries,420,Groceries
TXN008397,CUST0094,2026-06-12,debit,utilities,220,Electricity and water
TXN008398,CUST0094,2026-06-11,debit,transport,200,Fuel and commute
TXN008399,CUST0094,2026-06-14,debit,dining_entertainment,450,Dining and entertainment
TXN008400,CUST0094,2026-06-07,debit,emi,840,Loan EMI
TXN008401,CUST0094,2026-06-10,debit,sip_investment,600,Mutual fund SIP
TXN008402,CUST0094,2026-06-18,debit,insurance_premium,4170,Insurance premium
TXN008403,CUST0094,2026-07-03,credit,salary,4200,Monthly credit
TXN008404,CUST0094,2026-07-05,debit,rent,860,House rent
TXN008405,CUST0094,2026-07-07,debit,groceries,400,Groceries
TXN008406,CUST0094,2026-07-12,debit,utilities,160,Electricity and water
TXN008407,CUST0094,2026-07-18,debit,transport,270,Fuel and commute
TXN008408,CUST0094,2026-07-12,debit,dining_entertainment,700,Dining and entertainment
TXN008409,CUST0094,2026-07-07,debit,emi,850,Loan EMI
TXN008410,CUST0094,2026-07-10,debit,sip_investment,600,Mutual fund SIP
TXN008411,CUST0094,2026-08-02,credit,salary,4100,Monthly credit
TXN008412,CUST0094,2026-08-05,debit,rent,800,House rent
TXN008413,CUST0094,2026-08-17,debit,groceries,590,Groceries
TXN008414,CUST0094,2026-08-12,debit,utilities,120,Electricity and water
TXN008415,CUST0094,2026-08-10,debit,transport,190,Fuel and commute
TXN008416,CUST0094,2026-08-14,debit,dining_entertainment,420,Dining and entertainment
TXN008417,CUST0094,2026-08-07,debit,emi,850,Loan EMI
TXN008418,CUST0094,2026-08-10,debit,sip_investment,600,Mutual fund SIP
TXN008419,CUST0095,2025-09-01,credit,business_income,23400,Business receipt
TXN008420,CUST0095,2025-09-05,debit,rent,5900,House rent
TXN008421,CUST0095,2025-09-11,debit,groceries,2280,Groceries
TXN008422,CUST0095,2025-09-12,debit,utilities,1210,Electricity and water
TXN008423,CUST0095,2025-09-14,debit,transport,980,Fuel and commute
TXN008424,CUST0095,2025-09-21,debit,dining_entertainment,1970,Dining and entertainment
TXN008425,CUST0095,2025-09-07,debit,emi,4090,Loan EMI
TXN008426,CUST0095,2025-09-10,debit,sip_investment,4200,Mutual fund SIP
TXN008427,CUST0095,2025-09-15,debit,school_fees,19900,School fees
TXN008428,CUST0095,2025-09-04,debit,shopping,2140,Online shopping
TXN008429,CUST0095,2025-10-03,credit,business_income,23300,Business receipt
TXN008430,CUST0095,2025-10-05,debit,rent,5380,House rent
TXN008431,CUST0095,2025-10-13,debit,groceries,3470,Groceries
TXN008432,CUST0095,2025-10-12,debit,utilities,1020,Electricity and water
TXN008433,CUST0095,2025-10-13,debit,transport,1400,Fuel and commute
TXN008434,CUST0095,2025-10-15,debit,dining_entertainment,2160,Dining and entertainment
TXN008435,CUST0095,2025-10-07,debit,emi,4070,Loan EMI
TXN008436,CUST0095,2025-10-10,debit,sip_investment,4200,Mutual fund SIP
TXN008437,CUST0095,2025-10-22,debit,shopping,1040,Online shopping
TXN008438,CUST0095,2025-11-03,credit,business_income,23100,Business receipt
TXN008439,CUST0095,2025-11-05,debit,rent,6120,House rent
TXN008440,CUST0095,2025-11-17,debit,groceries,3240,Groceries
TXN008441,CUST0095,2025-11-12,debit,utilities,750,Electricity and water
TXN008442,CUST0095,2025-11-11,debit,transport,1290,Fuel and commute
TXN008443,CUST0095,2025-11-13,debit,dining_entertainment,2580,Dining and entertainment
TXN008444,CUST0095,2025-11-07,debit,emi,4110,Loan EMI
TXN008445,CUST0095,2025-11-10,debit,sip_investment,4200,Mutual fund SIP
TXN008446,CUST0095,2025-11-03,debit,shopping,2700,Online shopping
TXN008447,CUST0095,2025-12-03,credit,business_income,23200,Business receipt
TXN008448,CUST0095,2025-12-05,debit,rent,5730,House rent
TXN008449,CUST0095,2025-12-15,debit,groceries,2560,Groceries
TXN008450,CUST0095,2025-12-12,debit,utilities,970,Electricity and water
TXN008451,CUST0095,2025-12-12,debit,transport,1130,Fuel and commute
TXN008452,CUST0095,2025-12-14,debit,dining_entertainment,2480,Dining and entertainment
TXN008453,CUST0095,2025-12-07,debit,emi,4140,Loan EMI
TXN008454,CUST0095,2025-12-10,debit,sip_investment,4200,Mutual fund SIP
TXN008455,CUST0095,2025-12-15,debit,school_fees,28660,School fees
TXN008456,CUST0095,2025-12-14,debit,medical,1630,Medical expenses
TXN008457,CUST0095,2026-01-02,credit,business_income,23300,Business receipt
TXN008458,CUST0095,2026-01-05,debit,rent,6070,House rent
TXN008459,CUST0095,2026-01-13,debit,groceries,3600,Groceries
TXN008460,CUST0095,2026-01-12,debit,utilities,1370,Electricity and water
TXN008461,CUST0095,2026-01-11,debit,transport,1970,Fuel and commute
TXN008462,CUST0095,2026-01-20,debit,dining_entertainment,1770,Dining and entertainment
TXN008463,CUST0095,2026-01-07,debit,emi,4140,Loan EMI
TXN008464,CUST0095,2026-01-10,debit,sip_investment,4200,Mutual fund SIP
TXN008465,CUST0095,2026-02-02,credit,business_income,23400,Business receipt
TXN008466,CUST0095,2026-02-05,debit,rent,5180,House rent
TXN008467,CUST0095,2026-02-18,debit,groceries,3070,Groceries
TXN008468,CUST0095,2026-02-12,debit,utilities,1240,Electricity and water
TXN008469,CUST0095,2026-02-11,debit,transport,1230,Fuel and commute
TXN008470,CUST0095,2026-02-21,debit,dining_entertainment,1870,Dining and entertainment
TXN008471,CUST0095,2026-02-07,debit,emi,4090,Loan EMI
TXN008472,CUST0095,2026-02-10,debit,sip_investment,4200,Mutual fund SIP
TXN008473,CUST0095,2026-03-03,credit,business_income,23700,Business receipt
TXN008474,CUST0095,2026-03-05,debit,rent,5370,House rent
TXN008475,CUST0095,2026-03-06,debit,groceries,2800,Groceries
TXN008476,CUST0095,2026-03-12,debit,utilities,910,Electricity and water
TXN008477,CUST0095,2026-03-15,debit,transport,1650,Fuel and commute
TXN008478,CUST0095,2026-03-12,debit,dining_entertainment,1890,Dining and entertainment
TXN008479,CUST0095,2026-03-07,debit,emi,4130,Loan EMI
TXN008480,CUST0095,2026-03-10,debit,sip_investment,4200,Mutual fund SIP
TXN008481,CUST0095,2026-03-15,debit,school_fees,27850,School fees
TXN008482,CUST0095,2026-04-01,credit,business_income,23100,Business receipt
TXN008483,CUST0095,2026-04-05,debit,rent,5400,House rent
TXN008484,CUST0095,2026-04-16,debit,groceries,3400,Groceries
TXN008485,CUST0095,2026-04-12,debit,utilities,800,Electricity and water
TXN008486,CUST0095,2026-04-20,debit,transport,1910,Fuel and commute
TXN008487,CUST0095,2026-04-25,debit,dining_entertainment,2710,Dining and entertainment
TXN008488,CUST0095,2026-04-07,debit,emi,4120,Loan EMI
TXN008489,CUST0095,2026-04-10,debit,sip_investment,4200,Mutual fund SIP
TXN008490,CUST0095,2026-04-18,debit,insurance_premium,17380,Insurance premium
TXN008491,CUST0095,2026-05-03,credit,business_income,23800,Business receipt
TXN008492,CUST0095,2026-05-05,debit,rent,6120,House rent
TXN008493,CUST0095,2026-05-17,debit,groceries,2170,Groceries
TXN008494,CUST0095,2026-05-12,debit,utilities,1050,Electricity and water
TXN008495,CUST0095,2026-05-13,debit,transport,2090,Fuel and commute
TXN008496,CUST0095,2026-05-21,debit,dining_entertainment,2370,Dining and entertainment
TXN008497,CUST0095,2026-05-07,debit,emi,4070,Loan EMI
TXN008498,CUST0095,2026-05-10,debit,sip_investment,4200,Mutual fund SIP
TXN008499,CUST0095,2026-06-01,credit,business_income,23800,Business receipt
TXN008500,CUST0095,2026-06-05,debit,rent,5860,House rent
TXN008501,CUST0095,2026-06-12,debit,groceries,3050,Groceries
TXN008502,CUST0095,2026-06-12,debit,utilities,890,Electricity and water
TXN008503,CUST0095,2026-06-20,debit,transport,1170,Fuel and commute
TXN008504,CUST0095,2026-06-12,debit,dining_entertainment,2490,Dining and entertainment
TXN008505,CUST0095,2026-06-07,debit,emi,4120,Loan EMI
TXN008506,CUST0095,2026-06-10,debit,sip_investment,4200,Mutual fund SIP
TXN008507,CUST0095,2026-06-15,debit,school_fees,41410,School fees
TXN008508,CUST0095,2026-07-02,credit,business_income,23900,Business receipt
TXN008509,CUST0095,2026-07-05,debit,rent,5870,House rent
TXN008510,CUST0095,2026-07-09,debit,groceries,2710,Groceries
TXN008511,CUST0095,2026-07-12,debit,utilities,860,Electricity and water
TXN008512,CUST0095,2026-07-16,debit,transport,1240,Fuel and commute
TXN008513,CUST0095,2026-07-09,debit,dining_entertainment,2730,Dining and entertainment
TXN008514,CUST0095,2026-07-07,debit,emi,4130,Loan EMI
TXN008515,CUST0095,2026-07-10,debit,sip_investment,4200,Mutual fund SIP
TXN008516,CUST0095,2026-07-24,debit,shopping,2460,Online shopping
TXN008517,CUST0095,2026-08-02,credit,business_income,23500,Business receipt
TXN008518,CUST0095,2026-08-05,debit,rent,5150,House rent
TXN008519,CUST0095,2026-08-10,debit,groceries,3720,Groceries
TXN008520,CUST0095,2026-08-12,debit,utilities,960,Electricity and water
TXN008521,CUST0095,2026-08-22,debit,transport,1480,Fuel and commute
TXN008522,CUST0095,2026-08-26,debit,dining_entertainment,2670,Dining and entertainment
TXN008523,CUST0095,2026-08-07,debit,emi,4120,Loan EMI
TXN008524,CUST0095,2026-08-10,debit,sip_investment,4200,Mutual fund SIP
TXN008525,CUST0096,2025-09-02,credit,salary,16600,Monthly credit
TXN008526,CUST0096,2025-09-05,debit,rent,3960,House rent
TXN008527,CUST0096,2025-09-20,debit,groceries,2560,Groceries
TXN008528,CUST0096,2025-09-12,debit,utilities,800,Electricity and water
TXN008529,CUST0096,2025-09-21,debit,transport,1430,Fuel and commute
TXN008530,CUST0096,2025-09-21,debit,dining_entertainment,1930,Dining and entertainment
TXN008531,CUST0096,2025-09-07,debit,emi,4670,Loan EMI
TXN008532,CUST0096,2025-09-15,debit,school_fees,20880,School fees
TXN008533,CUST0096,2025-10-03,credit,salary,16600,Monthly credit
TXN008534,CUST0096,2025-10-05,debit,rent,4000,House rent
TXN008535,CUST0096,2025-10-18,debit,groceries,1910,Groceries
TXN008536,CUST0096,2025-10-12,debit,utilities,520,Electricity and water
TXN008537,CUST0096,2025-10-18,debit,transport,820,Fuel and commute
TXN008538,CUST0096,2025-10-13,debit,dining_entertainment,930,Dining and entertainment
TXN008539,CUST0096,2025-10-07,debit,emi,4660,Loan EMI
TXN008540,CUST0096,2025-11-03,credit,salary,16600,Monthly credit
TXN008541,CUST0096,2025-11-05,debit,rent,3660,House rent
TXN008542,CUST0096,2025-11-15,debit,groceries,2440,Groceries
TXN008543,CUST0096,2025-11-12,debit,utilities,940,Electricity and water
TXN008544,CUST0096,2025-11-12,debit,transport,900,Fuel and commute
TXN008545,CUST0096,2025-11-13,debit,dining_entertainment,1750,Dining and entertainment
TXN008546,CUST0096,2025-11-07,debit,emi,4700,Loan EMI
TXN008547,CUST0096,2025-12-03,credit,salary,16700,Monthly credit
TXN008548,CUST0096,2025-12-05,debit,rent,3700,House rent
TXN008549,CUST0096,2025-12-13,debit,groceries,1820,Groceries
TXN008550,CUST0096,2025-12-12,debit,utilities,580,Electricity and water
TXN008551,CUST0096,2025-12-17,debit,transport,1350,Fuel and commute
TXN008552,CUST0096,2025-12-16,debit,dining_entertainment,800,Dining and entertainment
TXN008553,CUST0096,2025-12-07,debit,emi,4640,Loan EMI
TXN008554,CUST0096,2025-12-15,debit,school_fees,19170,School fees
TXN008555,CUST0096,2026-01-02,credit,salary,16200,Monthly credit
TXN008556,CUST0096,2026-01-05,debit,rent,3500,House rent
TXN008557,CUST0096,2026-01-06,debit,groceries,2410,Groceries
TXN008558,CUST0096,2026-01-12,debit,utilities,980,Electricity and water
TXN008559,CUST0096,2026-01-16,debit,transport,1430,Fuel and commute
TXN008560,CUST0096,2026-01-13,debit,dining_entertainment,1080,Dining and entertainment
TXN008561,CUST0096,2026-01-07,debit,emi,4720,Loan EMI
TXN008562,CUST0096,2026-02-02,credit,salary,16200,Monthly credit
TXN008563,CUST0096,2026-02-05,debit,rent,3570,House rent
TXN008564,CUST0096,2026-02-13,debit,groceries,2400,Groceries
TXN008565,CUST0096,2026-02-12,debit,utilities,770,Electricity and water
TXN008566,CUST0096,2026-02-24,debit,transport,830,Fuel and commute
TXN008567,CUST0096,2026-02-08,debit,dining_entertainment,1050,Dining and entertainment
TXN008568,CUST0096,2026-02-07,debit,emi,4630,Loan EMI
TXN008569,CUST0096,2026-03-03,credit,salary,16400,Monthly credit
TXN008570,CUST0096,2026-03-05,debit,rent,4030,House rent
TXN008571,CUST0096,2026-03-08,debit,groceries,2530,Groceries
TXN008572,CUST0096,2026-03-12,debit,utilities,950,Electricity and water
TXN008573,CUST0096,2026-03-24,debit,transport,720,Fuel and commute
TXN008574,CUST0096,2026-03-25,debit,dining_entertainment,890,Dining and entertainment
TXN008575,CUST0096,2026-03-07,debit,emi,4660,Loan EMI
TXN008576,CUST0096,2026-03-15,debit,school_fees,15700,School fees
TXN008577,CUST0096,2026-04-01,credit,salary,16200,Monthly credit
TXN008578,CUST0096,2026-04-05,debit,rent,3740,House rent
TXN008579,CUST0096,2026-04-18,debit,groceries,2510,Groceries
TXN008580,CUST0096,2026-04-12,debit,utilities,710,Electricity and water
TXN008581,CUST0096,2026-04-25,debit,transport,870,Fuel and commute
TXN008582,CUST0096,2026-04-23,debit,dining_entertainment,840,Dining and entertainment
TXN008583,CUST0096,2026-04-07,debit,emi,4650,Loan EMI
TXN008584,CUST0096,2026-05-03,credit,salary,16700,Monthly credit
TXN008585,CUST0096,2026-05-05,debit,rent,3430,House rent
TXN008586,CUST0096,2026-05-18,debit,groceries,2080,Groceries
TXN008587,CUST0096,2026-05-12,debit,utilities,660,Electricity and water
TXN008588,CUST0096,2026-05-14,debit,transport,1260,Fuel and commute
TXN008589,CUST0096,2026-05-22,debit,dining_entertainment,1050,Dining and entertainment
TXN008590,CUST0096,2026-05-07,debit,emi,4670,Loan EMI
TXN008591,CUST0096,2026-06-02,credit,salary,16500,Monthly credit
TXN008592,CUST0096,2026-06-05,debit,rent,3550,House rent
TXN008593,CUST0096,2026-06-07,debit,groceries,2010,Groceries
TXN008594,CUST0096,2026-06-12,debit,utilities,620,Electricity and water
TXN008595,CUST0096,2026-06-11,debit,transport,700,Fuel and commute
TXN008596,CUST0096,2026-06-19,debit,dining_entertainment,1880,Dining and entertainment
TXN008597,CUST0096,2026-06-07,debit,emi,4710,Loan EMI
TXN008598,CUST0096,2026-06-15,debit,school_fees,26490,School fees
TXN008599,CUST0096,2026-06-14,debit,shopping,1860,Online shopping
TXN008600,CUST0096,2026-07-03,credit,salary,16300,Monthly credit
TXN008601,CUST0096,2026-07-05,debit,rent,3910,House rent
TXN008602,CUST0096,2026-07-06,debit,groceries,1520,Groceries
TXN008603,CUST0096,2026-07-12,debit,utilities,940,Electricity and water
TXN008604,CUST0096,2026-07-15,debit,transport,1050,Fuel and commute
TXN008605,CUST0096,2026-07-10,debit,dining_entertainment,1650,Dining and entertainment
TXN008606,CUST0096,2026-07-07,debit,emi,4660,Loan EMI
TXN008607,CUST0096,2026-08-01,credit,salary,16700,Monthly credit
TXN008608,CUST0096,2026-08-05,debit,rent,3730,House rent
TXN008609,CUST0096,2026-08-09,debit,groceries,2170,Groceries
TXN008610,CUST0096,2026-08-12,debit,utilities,960,Electricity and water
TXN008611,CUST0096,2026-08-13,debit,transport,1220,Fuel and commute
TXN008612,CUST0096,2026-08-14,debit,dining_entertainment,1690,Dining and entertainment
TXN008613,CUST0096,2026-08-07,debit,emi,4700,Loan EMI
TXN008614,CUST0096,2026-08-18,debit,insurance_premium,16020,Insurance premium
TXN008615,CUST0096,2026-08-04,debit,shopping,1960,Online shopping
TXN008616,CUST0097,2025-09-03,credit,business_income,22700,Business receipt
TXN008617,CUST0097,2025-09-05,debit,rent,5860,House rent
TXN008618,CUST0097,2025-09-08,debit,groceries,3300,Groceries
TXN008619,CUST0097,2025-09-12,debit,utilities,1310,Electricity and water
TXN008620,CUST0097,2025-09-15,debit,transport,940,Fuel and commute
TXN008621,CUST0097,2025-09-23,debit,dining_entertainment,2040,Dining and entertainment
TXN008622,CUST0097,2025-09-10,debit,sip_investment,2800,Mutual fund SIP
TXN008623,CUST0097,2025-09-15,debit,school_fees,36300,School fees
TXN008624,CUST0097,2025-10-02,credit,business_income,23300,Business receipt
TXN008625,CUST0097,2025-10-05,debit,rent,6710,House rent
TXN008626,CUST0097,2025-10-16,debit,groceries,3440,Groceries
TXN008627,CUST0097,2025-10-12,debit,utilities,830,Electricity and water
TXN008628,CUST0097,2025-10-15,debit,transport,1180,Fuel and commute
TXN008629,CUST0097,2025-10-22,debit,dining_entertainment,1340,Dining and entertainment
TXN008630,CUST0097,2025-10-10,debit,sip_investment,2800,Mutual fund SIP
TXN008631,CUST0097,2025-11-03,credit,business_income,23200,Business receipt
TXN008632,CUST0097,2025-11-05,debit,rent,6430,House rent
TXN008633,CUST0097,2025-11-11,debit,groceries,2060,Groceries
TXN008634,CUST0097,2025-11-12,debit,utilities,1270,Electricity and water
TXN008635,CUST0097,2025-11-17,debit,transport,1700,Fuel and commute
TXN008636,CUST0097,2025-11-15,debit,dining_entertainment,2380,Dining and entertainment
TXN008637,CUST0097,2025-11-10,debit,sip_investment,2800,Mutual fund SIP
TXN008638,CUST0097,2025-12-02,credit,business_income,22500,Business receipt
TXN008639,CUST0097,2025-12-05,debit,rent,6890,House rent
TXN008640,CUST0097,2025-12-07,debit,groceries,2810,Groceries
TXN008641,CUST0097,2025-12-12,debit,utilities,1310,Electricity and water
TXN008642,CUST0097,2025-12-24,debit,transport,1540,Fuel and commute
TXN008643,CUST0097,2025-12-13,debit,dining_entertainment,1170,Dining and entertainment
TXN008644,CUST0097,2025-12-10,debit,sip_investment,2800,Mutual fund SIP
TXN008645,CUST0097,2025-12-15,debit,school_fees,27240,School fees
TXN008646,CUST0097,2026-01-01,credit,business_income,23100,Business receipt
TXN008647,CUST0097,2026-01-05,debit,rent,6710,House rent
TXN008648,CUST0097,2026-01-06,debit,groceries,2380,Groceries
TXN008649,CUST0097,2026-01-12,debit,utilities,750,Electricity and water
TXN008650,CUST0097,2026-01-14,debit,transport,1470,Fuel and commute
TXN008651,CUST0097,2026-01-19,debit,dining_entertainment,1750,Dining and entertainment
TXN008652,CUST0097,2026-01-10,debit,sip_investment,2800,Mutual fund SIP
TXN008653,CUST0097,2026-02-01,credit,business_income,23300,Business receipt
TXN008654,CUST0097,2026-02-05,debit,rent,6790,House rent
TXN008655,CUST0097,2026-02-14,debit,groceries,2950,Groceries
TXN008656,CUST0097,2026-02-12,debit,utilities,1120,Electricity and water
TXN008657,CUST0097,2026-02-12,debit,transport,1120,Fuel and commute
TXN008658,CUST0097,2026-02-23,debit,dining_entertainment,2680,Dining and entertainment
TXN008659,CUST0097,2026-02-10,debit,sip_investment,2800,Mutual fund SIP
TXN008660,CUST0097,2026-03-03,credit,business_income,22800,Business receipt
TXN008661,CUST0097,2026-03-05,debit,rent,6630,House rent
TXN008662,CUST0097,2026-03-10,debit,groceries,2910,Groceries
TXN008663,CUST0097,2026-03-12,debit,utilities,1220,Electricity and water
TXN008664,CUST0097,2026-03-20,debit,transport,1460,Fuel and commute
TXN008665,CUST0097,2026-03-16,debit,dining_entertainment,1830,Dining and entertainment
TXN008666,CUST0097,2026-03-10,debit,sip_investment,2800,Mutual fund SIP
TXN008667,CUST0097,2026-03-15,debit,school_fees,21330,School fees
TXN008668,CUST0097,2026-04-03,credit,business_income,22600,Business receipt
TXN008669,CUST0097,2026-04-05,debit,rent,6900,House rent
TXN008670,CUST0097,2026-04-08,debit,groceries,2280,Groceries
TXN008671,CUST0097,2026-04-12,debit,utilities,1310,Electricity and water
TXN008672,CUST0097,2026-04-13,debit,transport,1490,Fuel and commute
TXN008673,CUST0097,2026-04-17,debit,dining_entertainment,2340,Dining and entertainment
TXN008674,CUST0097,2026-04-10,debit,sip_investment,2800,Mutual fund SIP
TXN008675,CUST0097,2026-04-24,debit,shopping,1840,Online shopping
TXN008676,CUST0097,2026-05-03,credit,business_income,23200,Business receipt
TXN008677,CUST0097,2026-05-05,debit,rent,5860,House rent
TXN008678,CUST0097,2026-05-16,debit,groceries,3370,Groceries
TXN008679,CUST0097,2026-05-12,debit,utilities,1120,Electricity and water
TXN008680,CUST0097,2026-05-21,debit,transport,1120,Fuel and commute
TXN008681,CUST0097,2026-05-20,debit,dining_entertainment,1760,Dining and entertainment
TXN008682,CUST0097,2026-05-10,debit,sip_investment,2800,Mutual fund SIP
TXN008683,CUST0097,2026-06-02,credit,business_income,23300,Business receipt
TXN008684,CUST0097,2026-06-05,debit,rent,5930,House rent
TXN008685,CUST0097,2026-06-20,debit,groceries,3110,Groceries
TXN008686,CUST0097,2026-06-12,debit,utilities,950,Electricity and water
TXN008687,CUST0097,2026-06-25,debit,transport,1870,Fuel and commute
TXN008688,CUST0097,2026-06-15,debit,dining_entertainment,2520,Dining and entertainment
TXN008689,CUST0097,2026-06-10,debit,sip_investment,2800,Mutual fund SIP
TXN008690,CUST0097,2026-06-18,debit,insurance_premium,12830,Insurance premium
TXN008691,CUST0097,2026-06-15,debit,school_fees,33170,School fees
TXN008692,CUST0097,2026-07-02,credit,business_income,23000,Business receipt
TXN008693,CUST0097,2026-07-05,debit,rent,6010,House rent
TXN008694,CUST0097,2026-07-06,debit,groceries,3390,Groceries
TXN008695,CUST0097,2026-07-12,debit,utilities,1020,Electricity and water
TXN008696,CUST0097,2026-07-19,debit,transport,1270,Fuel and commute
TXN008697,CUST0097,2026-07-25,debit,dining_entertainment,2370,Dining and entertainment
TXN008698,CUST0097,2026-07-10,debit,sip_investment,2800,Mutual fund SIP
TXN008699,CUST0097,2026-07-10,debit,shopping,2040,Online shopping
TXN008700,CUST0097,2026-08-01,credit,business_income,23100,Business receipt
TXN008701,CUST0097,2026-08-05,debit,rent,6170,House rent
TXN008702,CUST0097,2026-08-18,debit,groceries,2150,Groceries
TXN008703,CUST0097,2026-08-12,debit,utilities,880,Electricity and water
TXN008704,CUST0097,2026-08-25,debit,transport,1370,Fuel and commute
TXN008705,CUST0097,2026-08-20,debit,dining_entertainment,2180,Dining and entertainment
TXN008706,CUST0097,2026-08-10,debit,sip_investment,2800,Mutual fund SIP
TXN008707,CUST0098,2025-09-02,credit,business_income,2700,Business receipt
TXN008708,CUST0098,2025-09-05,debit,rent,590,House rent
TXN008709,CUST0098,2025-09-20,debit,groceries,480,Groceries
TXN008710,CUST0098,2025-09-12,debit,utilities,160,Electricity and water
TXN008711,CUST0098,2025-09-12,debit,transport,140,Fuel and commute
TXN008712,CUST0098,2025-09-16,debit,dining_entertainment,450,Dining and entertainment
TXN008713,CUST0098,2025-09-18,debit,insurance_premium,1880,Insurance premium
TXN008714,CUST0098,2025-10-02,credit,business_income,2700,Business receipt
TXN008715,CUST0098,2025-10-05,debit,rent,550,House rent
TXN008716,CUST0098,2025-10-16,debit,groceries,430,Groceries
TXN008717,CUST0098,2025-10-12,debit,utilities,100,Electricity and water
TXN008718,CUST0098,2025-10-16,debit,transport,250,Fuel and commute
TXN008719,CUST0098,2025-10-22,debit,dining_entertainment,520,Dining and entertainment
TXN008720,CUST0098,2025-11-02,credit,business_income,2000,Business receipt
TXN008721,CUST0098,2025-11-05,debit,rent,620,House rent
TXN008722,CUST0098,2025-11-06,debit,groceries,480,Groceries
TXN008723,CUST0098,2025-11-12,debit,utilities,120,Electricity and water
TXN008724,CUST0098,2025-11-15,debit,transport,200,Fuel and commute
TXN008725,CUST0098,2025-11-10,debit,dining_entertainment,550,Dining and entertainment
TXN008726,CUST0098,2025-12-03,credit,business_income,1700,Business receipt
TXN008727,CUST0098,2025-12-05,debit,rent,600,House rent
TXN008728,CUST0098,2025-12-07,debit,groceries,330,Groceries
TXN008729,CUST0098,2025-12-12,debit,utilities,190,Electricity and water
TXN008730,CUST0098,2025-12-23,debit,transport,220,Fuel and commute
TXN008731,CUST0098,2025-12-20,debit,dining_entertainment,660,Dining and entertainment
TXN008732,CUST0098,2026-01-01,credit,business_income,3100,Business receipt
TXN008733,CUST0098,2026-01-05,debit,rent,590,House rent
TXN008734,CUST0098,2026-01-09,debit,groceries,420,Groceries
TXN008735,CUST0098,2026-01-12,debit,utilities,100,Electricity and water
TXN008736,CUST0098,2026-01-25,debit,transport,200,Fuel and commute
TXN008737,CUST0098,2026-01-13,debit,dining_entertainment,370,Dining and entertainment
TXN008738,CUST0098,2026-02-01,credit,business_income,4000,Business receipt
TXN008739,CUST0098,2026-02-05,debit,rent,580,House rent
TXN008740,CUST0098,2026-02-15,debit,groceries,370,Groceries
TXN008741,CUST0098,2026-02-12,debit,utilities,190,Electricity and water
TXN008742,CUST0098,2026-02-25,debit,transport,220,Fuel and commute
TXN008743,CUST0098,2026-02-21,debit,dining_entertainment,550,Dining and entertainment
TXN008744,CUST0098,2026-03-03,credit,business_income,5000,Business receipt
TXN008745,CUST0098,2026-03-05,debit,rent,600,House rent
TXN008746,CUST0098,2026-03-17,debit,groceries,500,Groceries
TXN008747,CUST0098,2026-03-12,debit,utilities,160,Electricity and water
TXN008748,CUST0098,2026-03-12,debit,transport,160,Fuel and commute
TXN008749,CUST0098,2026-03-20,debit,dining_entertainment,540,Dining and entertainment
TXN008750,CUST0098,2026-03-24,debit,shopping,380,Online shopping
TXN008751,CUST0098,2026-04-03,credit,business_income,4200,Business receipt
TXN008752,CUST0098,2026-04-05,debit,rent,600,House rent
TXN008753,CUST0098,2026-04-07,debit,groceries,340,Groceries
TXN008754,CUST0098,2026-04-12,debit,utilities,110,Electricity and water
TXN008755,CUST0098,2026-04-12,debit,transport,150,Fuel and commute
TXN008756,CUST0098,2026-04-08,debit,dining_entertainment,420,Dining and entertainment
TXN008757,CUST0098,2026-05-02,credit,business_income,2800,Business receipt
TXN008758,CUST0098,2026-05-05,debit,rent,590,House rent
TXN008759,CUST0098,2026-05-20,debit,groceries,400,Groceries
TXN008760,CUST0098,2026-05-12,debit,utilities,120,Electricity and water
TXN008761,CUST0098,2026-05-11,debit,transport,130,Fuel and commute
TXN008762,CUST0098,2026-05-21,debit,dining_entertainment,280,Dining and entertainment
TXN008763,CUST0098,2026-06-03,credit,business_income,2500,Business receipt
TXN008764,CUST0098,2026-06-05,debit,rent,600,House rent
TXN008765,CUST0098,2026-06-12,debit,groceries,400,Groceries
TXN008766,CUST0098,2026-06-12,debit,utilities,120,Electricity and water
TXN008767,CUST0098,2026-06-24,debit,transport,200,Fuel and commute
TXN008768,CUST0098,2026-06-10,debit,dining_entertainment,660,Dining and entertainment
TXN008769,CUST0098,2026-06-16,debit,shopping,360,Online shopping
TXN008770,CUST0098,2026-07-01,credit,business_income,4000,Business receipt
TXN008771,CUST0098,2026-07-05,debit,rent,550,House rent
TXN008772,CUST0098,2026-07-06,debit,groceries,370,Groceries
TXN008773,CUST0098,2026-07-12,debit,utilities,140,Electricity and water
TXN008774,CUST0098,2026-07-17,debit,transport,190,Fuel and commute
TXN008775,CUST0098,2026-07-09,debit,dining_entertainment,470,Dining and entertainment
TXN008776,CUST0098,2026-08-02,credit,business_income,2400,Business receipt
TXN008777,CUST0098,2026-08-05,debit,rent,600,House rent
TXN008778,CUST0098,2026-08-13,debit,groceries,520,Groceries
TXN008779,CUST0098,2026-08-12,debit,utilities,100,Electricity and water
TXN008780,CUST0098,2026-08-21,debit,transport,280,Fuel and commute
TXN008781,CUST0098,2026-08-20,debit,dining_entertainment,330,Dining and entertainment
TXN008782,CUST0098,2026-08-21,debit,shopping,300,Online shopping
TXN008783,CUST0099,2025-09-01,credit,business_income,22500,Business receipt
TXN008784,CUST0099,2025-09-05,debit,maintenance,760,Society maintenance
TXN008785,CUST0099,2025-09-16,debit,groceries,3070,Groceries
TXN008786,CUST0099,2025-09-12,debit,utilities,910,Electricity and water
TXN008787,CUST0099,2025-09-12,debit,transport,1380,Fuel and commute
TXN008788,CUST0099,2025-09-17,debit,dining_entertainment,2750,Dining and entertainment
TXN008789,CUST0099,2025-09-15,debit,school_fees,21590,School fees
TXN008790,CUST0099,2025-10-02,credit,business_income,26300,Business receipt
TXN008791,CUST0099,2025-10-05,debit,maintenance,780,Society maintenance
TXN008792,CUST0099,2025-10-10,debit,groceries,2870,Groceries
TXN008793,CUST0099,2025-10-12,debit,utilities,1060,Electricity and water
TXN008794,CUST0099,2025-10-19,debit,transport,1550,Fuel and commute
TXN008795,CUST0099,2025-10-16,debit,dining_entertainment,2960,Dining and entertainment
TXN008796,CUST0099,2025-11-01,credit,business_income,21500,Business receipt
TXN008797,CUST0099,2025-11-05,debit,maintenance,690,Society maintenance
TXN008798,CUST0099,2025-11-07,debit,groceries,2710,Groceries
TXN008799,CUST0099,2025-11-12,debit,utilities,1350,Electricity and water
TXN008800,CUST0099,2025-11-13,debit,transport,1390,Fuel and commute
TXN008801,CUST0099,2025-11-26,debit,dining_entertainment,1920,Dining and entertainment
TXN008802,CUST0099,2025-12-02,credit,business_income,31000,Business receipt
TXN008803,CUST0099,2025-12-05,debit,maintenance,680,Society maintenance
TXN008804,CUST0099,2025-12-09,debit,groceries,3050,Groceries
TXN008805,CUST0099,2025-12-12,debit,utilities,1180,Electricity and water
TXN008806,CUST0099,2025-12-23,debit,transport,1340,Fuel and commute
TXN008807,CUST0099,2025-12-24,debit,dining_entertainment,1680,Dining and entertainment
TXN008808,CUST0099,2025-12-15,debit,school_fees,19610,School fees
TXN008809,CUST0099,2026-01-01,credit,business_income,19300,Business receipt
TXN008810,CUST0099,2026-01-05,debit,maintenance,610,Society maintenance
TXN008811,CUST0099,2026-01-12,debit,groceries,2840,Groceries
TXN008812,CUST0099,2026-01-12,debit,utilities,850,Electricity and water
TXN008813,CUST0099,2026-01-16,debit,transport,1910,Fuel and commute
TXN008814,CUST0099,2026-01-25,debit,dining_entertainment,2990,Dining and entertainment
TXN008815,CUST0099,2026-02-02,credit,business_income,26600,Business receipt
TXN008816,CUST0099,2026-02-05,debit,maintenance,630,Society maintenance
TXN008817,CUST0099,2026-02-06,debit,groceries,2540,Groceries
TXN008818,CUST0099,2026-02-12,debit,utilities,1500,Electricity and water
TXN008819,CUST0099,2026-02-24,debit,transport,1960,Fuel and commute
TXN008820,CUST0099,2026-02-13,debit,dining_entertainment,1440,Dining and entertainment
TXN008821,CUST0099,2026-02-18,debit,insurance_premium,15190,Insurance premium
TXN008822,CUST0099,2026-02-19,debit,shopping,1490,Online shopping
TXN008823,CUST0099,2026-03-02,credit,business_income,22400,Business receipt
TXN008824,CUST0099,2026-03-05,debit,maintenance,790,Society maintenance
TXN008825,CUST0099,2026-03-11,debit,groceries,3640,Groceries
TXN008826,CUST0099,2026-03-12,debit,utilities,1000,Electricity and water
TXN008827,CUST0099,2026-03-14,debit,transport,2010,Fuel and commute
TXN008828,CUST0099,2026-03-12,debit,dining_entertainment,2760,Dining and entertainment
TXN008829,CUST0099,2026-03-15,debit,school_fees,10530,School fees
TXN008830,CUST0099,2026-03-20,debit,medical,3910,Medical expenses
TXN008831,CUST0099,2026-04-01,credit,business_income,21700,Business receipt
TXN008832,CUST0099,2026-04-05,debit,maintenance,640,Society maintenance
TXN008833,CUST0099,2026-04-15,debit,groceries,3340,Groceries
TXN008834,CUST0099,2026-04-12,debit,utilities,790,Electricity and water
TXN008835,CUST0099,2026-04-21,debit,transport,1040,Fuel and commute
TXN008836,CUST0099,2026-04-11,debit,dining_entertainment,1400,Dining and entertainment
TXN008837,CUST0099,2026-05-02,credit,business_income,22200,Business receipt
TXN008838,CUST0099,2026-05-05,debit,maintenance,860,Society maintenance
TXN008839,CUST0099,2026-05-15,debit,groceries,3190,Groceries
TXN008840,CUST0099,2026-05-12,debit,utilities,1050,Electricity and water
TXN008841,CUST0099,2026-05-20,debit,transport,1420,Fuel and commute
TXN008842,CUST0099,2026-05-23,debit,dining_entertainment,2340,Dining and entertainment
TXN008843,CUST0099,2026-06-01,credit,business_income,23900,Business receipt
TXN008844,CUST0099,2026-06-05,debit,maintenance,880,Society maintenance
TXN008845,CUST0099,2026-06-07,debit,groceries,3330,Groceries
TXN008846,CUST0099,2026-06-12,debit,utilities,950,Electricity and water
TXN008847,CUST0099,2026-06-19,debit,transport,1460,Fuel and commute
TXN008848,CUST0099,2026-06-18,debit,dining_entertainment,1550,Dining and entertainment
TXN008849,CUST0099,2026-06-15,debit,school_fees,15050,School fees
TXN008850,CUST0099,2026-06-20,debit,shopping,2870,Online shopping
TXN008851,CUST0099,2026-07-01,credit,business_income,22800,Business receipt
TXN008852,CUST0099,2026-07-05,debit,maintenance,690,Society maintenance
TXN008853,CUST0099,2026-07-19,debit,groceries,2580,Groceries
TXN008854,CUST0099,2026-07-12,debit,utilities,1060,Electricity and water
TXN008855,CUST0099,2026-07-14,debit,transport,2180,Fuel and commute
TXN008856,CUST0099,2026-07-15,debit,dining_entertainment,1260,Dining and entertainment
TXN008857,CUST0099,2026-08-02,credit,business_income,19500,Business receipt
TXN008858,CUST0099,2026-08-05,debit,maintenance,660,Society maintenance
TXN008859,CUST0099,2026-08-10,debit,groceries,2450,Groceries
TXN008860,CUST0099,2026-08-12,debit,utilities,930,Electricity and water
TXN008861,CUST0099,2026-08-23,debit,transport,1570,Fuel and commute
TXN008862,CUST0099,2026-08-20,debit,dining_entertainment,2120,Dining and entertainment
TXN008863,CUST0100,2025-09-03,credit,business_income,8700,Business receipt
TXN008864,CUST0100,2025-09-05,debit,maintenance,340,Society maintenance
TXN008865,CUST0100,2025-09-10,debit,groceries,1270,Groceries
TXN008866,CUST0100,2025-09-12,debit,utilities,400,Electricity and water
TXN008867,CUST0100,2025-09-11,debit,transport,670,Fuel and commute
TXN008868,CUST0100,2025-09-10,debit,dining_entertainment,580,Dining and entertainment
TXN008869,CUST0100,2025-10-02,credit,business_income,9400,Business receipt
TXN008870,CUST0100,2025-10-05,debit,maintenance,240,Society maintenance
TXN008871,CUST0100,2025-10-06,debit,groceries,1060,Groceries
TXN008872,CUST0100,2025-10-12,debit,utilities,380,Electricity and water
TXN008873,CUST0100,2025-10-11,debit,transport,800,Fuel and commute
TXN008874,CUST0100,2025-10-25,debit,dining_entertainment,580,Dining and entertainment
TXN008875,CUST0100,2025-11-01,credit,business_income,12400,Business receipt
TXN008876,CUST0100,2025-11-05,debit,maintenance,250,Society maintenance
TXN008877,CUST0100,2025-11-10,debit,groceries,1260,Groceries
TXN008878,CUST0100,2025-11-12,debit,utilities,410,Electricity and water
TXN008879,CUST0100,2025-11-24,debit,transport,550,Fuel and commute
TXN008880,CUST0100,2025-11-13,debit,dining_entertainment,1000,Dining and entertainment
TXN008881,CUST0100,2025-11-22,debit,shopping,1170,Online shopping
TXN008882,CUST0100,2025-12-01,credit,business_income,11500,Business receipt
TXN008883,CUST0100,2025-12-05,debit,maintenance,250,Society maintenance
TXN008884,CUST0100,2025-12-12,debit,groceries,970,Groceries
TXN008885,CUST0100,2025-12-12,debit,utilities,460,Electricity and water
TXN008886,CUST0100,2025-12-16,debit,transport,440,Fuel and commute
TXN008887,CUST0100,2025-12-15,debit,dining_entertainment,1090,Dining and entertainment
TXN008888,CUST0100,2025-12-15,debit,medical,1170,Medical expenses
TXN008889,CUST0100,2026-01-03,credit,business_income,7200,Business receipt
TXN008890,CUST0100,2026-01-05,debit,maintenance,250,Society maintenance
TXN008891,CUST0100,2026-01-18,debit,groceries,1500,Groceries
TXN008892,CUST0100,2026-01-12,debit,utilities,420,Electricity and water
TXN008893,CUST0100,2026-01-10,debit,transport,850,Fuel and commute
TXN008894,CUST0100,2026-01-21,debit,dining_entertainment,780,Dining and entertainment
TXN008895,CUST0100,2026-02-02,credit,business_income,10400,Business receipt
TXN008896,CUST0100,2026-02-05,debit,maintenance,260,Society maintenance
TXN008897,CUST0100,2026-02-08,debit,groceries,1400,Groceries
TXN008898,CUST0100,2026-02-12,debit,utilities,370,Electricity and water
TXN008899,CUST0100,2026-02-11,debit,transport,570,Fuel and commute
TXN008900,CUST0100,2026-02-13,debit,dining_entertainment,520,Dining and entertainment
TXN008901,CUST0100,2026-03-02,credit,business_income,10100,Business receipt
TXN008902,CUST0100,2026-03-05,debit,maintenance,330,Society maintenance
TXN008903,CUST0100,2026-03-06,debit,groceries,1000,Groceries
TXN008904,CUST0100,2026-03-12,debit,utilities,350,Electricity and water
TXN008905,CUST0100,2026-03-14,debit,transport,740,Fuel and commute
TXN008906,CUST0100,2026-03-25,debit,dining_entertainment,500,Dining and entertainment
TXN008907,CUST0100,2026-03-21,debit,shopping,1150,Online shopping
TXN008908,CUST0100,2026-04-01,credit,business_income,11600,Business receipt
TXN008909,CUST0100,2026-04-05,debit,maintenance,240,Society maintenance
TXN008910,CUST0100,2026-04-08,debit,groceries,1370,Groceries
TXN008911,CUST0100,2026-04-12,debit,utilities,490,Electricity and water
TXN008912,CUST0100,2026-04-11,debit,transport,450,Fuel and commute
TXN008913,CUST0100,2026-04-09,debit,dining_entertainment,1090,Dining and entertainment
TXN008914,CUST0100,2026-05-02,credit,business_income,9300,Business receipt
TXN008915,CUST0100,2026-05-05,debit,maintenance,310,Society maintenance
TXN008916,CUST0100,2026-05-17,debit,groceries,1260,Groceries
TXN008917,CUST0100,2026-05-12,debit,utilities,520,Electricity and water
TXN008918,CUST0100,2026-05-25,debit,transport,440,Fuel and commute
TXN008919,CUST0100,2026-05-23,debit,dining_entertainment,920,Dining and entertainment
TXN008920,CUST0100,2026-06-03,credit,business_income,7500,Business receipt
TXN008921,CUST0100,2026-06-05,debit,maintenance,340,Society maintenance
TXN008922,CUST0100,2026-06-10,debit,groceries,1010,Groceries
TXN008923,CUST0100,2026-06-12,debit,utilities,300,Electricity and water
TXN008924,CUST0100,2026-06-17,debit,transport,570,Fuel and commute
TXN008925,CUST0100,2026-06-22,debit,dining_entertainment,850,Dining and entertainment
TXN008926,CUST0100,2026-07-02,credit,business_income,10500,Business receipt
TXN008927,CUST0100,2026-07-05,debit,maintenance,290,Society maintenance
TXN008928,CUST0100,2026-07-08,debit,groceries,1520,Groceries
TXN008929,CUST0100,2026-07-12,debit,utilities,340,Electricity and water
TXN008930,CUST0100,2026-07-20,debit,transport,680,Fuel and commute
TXN008931,CUST0100,2026-07-25,debit,dining_entertainment,740,Dining and entertainment
TXN008932,CUST0100,2026-07-18,debit,insurance_premium,7400,Insurance premium
TXN008933,CUST0100,2026-08-01,credit,business_income,11200,Business receipt
TXN008934,CUST0100,2026-08-05,debit,maintenance,290,Society maintenance
TXN008935,CUST0100,2026-08-13,debit,groceries,1310,Groceries
TXN008936,CUST0100,2026-08-12,debit,utilities,460,Electricity and water
TXN008937,CUST0100,2026-08-15,debit,transport,850,Fuel and commute
TXN008938,CUST0100,2026-08-10,debit,dining_entertainment,540,Dining and entertainment
TXN008939,CUST0100,2026-08-19,debit,shopping,760,Online shopping
TXN008940,CUST0101,2025-09-03,credit,salary,13100,Monthly credit
TXN008941,CUST0101,2025-09-05,debit,maintenance,410,Society maintenance
TXN008942,CUST0101,2025-09-20,debit,groceries,1800,Groceries
TXN008943,CUST0101,2025-09-12,debit,utilities,780,Electricity and water
TXN008944,CUST0101,2025-09-11,debit,transport,570,Fuel and commute
TXN008945,CUST0101,2025-09-23,debit,dining_entertainment,1450,Dining and entertainment
TXN008946,CUST0101,2025-09-15,debit,school_fees,7180,School fees
TXN008947,CUST0101,2025-09-09,debit,medical,3550,Medical expenses
TXN008948,CUST0101,2025-09-28,credit,interest_payout,570,Deposit interest payout
TXN008949,CUST0101,2025-10-02,credit,salary,13200,Monthly credit
TXN008950,CUST0101,2025-10-05,debit,maintenance,420,Society maintenance
TXN008951,CUST0101,2025-10-11,debit,groceries,1340,Groceries
TXN008952,CUST0101,2025-10-12,debit,utilities,680,Electricity and water
TXN008953,CUST0101,2025-10-13,debit,transport,1110,Fuel and commute
TXN008954,CUST0101,2025-10-13,debit,dining_entertainment,1100,Dining and entertainment
TXN008955,CUST0101,2025-11-01,credit,salary,13200,Monthly credit
TXN008956,CUST0101,2025-11-05,debit,maintenance,350,Society maintenance
TXN008957,CUST0101,2025-11-08,debit,groceries,1600,Groceries
TXN008958,CUST0101,2025-11-12,debit,utilities,400,Electricity and water
TXN008959,CUST0101,2025-11-14,debit,transport,1090,Fuel and commute
TXN008960,CUST0101,2025-11-20,debit,dining_entertainment,760,Dining and entertainment
TXN008961,CUST0101,2025-11-28,credit,interest_payout,400,Deposit interest payout
TXN008962,CUST0101,2025-12-02,credit,salary,13300,Monthly credit
TXN008963,CUST0101,2025-12-05,debit,maintenance,450,Society maintenance
TXN008964,CUST0101,2025-12-09,debit,groceries,1360,Groceries
TXN008965,CUST0101,2025-12-12,debit,utilities,680,Electricity and water
TXN008966,CUST0101,2025-12-16,debit,transport,520,Fuel and commute
TXN008967,CUST0101,2025-12-17,debit,dining_entertainment,820,Dining and entertainment
TXN008968,CUST0101,2025-12-15,debit,school_fees,7200,School fees
TXN008969,CUST0101,2025-12-28,credit,interest_payout,520,Deposit interest payout
TXN008970,CUST0101,2026-01-03,credit,salary,13100,Monthly credit
TXN008971,CUST0101,2026-01-05,debit,maintenance,410,Society maintenance
TXN008972,CUST0101,2026-01-06,debit,groceries,2030,Groceries
TXN008973,CUST0101,2026-01-12,debit,utilities,500,Electricity and water
TXN008974,CUST0101,2026-01-15,debit,transport,540,Fuel and commute
TXN008975,CUST0101,2026-01-19,debit,dining_entertainment,640,Dining and entertainment
TXN008976,CUST0101,2026-01-28,credit,interest_payout,440,Deposit interest payout
TXN008977,CUST0101,2026-02-02,credit,salary,13200,Monthly credit
TXN008978,CUST0101,2026-02-05,debit,maintenance,340,Society maintenance
TXN008979,CUST0101,2026-02-13,debit,groceries,1810,Groceries
TXN008980,CUST0101,2026-02-12,debit,utilities,490,Electricity and water
TXN008981,CUST0101,2026-02-15,debit,transport,980,Fuel and commute
TXN008982,CUST0101,2026-02-14,debit,dining_entertainment,1000,Dining and entertainment
TXN008983,CUST0101,2026-02-28,credit,interest_payout,480,Deposit interest payout
TXN008984,CUST0101,2026-03-02,credit,salary,13000,Monthly credit
TXN008985,CUST0101,2026-03-05,debit,maintenance,460,Society maintenance
TXN008986,CUST0101,2026-03-18,debit,groceries,1620,Groceries
TXN008987,CUST0101,2026-03-12,debit,utilities,460,Electricity and water
TXN008988,CUST0101,2026-03-14,debit,transport,1120,Fuel and commute
TXN008989,CUST0101,2026-03-10,debit,dining_entertainment,640,Dining and entertainment
TXN008990,CUST0101,2026-03-15,debit,school_fees,11090,School fees
TXN008991,CUST0101,2026-03-07,debit,shopping,1350,Online shopping
TXN008992,CUST0101,2026-03-28,credit,interest_payout,450,Deposit interest payout
TXN008993,CUST0101,2026-04-01,credit,salary,13200,Monthly credit
TXN008994,CUST0101,2026-04-05,debit,maintenance,330,Society maintenance
TXN008995,CUST0101,2026-04-07,debit,groceries,1440,Groceries
TXN008996,CUST0101,2026-04-12,debit,utilities,520,Electricity and water
TXN008997,CUST0101,2026-04-23,debit,transport,1090,Fuel and commute
TXN008998,CUST0101,2026-04-12,debit,dining_entertainment,830,Dining and entertainment
TXN008999,CUST0101,2026-04-28,credit,interest_payout,560,Deposit interest payout
TXN009000,CUST0101,2026-05-01,credit,salary,13000,Monthly credit
TXN009001,CUST0101,2026-05-05,debit,maintenance,380,Society maintenance
TXN009002,CUST0101,2026-05-08,debit,groceries,1840,Groceries
TXN009003,CUST0101,2026-05-12,debit,utilities,650,Electricity and water
TXN009004,CUST0101,2026-05-19,debit,transport,640,Fuel and commute
TXN009005,CUST0101,2026-05-13,debit,dining_entertainment,1260,Dining and entertainment
TXN009006,CUST0101,2026-05-12,debit,medical,2390,Medical expenses
TXN009007,CUST0101,2026-05-28,credit,interest_payout,270,Deposit interest payout
TXN009008,CUST0101,2026-06-02,credit,salary,13200,Monthly credit
TXN009009,CUST0101,2026-06-05,debit,maintenance,330,Society maintenance
TXN009010,CUST0101,2026-06-07,debit,groceries,1370,Groceries
TXN009011,CUST0101,2026-06-12,debit,utilities,480,Electricity and water
TXN009012,CUST0101,2026-06-11,debit,transport,880,Fuel and commute
TXN009013,CUST0101,2026-06-26,debit,dining_entertainment,670,Dining and entertainment
TXN009014,CUST0101,2026-06-15,debit,school_fees,8780,School fees
TXN009015,CUST0101,2026-06-28,credit,interest_payout,690,Deposit interest payout
TXN009016,CUST0101,2026-07-01,credit,salary,12900,Monthly credit
TXN009017,CUST0101,2026-07-05,debit,maintenance,330,Society maintenance
TXN009018,CUST0101,2026-07-18,debit,groceries,1940,Groceries
TXN009019,CUST0101,2026-07-12,debit,utilities,420,Electricity and water
TXN009020,CUST0101,2026-07-13,debit,transport,1010,Fuel and commute
TXN009021,CUST0101,2026-07-25,debit,dining_entertainment,1300,Dining and entertainment
TXN009022,CUST0101,2026-07-28,credit,interest_payout,520,Deposit interest payout
TXN009023,CUST0101,2026-08-01,credit,salary,13100,Monthly credit
TXN009024,CUST0101,2026-08-05,debit,maintenance,330,Society maintenance
TXN009025,CUST0101,2026-08-14,debit,groceries,1720,Groceries
TXN009026,CUST0101,2026-08-12,debit,utilities,520,Electricity and water
TXN009027,CUST0101,2026-08-11,debit,transport,890,Fuel and commute
TXN009028,CUST0101,2026-08-17,debit,dining_entertainment,1000,Dining and entertainment
TXN009029,CUST0101,2026-08-18,debit,insurance_premium,15470,Insurance premium
TXN009030,CUST0101,2026-08-28,credit,interest_payout,460,Deposit interest payout
TXN009031,CUST0102,2025-09-03,credit,salary,6200,Monthly credit
TXN009032,CUST0102,2025-09-05,debit,rent,1090,House rent
TXN009033,CUST0102,2025-09-14,debit,groceries,920,Groceries
TXN009034,CUST0102,2025-09-12,debit,utilities,240,Electricity and water
TXN009035,CUST0102,2025-09-22,debit,transport,480,Fuel and commute
TXN009036,CUST0102,2025-09-17,debit,dining_entertainment,580,Dining and entertainment
TXN009037,CUST0102,2025-10-03,credit,salary,6200,Monthly credit
TXN009038,CUST0102,2025-10-05,debit,rent,1010,House rent
TXN009039,CUST0102,2025-10-08,debit,groceries,750,Groceries
TXN009040,CUST0102,2025-10-12,debit,utilities,220,Electricity and water
TXN009041,CUST0102,2025-10-13,debit,transport,450,Fuel and commute
TXN009042,CUST0102,2025-10-21,debit,dining_entertainment,570,Dining and entertainment
TXN009043,CUST0102,2025-10-03,debit,shopping,290,Online shopping
TXN009044,CUST0102,2025-11-01,credit,salary,6200,Monthly credit
TXN009045,CUST0102,2025-11-05,debit,rent,1000,House rent
TXN009046,CUST0102,2025-11-10,debit,groceries,630,Groceries
TXN009047,CUST0102,2025-11-12,debit,utilities,280,Electricity and water
TXN009048,CUST0102,2025-11-13,debit,transport,490,Fuel and commute
TXN009049,CUST0102,2025-11-23,debit,dining_entertainment,420,Dining and entertainment
TXN009050,CUST0102,2025-12-03,credit,salary,6200,Monthly credit
TXN009051,CUST0102,2025-12-05,debit,rent,1180,House rent
TXN009052,CUST0102,2025-12-19,debit,groceries,600,Groceries
TXN009053,CUST0102,2025-12-12,debit,utilities,300,Electricity and water
TXN009054,CUST0102,2025-12-23,debit,transport,290,Fuel and commute
TXN009055,CUST0102,2025-12-16,debit,dining_entertainment,560,Dining and entertainment
TXN009056,CUST0102,2026-01-03,credit,salary,6200,Monthly credit
TXN009057,CUST0102,2026-01-05,debit,rent,1140,House rent
TXN009058,CUST0102,2026-01-14,debit,groceries,610,Groceries
TXN009059,CUST0102,2026-01-12,debit,utilities,190,Electricity and water
TXN009060,CUST0102,2026-01-23,debit,transport,310,Fuel and commute
TXN009061,CUST0102,2026-01-08,debit,dining_entertainment,490,Dining and entertainment
TXN009062,CUST0102,2026-02-01,credit,salary,6300,Monthly credit
TXN009063,CUST0102,2026-02-05,debit,rent,990,House rent
TXN009064,CUST0102,2026-02-17,debit,groceries,970,Groceries
TXN009065,CUST0102,2026-02-12,debit,utilities,210,Electricity and water
TXN009066,CUST0102,2026-02-22,debit,transport,350,Fuel and commute
TXN009067,CUST0102,2026-02-11,debit,dining_entertainment,380,Dining and entertainment
TXN009068,CUST0102,2026-02-12,debit,medical,1690,Medical expenses
TXN009069,CUST0102,2026-03-03,credit,salary,6100,Monthly credit
TXN009070,CUST0102,2026-03-05,debit,rent,1180,House rent
TXN009071,CUST0102,2026-03-06,debit,groceries,800,Groceries
TXN009072,CUST0102,2026-03-12,debit,utilities,360,Electricity and water
TXN009073,CUST0102,2026-03-15,debit,transport,420,Fuel and commute
TXN009074,CUST0102,2026-03-13,debit,dining_entertainment,710,Dining and entertainment
TXN009075,CUST0102,2026-04-01,credit,salary,6200,Monthly credit
TXN009076,CUST0102,2026-04-05,debit,rent,1080,House rent
TXN009077,CUST0102,2026-04-12,debit,groceries,790,Groceries
TXN009078,CUST0102,2026-04-12,debit,utilities,210,Electricity and water
TXN009079,CUST0102,2026-04-23,debit,transport,390,Fuel and commute
TXN009080,CUST0102,2026-04-15,debit,dining_entertainment,720,Dining and entertainment
TXN009081,CUST0102,2026-04-18,debit,insurance_premium,4120,Insurance premium
TXN009082,CUST0102,2026-05-03,credit,salary,6300,Monthly credit
TXN009083,CUST0102,2026-05-05,debit,rent,1120,House rent
TXN009084,CUST0102,2026-05-18,debit,groceries,730,Groceries
TXN009085,CUST0102,2026-05-12,debit,utilities,350,Electricity and water
TXN009086,CUST0102,2026-05-25,debit,transport,310,Fuel and commute
TXN009087,CUST0102,2026-05-10,debit,dining_entertainment,480,Dining and entertainment
TXN009088,CUST0102,2026-06-03,credit,salary,6300,Monthly credit
TXN009089,CUST0102,2026-06-05,debit,rent,1190,House rent
TXN009090,CUST0102,2026-06-18,debit,groceries,890,Groceries
TXN009091,CUST0102,2026-06-12,debit,utilities,260,Electricity and water
TXN009092,CUST0102,2026-06-13,debit,transport,370,Fuel and commute
TXN009093,CUST0102,2026-06-25,debit,dining_entertainment,410,Dining and entertainment
TXN009094,CUST0102,2026-07-01,credit,salary,6100,Monthly credit
TXN009095,CUST0102,2026-07-05,debit,rent,1030,House rent
TXN009096,CUST0102,2026-07-18,debit,groceries,850,Groceries
TXN009097,CUST0102,2026-07-12,debit,utilities,210,Electricity and water
TXN009098,CUST0102,2026-07-14,debit,transport,530,Fuel and commute
TXN009099,CUST0102,2026-07-25,debit,dining_entertainment,340,Dining and entertainment
TXN009100,CUST0102,2026-08-01,credit,salary,6100,Monthly credit
TXN009101,CUST0102,2026-08-05,debit,rent,1090,House rent
TXN009102,CUST0102,2026-08-19,debit,groceries,820,Groceries
TXN009103,CUST0102,2026-08-12,debit,utilities,190,Electricity and water
TXN009104,CUST0102,2026-08-10,debit,transport,390,Fuel and commute
TXN009105,CUST0102,2026-08-23,debit,dining_entertainment,480,Dining and entertainment
TXN009106,CUST0102,2026-08-27,debit,shopping,210,Online shopping
TXN009107,CUST0103,2025-09-03,credit,business_income,14500,Business receipt
TXN009108,CUST0103,2025-09-05,debit,rent,3130,House rent
TXN009109,CUST0103,2025-09-19,debit,groceries,2020,Groceries
TXN009110,CUST0103,2025-09-12,debit,utilities,510,Electricity and water
TXN009111,CUST0103,2025-09-14,debit,transport,1050,Fuel and commute
TXN009112,CUST0103,2025-09-22,debit,dining_entertainment,1100,Dining and entertainment
TXN009113,CUST0103,2025-09-07,debit,emi,3540,Loan EMI
TXN009114,CUST0103,2025-09-18,debit,insurance_premium,8160,Insurance premium
TXN009115,CUST0103,2025-09-15,debit,school_fees,11590,School fees
TXN009116,CUST0103,2025-10-03,credit,business_income,14200,Business receipt
TXN009117,CUST0103,2025-10-05,debit,rent,3330,House rent
TXN009118,CUST0103,2025-10-14,debit,groceries,1820,Groceries
TXN009119,CUST0103,2025-10-12,debit,utilities,680,Electricity and water
TXN009120,CUST0103,2025-10-25,debit,transport,770,Fuel and commute
TXN009121,CUST0103,2025-10-08,debit,dining_entertainment,820,Dining and entertainment
TXN009122,CUST0103,2025-10-07,debit,emi,3550,Loan EMI
TXN009123,CUST0103,2025-10-14,debit,shopping,870,Online shopping
TXN009124,CUST0103,2025-11-02,credit,business_income,15000,Business receipt
TXN009125,CUST0103,2025-11-05,debit,rent,3130,House rent
TXN009126,CUST0103,2025-11-15,debit,groceries,1930,Groceries
TXN009127,CUST0103,2025-11-12,debit,utilities,750,Electricity and water
TXN009128,CUST0103,2025-11-13,debit,transport,920,Fuel and commute
TXN009129,CUST0103,2025-11-22,debit,dining_entertainment,780,Dining and entertainment
TXN009130,CUST0103,2025-11-07,debit,emi,3490,Loan EMI
TXN009131,CUST0103,2025-12-01,credit,business_income,16600,Business receipt
TXN009132,CUST0103,2025-12-05,debit,rent,3020,House rent
TXN009133,CUST0103,2025-12-10,debit,groceries,1420,Groceries
TXN009134,CUST0103,2025-12-12,debit,utilities,670,Electricity and water
TXN009135,CUST0103,2025-12-10,debit,transport,960,Fuel and commute
TXN009136,CUST0103,2025-12-17,debit,dining_entertainment,1390,Dining and entertainment
TXN009137,CUST0103,2025-12-07,debit,emi,3540,Loan EMI
TXN009138,CUST0103,2025-12-15,debit,school_fees,9310,School fees
TXN009139,CUST0103,2026-01-01,credit,business_income,14500,Business receipt
TXN009140,CUST0103,2026-01-05,debit,rent,3280,House rent
TXN009141,CUST0103,2026-01-15,debit,groceries,1600,Groceries
TXN009142,CUST0103,2026-01-12,debit,utilities,800,Electricity and water
TXN009143,CUST0103,2026-01-24,debit,transport,740,Fuel and commute
TXN009144,CUST0103,2026-01-20,debit,dining_entertainment,1200,Dining and entertainment
TXN009145,CUST0103,2026-01-07,debit,emi,3510,Loan EMI
TXN009146,CUST0103,2026-02-02,credit,business_income,14200,Business receipt
TXN009147,CUST0103,2026-02-05,debit,rent,3230,House rent
TXN009148,CUST0103,2026-02-14,debit,groceries,1680,Groceries
TXN009149,CUST0103,2026-02-12,debit,utilities,540,Electricity and water
TXN009150,CUST0103,2026-02-19,debit,transport,950,Fuel and commute
TXN009151,CUST0103,2026-02-10,debit,dining_entertainment,1040,Dining and entertainment
TXN009152,CUST0103,2026-02-07,debit,emi,3540,Loan EMI
TXN009153,CUST0103,2026-03-02,credit,business_income,13500,Business receipt
TXN009154,CUST0103,2026-03-05,debit,rent,2870,House rent
TXN009155,CUST0103,2026-03-10,debit,groceries,1650,Groceries
TXN009156,CUST0103,2026-03-12,debit,utilities,740,Electricity and water
TXN009157,CUST0103,2026-03-20,debit,transport,890,Fuel and commute
TXN009158,CUST0103,2026-03-26,debit,dining_entertainment,840,Dining and entertainment
TXN009159,CUST0103,2026-03-07,debit,emi,3510,Loan EMI
TXN009160,CUST0103,2026-03-15,debit,school_fees,8990,School fees
TXN009161,CUST0103,2026-04-01,credit,business_income,14100,Business receipt
TXN009162,CUST0103,2026-04-05,debit,rent,2970,House rent
TXN009163,CUST0103,2026-04-18,debit,groceries,1510,Groceries
TXN009164,CUST0103,2026-04-12,debit,utilities,640,Electricity and water
TXN009165,CUST0103,2026-04-22,debit,transport,980,Fuel and commute
TXN009166,CUST0103,2026-04-18,debit,dining_entertainment,1490,Dining and entertainment
TXN009167,CUST0103,2026-04-07,debit,emi,3540,Loan EMI
TXN009168,CUST0103,2026-05-02,credit,business_income,9700,Business receipt
TXN009169,CUST0103,2026-05-05,debit,rent,2890,House rent
TXN009170,CUST0103,2026-05-12,debit,groceries,1640,Groceries
TXN009171,CUST0103,2026-05-12,debit,utilities,560,Electricity and water
TXN009172,CUST0103,2026-05-11,debit,transport,910,Fuel and commute
TXN009173,CUST0103,2026-05-25,debit,dining_entertainment,660,Dining and entertainment
TXN009174,CUST0103,2026-05-07,debit,emi,3490,Loan EMI
TXN009175,CUST0103,2026-06-01,credit,business_income,13600,Business receipt
TXN009176,CUST0103,2026-06-05,debit,rent,2800,House rent
TXN009177,CUST0103,2026-06-15,debit,groceries,2040,Groceries
TXN009178,CUST0103,2026-06-12,debit,utilities,620,Electricity and water
TXN009179,CUST0103,2026-06-11,debit,transport,1130,Fuel and commute
TXN009180,CUST0103,2026-06-17,debit,dining_entertainment,960,Dining and entertainment
TXN009181,CUST0103,2026-06-07,debit,emi,3520,Loan EMI
TXN009182,CUST0103,2026-06-15,debit,school_fees,9050,School fees
TXN009183,CUST0103,2026-07-03,credit,business_income,13200,Business receipt
TXN009184,CUST0103,2026-07-05,debit,rent,3420,House rent
TXN009185,CUST0103,2026-07-12,debit,groceries,1730,Groceries
TXN009186,CUST0103,2026-07-12,debit,utilities,800,Electricity and water
TXN009187,CUST0103,2026-07-14,debit,transport,690,Fuel and commute
TXN009188,CUST0103,2026-07-22,debit,dining_entertainment,1540,Dining and entertainment
TXN009189,CUST0103,2026-07-07,debit,emi,3530,Loan EMI
TXN009190,CUST0103,2026-07-24,debit,shopping,660,Online shopping
TXN009191,CUST0103,2026-08-02,credit,business_income,12200,Business receipt
TXN009192,CUST0103,2026-08-05,debit,rent,3280,House rent
TXN009193,CUST0103,2026-08-15,debit,groceries,1590,Groceries
TXN009194,CUST0103,2026-08-12,debit,utilities,760,Electricity and water
TXN009195,CUST0103,2026-08-21,debit,transport,1060,Fuel and commute
TXN009196,CUST0103,2026-08-08,debit,dining_entertainment,1270,Dining and entertainment
TXN009197,CUST0103,2026-08-07,debit,emi,3540,Loan EMI
TXN009198,CUST0104,2025-09-02,credit,salary,16800,Monthly credit
TXN009199,CUST0104,2025-09-05,debit,maintenance,480,Society maintenance
TXN009200,CUST0104,2025-09-14,debit,groceries,2170,Groceries
TXN009201,CUST0104,2025-09-12,debit,utilities,880,Electricity and water
TXN009202,CUST0104,2025-09-10,debit,transport,1430,Fuel and commute
TXN009203,CUST0104,2025-09-24,debit,dining_entertainment,1590,Dining and entertainment
TXN009204,CUST0104,2025-09-07,debit,emi,5130,Loan EMI
TXN009205,CUST0104,2025-09-10,debit,sip_investment,3800,Mutual fund SIP
TXN009206,CUST0104,2025-09-15,debit,school_fees,20340,School fees
TXN009207,CUST0104,2025-09-27,debit,shopping,670,Online shopping
TXN009208,CUST0104,2025-10-02,credit,salary,16500,Monthly credit
TXN009209,CUST0104,2025-10-05,debit,maintenance,580,Society maintenance
TXN009210,CUST0104,2025-10-09,debit,groceries,1650,Groceries
TXN009211,CUST0104,2025-10-12,debit,utilities,630,Electricity and water
TXN009212,CUST0104,2025-10-18,debit,transport,910,Fuel and commute
TXN009213,CUST0104,2025-10-09,debit,dining_entertainment,960,Dining and entertainment
TXN009214,CUST0104,2025-10-07,debit,emi,5120,Loan EMI
TXN009215,CUST0104,2025-10-10,debit,sip_investment,3800,Mutual fund SIP
TXN009216,CUST0104,2025-11-02,credit,salary,16600,Monthly credit
TXN009217,CUST0104,2025-11-05,debit,maintenance,560,Society maintenance
TXN009218,CUST0104,2025-11-10,debit,groceries,1940,Groceries
TXN009219,CUST0104,2025-11-12,debit,utilities,970,Electricity and water
TXN009220,CUST0104,2025-11-14,debit,transport,980,Fuel and commute
TXN009221,CUST0104,2025-11-19,debit,dining_entertainment,940,Dining and entertainment
TXN009222,CUST0104,2025-11-07,debit,emi,5150,Loan EMI
TXN009223,CUST0104,2025-11-10,debit,sip_investment,3800,Mutual fund SIP
TXN009224,CUST0104,2025-12-02,credit,salary,16600,Monthly credit
TXN009225,CUST0104,2025-12-05,debit,maintenance,550,Society maintenance
TXN009226,CUST0104,2025-12-19,debit,groceries,1720,Groceries
TXN009227,CUST0104,2025-12-12,debit,utilities,590,Electricity and water
TXN009228,CUST0104,2025-12-20,debit,transport,1180,Fuel and commute
TXN009229,CUST0104,2025-12-17,debit,dining_entertainment,1080,Dining and entertainment
TXN009230,CUST0104,2025-12-07,debit,emi,5130,Loan EMI
TXN009231,CUST0104,2025-12-10,debit,sip_investment,3800,Mutual fund SIP
TXN009232,CUST0104,2025-12-15,debit,school_fees,13890,School fees
TXN009233,CUST0104,2026-01-03,credit,salary,16600,Monthly credit
TXN009234,CUST0104,2026-01-05,debit,maintenance,460,Society maintenance
TXN009235,CUST0104,2026-01-11,debit,groceries,2420,Groceries
TXN009236,CUST0104,2026-01-12,debit,utilities,800,Electricity and water
TXN009237,CUST0104,2026-01-20,debit,transport,1170,Fuel and commute
TXN009238,CUST0104,2026-01-15,debit,dining_entertainment,1000,Dining and entertainment
TXN009239,CUST0104,2026-01-07,debit,emi,5140,Loan EMI
TXN009240,CUST0104,2026-01-10,debit,sip_investment,3800,Mutual fund SIP
TXN009241,CUST0104,2026-02-01,credit,salary,16400,Monthly credit
TXN009242,CUST0104,2026-02-05,debit,maintenance,450,Society maintenance
TXN009243,CUST0104,2026-02-09,debit,groceries,2360,Groceries
TXN009244,CUST0104,2026-02-12,debit,utilities,550,Electricity and water
TXN009245,CUST0104,2026-02-11,debit,transport,1250,Fuel and commute
TXN009246,CUST0104,2026-02-15,debit,dining_entertainment,800,Dining and entertainment
TXN009247,CUST0104,2026-02-07,debit,emi,5120,Loan EMI
TXN009248,CUST0104,2026-02-10,debit,sip_investment,3800,Mutual fund SIP
TXN009249,CUST0104,2026-03-01,credit,salary,17000,Monthly credit
TXN009250,CUST0104,2026-03-05,debit,maintenance,580,Society maintenance
TXN009251,CUST0104,2026-03-09,debit,groceries,2420,Groceries
TXN009252,CUST0104,2026-03-12,debit,utilities,960,Electricity and water
TXN009253,CUST0104,2026-03-24,debit,transport,1200,Fuel and commute
TXN009254,CUST0104,2026-03-21,debit,dining_entertainment,1400,Dining and entertainment
TXN009255,CUST0104,2026-03-07,debit,emi,5160,Loan EMI
TXN009256,CUST0104,2026-03-10,debit,sip_investment,3800,Mutual fund SIP
TXN009257,CUST0104,2026-03-15,debit,school_fees,22370,School fees
TXN009258,CUST0104,2026-03-13,debit,shopping,1020,Online shopping
TXN009259,CUST0104,2026-04-02,credit,salary,16800,Monthly credit
TXN009260,CUST0104,2026-04-05,debit,maintenance,510,Society maintenance
TXN009261,CUST0104,2026-04-15,debit,groceries,1700,Groceries
TXN009262,CUST0104,2026-04-12,debit,utilities,830,Electricity and water
TXN009263,CUST0104,2026-04-21,debit,transport,810,Fuel and commute
TXN009264,CUST0104,2026-04-18,debit,dining_entertainment,970,Dining and entertainment
TXN009265,CUST0104,2026-04-07,debit,emi,5090,Loan EMI
TXN009266,CUST0104,2026-04-10,debit,sip_investment,3800,Mutual fund SIP
TXN009267,CUST0104,2026-05-03,credit,salary,16700,Monthly credit
TXN009268,CUST0104,2026-05-05,debit,maintenance,410,Society maintenance
TXN009269,CUST0104,2026-05-11,debit,groceries,1580,Groceries
TXN009270,CUST0104,2026-05-12,debit,utilities,960,Electricity and water
TXN009271,CUST0104,2026-05-11,debit,transport,1110,Fuel and commute
TXN009272,CUST0104,2026-05-10,debit,dining_entertainment,1240,Dining and entertainment
TXN009273,CUST0104,2026-05-07,debit,emi,5110,Loan EMI
TXN009274,CUST0104,2026-05-10,debit,sip_investment,3800,Mutual fund SIP
TXN009275,CUST0104,2026-05-18,debit,insurance_premium,15220,Insurance premium
TXN009276,CUST0104,2026-05-09,debit,shopping,1050,Online shopping
TXN009277,CUST0104,2026-06-01,credit,salary,16600,Monthly credit
TXN009278,CUST0104,2026-06-05,debit,maintenance,460,Society maintenance
TXN009279,CUST0104,2026-06-17,debit,groceries,2530,Groceries
TXN009280,CUST0104,2026-06-12,debit,utilities,870,Electricity and water
TXN009281,CUST0104,2026-06-13,debit,transport,1280,Fuel and commute
TXN009282,CUST0104,2026-06-22,debit,dining_entertainment,1800,Dining and entertainment
TXN009283,CUST0104,2026-06-07,debit,emi,5090,Loan EMI
TXN009284,CUST0104,2026-06-10,debit,sip_investment,3800,Mutual fund SIP
TXN009285,CUST0104,2026-06-15,debit,school_fees,23120,School fees
TXN009286,CUST0104,2026-07-02,credit,salary,16700,Monthly credit
TXN009287,CUST0104,2026-07-05,debit,maintenance,460,Society maintenance
TXN009288,CUST0104,2026-07-09,debit,groceries,2560,Groceries
TXN009289,CUST0104,2026-07-12,debit,utilities,520,Electricity and water
TXN009290,CUST0104,2026-07-10,debit,transport,860,Fuel and commute
TXN009291,CUST0104,2026-07-11,debit,dining_entertainment,1070,Dining and entertainment
TXN009292,CUST0104,2026-07-07,debit,emi,5140,Loan EMI
TXN009293,CUST0104,2026-07-10,debit,sip_investment,3800,Mutual fund SIP
TXN009294,CUST0104,2026-08-01,credit,salary,16400,Monthly credit
TXN009295,CUST0104,2026-08-05,debit,maintenance,450,Society maintenance
TXN009296,CUST0104,2026-08-20,debit,groceries,2260,Groceries
TXN009297,CUST0104,2026-08-12,debit,utilities,800,Electricity and water
TXN009298,CUST0104,2026-08-11,debit,transport,820,Fuel and commute
TXN009299,CUST0104,2026-08-24,debit,dining_entertainment,1420,Dining and entertainment
TXN009300,CUST0104,2026-08-07,debit,emi,5140,Loan EMI
TXN009301,CUST0104,2026-08-10,debit,sip_investment,3800,Mutual fund SIP
TXN009302,CUST0105,2025-09-01,credit,business_income,15100,Business receipt
TXN009303,CUST0105,2025-09-05,debit,maintenance,350,Society maintenance
TXN009304,CUST0105,2025-09-12,debit,groceries,2180,Groceries
TXN009305,CUST0105,2025-09-12,debit,utilities,520,Electricity and water
TXN009306,CUST0105,2025-09-20,debit,transport,1090,Fuel and commute
TXN009307,CUST0105,2025-09-22,debit,dining_entertainment,900,Dining and entertainment
TXN009308,CUST0105,2025-09-15,debit,school_fees,21990,School fees
TXN009309,CUST0105,2025-09-28,credit,interest_payout,480,Deposit interest payout
TXN009310,CUST0105,2025-10-03,credit,business_income,12300,Business receipt
TXN009311,CUST0105,2025-10-05,debit,maintenance,360,Society maintenance
TXN009312,CUST0105,2025-10-19,debit,groceries,1850,Groceries
TXN009313,CUST0105,2025-10-12,debit,utilities,490,Electricity and water
TXN009314,CUST0105,2025-10-25,debit,transport,900,Fuel and commute
TXN009315,CUST0105,2025-10-16,debit,dining_entertainment,900,Dining and entertainment
TXN009316,CUST0105,2025-10-28,credit,interest_payout,550,Deposit interest payout
TXN009317,CUST0105,2025-11-01,credit,business_income,13600,Business receipt
TXN009318,CUST0105,2025-11-05,debit,maintenance,450,Society maintenance
TXN009319,CUST0105,2025-11-20,debit,groceries,1730,Groceries
TXN009320,CUST0105,2025-11-12,debit,utilities,470,Electricity and water
TXN009321,CUST0105,2025-11-16,debit,transport,810,Fuel and commute
TXN009322,CUST0105,2025-11-12,debit,dining_entertainment,1570,Dining and entertainment
TXN009323,CUST0105,2025-11-28,credit,interest_payout,660,Deposit interest payout
TXN009324,CUST0105,2025-12-02,credit,business_income,14100,Business receipt
TXN009325,CUST0105,2025-12-05,debit,maintenance,360,Society maintenance
TXN009326,CUST0105,2025-12-15,debit,groceries,1930,Groceries
TXN009327,CUST0105,2025-12-12,debit,utilities,790,Electricity and water
TXN009328,CUST0105,2025-12-13,debit,transport,1090,Fuel and commute
TXN009329,CUST0105,2025-12-25,debit,dining_entertainment,750,Dining and entertainment
TXN009330,CUST0105,2025-12-15,debit,school_fees,16810,School fees
TXN009331,CUST0105,2025-12-24,debit,shopping,1640,Online shopping
TXN009332,CUST0105,2025-12-28,credit,interest_payout,390,Deposit interest payout
TXN009333,CUST0105,2026-01-03,credit,business_income,16500,Business receipt
TXN009334,CUST0105,2026-01-05,debit,maintenance,450,Society maintenance
TXN009335,CUST0105,2026-01-10,debit,groceries,2010,Groceries
TXN009336,CUST0105,2026-01-12,debit,utilities,840,Electricity and water
TXN009337,CUST0105,2026-01-19,debit,transport,710,Fuel and commute
TXN009338,CUST0105,2026-01-24,debit,dining_entertainment,1120,Dining and entertainment
TXN009339,CUST0105,2026-01-28,credit,interest_payout,820,Deposit interest payout
TXN009340,CUST0105,2026-02-03,credit,business_income,16200,Business receipt
TXN009341,CUST0105,2026-02-05,debit,maintenance,430,Society maintenance
TXN009342,CUST0105,2026-02-08,debit,groceries,1710,Groceries
TXN009343,CUST0105,2026-02-12,debit,utilities,690,Electricity and water
TXN009344,CUST0105,2026-02-25,debit,transport,1230,Fuel and commute
TXN009345,CUST0105,2026-02-26,debit,dining_entertainment,1050,Dining and entertainment
TXN009346,CUST0105,2026-03-03,credit,business_income,16800,Business receipt
TXN009347,CUST0105,2026-03-05,debit,maintenance,360,Society maintenance
TXN009348,CUST0105,2026-03-13,debit,groceries,1470,Groceries
TXN009349,CUST0105,2026-03-12,debit,utilities,770,Electricity and water
TXN009350,CUST0105,2026-03-12,debit,transport,930,Fuel and commute
TXN009351,CUST0105,2026-03-17,debit,dining_entertainment,1570,Dining and entertainment
TXN009352,CUST0105,2026-03-15,debit,school_fees,19600,School fees
TXN009353,CUST0105,2026-03-28,credit,interest_payout,820,Deposit interest payout
TXN009354,CUST0105,2026-04-02,credit,business_income,14400,Business receipt
TXN009355,CUST0105,2026-04-05,debit,maintenance,480,Society maintenance
TXN009356,CUST0105,2026-04-20,debit,groceries,1870,Groceries
TXN009357,CUST0105,2026-04-12,debit,utilities,860,Electricity and water
TXN009358,CUST0105,2026-04-13,debit,transport,1270,Fuel and commute
TXN009359,CUST0105,2026-04-14,debit,dining_entertainment,1540,Dining and entertainment
TXN009360,CUST0105,2026-04-18,debit,insurance_premium,13020,Insurance premium
TXN009361,CUST0105,2026-04-19,debit,shopping,1760,Online shopping
TXN009362,CUST0105,2026-04-28,credit,interest_payout,400,Deposit interest payout
TXN009363,CUST0105,2026-05-01,credit,business_income,12200,Business receipt
TXN009364,CUST0105,2026-05-05,debit,maintenance,390,Society maintenance
TXN009365,CUST0105,2026-05-18,debit,groceries,1840,Groceries
TXN009366,CUST0105,2026-05-12,debit,utilities,630,Electricity and water
TXN009367,CUST0105,2026-05-12,debit,transport,980,Fuel and commute
TXN009368,CUST0105,2026-05-23,debit,dining_entertainment,1320,Dining and entertainment
TXN009369,CUST0105,2026-05-13,debit,shopping,1690,Online shopping
TXN009370,CUST0105,2026-05-28,credit,interest_payout,810,Deposit interest payout
TXN009371,CUST0105,2026-06-03,credit,business_income,10500,Business receipt
TXN009372,CUST0105,2026-06-05,debit,maintenance,470,Society maintenance
TXN009373,CUST0105,2026-06-19,debit,groceries,2220,Groceries
TXN009374,CUST0105,2026-06-12,debit,utilities,760,Electricity and water
TXN009375,CUST0105,2026-06-15,debit,transport,1050,Fuel and commute
TXN009376,CUST0105,2026-06-22,debit,dining_entertainment,1590,Dining and entertainment
TXN009377,CUST0105,2026-06-15,debit,school_fees,18700,School fees
TXN009378,CUST0105,2026-06-19,debit,medical,2360,Medical expenses
TXN009379,CUST0105,2026-07-01,credit,business_income,15500,Business receipt
TXN009380,CUST0105,2026-07-05,debit,maintenance,490,Society maintenance
TXN009381,CUST0105,2026-07-16,debit,groceries,1710,Groceries
TXN009382,CUST0105,2026-07-12,debit,utilities,800,Electricity and water
TXN009383,CUST0105,2026-07-10,debit,transport,820,Fuel and commute
TXN009384,CUST0105,2026-07-22,debit,dining_entertainment,1500,Dining and entertainment
TXN009385,CUST0105,2026-07-13,debit,shopping,1550,Online shopping
TXN009386,CUST0105,2026-07-28,credit,interest_payout,690,Deposit interest payout
TXN009387,CUST0105,2026-08-03,credit,business_income,10500,Business receipt
TXN009388,CUST0105,2026-08-05,debit,maintenance,370,Society maintenance
TXN009389,CUST0105,2026-08-18,debit,groceries,1920,Groceries
TXN009390,CUST0105,2026-08-12,debit,utilities,700,Electricity and water
TXN009391,CUST0105,2026-08-14,debit,transport,590,Fuel and commute
TXN009392,CUST0105,2026-08-23,debit,dining_entertainment,1610,Dining and entertainment
TXN009393,CUST0105,2026-08-28,credit,interest_payout,360,Deposit interest payout
TXN009394,CUST0106,2025-09-02,credit,salary,5200,Monthly credit
TXN009395,CUST0106,2025-09-05,debit,rent,1150,House rent
TXN009396,CUST0106,2025-09-19,debit,groceries,750,Groceries
TXN009397,CUST0106,2025-09-12,debit,utilities,230,Electricity and water
TXN009398,CUST0106,2025-09-19,debit,transport,230,Fuel and commute
TXN009399,CUST0106,2025-09-12,debit,dining_entertainment,360,Dining and entertainment
TXN009400,CUST0106,2025-09-18,debit,insurance_premium,3970,Insurance premium
TXN009401,CUST0106,2025-09-13,debit,shopping,180,Online shopping
TXN009402,CUST0106,2025-10-03,credit,salary,5200,Monthly credit
TXN009403,CUST0106,2025-10-05,debit,rent,1070,House rent
TXN009404,CUST0106,2025-10-12,debit,groceries,600,Groceries
TXN009405,CUST0106,2025-10-12,debit,utilities,170,Electricity and water
TXN009406,CUST0106,2025-10-16,debit,transport,320,Fuel and commute
TXN009407,CUST0106,2025-10-24,debit,dining_entertainment,500,Dining and entertainment
TXN009408,CUST0106,2025-11-02,credit,salary,5100,Monthly credit
TXN009409,CUST0106,2025-11-05,debit,rent,1020,House rent
TXN009410,CUST0106,2025-11-17,debit,groceries,680,Groceries
TXN009411,CUST0106,2025-11-12,debit,utilities,150,Electricity and water
TXN009412,CUST0106,2025-11-20,debit,transport,290,Fuel and commute
TXN009413,CUST0106,2025-11-21,debit,dining_entertainment,610,Dining and entertainment
TXN009414,CUST0106,2025-12-03,credit,salary,5100,Monthly credit
TXN009415,CUST0106,2025-12-05,debit,rent,1020,House rent
TXN009416,CUST0106,2025-12-19,debit,groceries,700,Groceries
TXN009417,CUST0106,2025-12-12,debit,utilities,210,Electricity and water
TXN009418,CUST0106,2025-12-25,debit,transport,300,Fuel and commute
TXN009419,CUST0106,2025-12-19,debit,dining_entertainment,450,Dining and entertainment
TXN009420,CUST0106,2026-01-02,credit,salary,5000,Monthly credit
TXN009421,CUST0106,2026-01-05,debit,rent,1020,House rent
TXN009422,CUST0106,2026-01-15,debit,groceries,810,Groceries
TXN009423,CUST0106,2026-01-12,debit,utilities,160,Electricity and water
TXN009424,CUST0106,2026-01-17,debit,transport,240,Fuel and commute
TXN009425,CUST0106,2026-01-13,debit,dining_entertainment,420,Dining and entertainment
TXN009426,CUST0106,2026-02-02,credit,salary,5100,Monthly credit
TXN009427,CUST0106,2026-02-05,debit,rent,1180,House rent
TXN009428,CUST0106,2026-02-12,debit,groceries,700,Groceries
TXN009429,CUST0106,2026-02-12,debit,utilities,150,Electricity and water
TXN009430,CUST0106,2026-02-19,debit,transport,440,Fuel and commute
TXN009431,CUST0106,2026-02-10,debit,dining_entertainment,310,Dining and entertainment
TXN009432,CUST0106,2026-03-03,credit,salary,5000,Monthly credit
TXN009433,CUST0106,2026-03-05,debit,rent,1110,House rent
TXN009434,CUST0106,2026-03-20,debit,groceries,490,Groceries
TXN009435,CUST0106,2026-03-12,debit,utilities,170,Electricity and water
TXN009436,CUST0106,2026-03-24,debit,transport,460,Fuel and commute
TXN009437,CUST0106,2026-03-18,debit,dining_entertainment,600,Dining and entertainment
TXN009438,CUST0106,2026-03-23,debit,shopping,400,Online shopping
TXN009439,CUST0106,2026-04-02,credit,salary,5200,Monthly credit
TXN009440,CUST0106,2026-04-05,debit,rent,1150,House rent
TXN009441,CUST0106,2026-04-11,debit,groceries,480,Groceries
TXN009442,CUST0106,2026-04-12,debit,utilities,300,Electricity and water
TXN009443,CUST0106,2026-04-10,debit,transport,210,Fuel and commute
TXN009444,CUST0106,2026-04-14,debit,dining_entertainment,290,Dining and entertainment
TXN009445,CUST0106,2026-04-15,debit,medical,510,Medical expenses
TXN009446,CUST0106,2026-04-19,debit,shopping,210,Online shopping
TXN009447,CUST0106,2026-05-02,credit,salary,5200,Monthly credit
TXN009448,CUST0106,2026-05-05,debit,rent,1100,House rent
TXN009449,CUST0106,2026-05-13,debit,groceries,700,Groceries
TXN009450,CUST0106,2026-05-12,debit,utilities,170,Electricity and water
TXN009451,CUST0106,2026-05-17,debit,transport,400,Fuel and commute
TXN009452,CUST0106,2026-05-14,debit,dining_entertainment,460,Dining and entertainment
TXN009453,CUST0106,2026-06-01,credit,salary,5100,Monthly credit
TXN009454,CUST0106,2026-06-05,debit,rent,1060,House rent
TXN009455,CUST0106,2026-06-17,debit,groceries,610,Groceries
TXN009456,CUST0106,2026-06-12,debit,utilities,270,Electricity and water
TXN009457,CUST0106,2026-06-10,debit,transport,440,Fuel and commute
TXN009458,CUST0106,2026-06-13,debit,dining_entertainment,450,Dining and entertainment
TXN009459,CUST0106,2026-07-03,credit,salary,5100,Monthly credit
TXN009460,CUST0106,2026-07-05,debit,rent,1080,House rent
TXN009461,CUST0106,2026-07-19,debit,groceries,740,Groceries
TXN009462,CUST0106,2026-07-12,debit,utilities,200,Electricity and water
TXN009463,CUST0106,2026-07-13,debit,transport,450,Fuel and commute
TXN009464,CUST0106,2026-07-15,debit,dining_entertainment,560,Dining and entertainment
TXN009465,CUST0106,2026-08-02,credit,salary,5100,Monthly credit
TXN009466,CUST0106,2026-08-05,debit,rent,1000,House rent
TXN009467,CUST0106,2026-08-13,debit,groceries,640,Groceries
TXN009468,CUST0106,2026-08-12,debit,utilities,190,Electricity and water
TXN009469,CUST0106,2026-08-23,debit,transport,250,Fuel and commute
TXN009470,CUST0106,2026-08-25,debit,dining_entertainment,540,Dining and entertainment
TXN009471,CUST0107,2025-09-01,credit,salary,5300,Monthly credit
TXN009472,CUST0107,2025-09-05,debit,rent,990,House rent
TXN009473,CUST0107,2025-09-15,debit,groceries,830,Groceries
TXN009474,CUST0107,2025-09-12,debit,utilities,240,Electricity and water
TXN009475,CUST0107,2025-09-12,debit,transport,350,Fuel and commute
TXN009476,CUST0107,2025-09-14,debit,dining_entertainment,450,Dining and entertainment
TXN009477,CUST0107,2025-10-03,credit,salary,5300,Monthly credit
TXN009478,CUST0107,2025-10-05,debit,rent,990,House rent
TXN009479,CUST0107,2025-10-12,debit,groceries,560,Groceries
TXN009480,CUST0107,2025-10-12,debit,utilities,200,Electricity and water
TXN009481,CUST0107,2025-10-10,debit,transport,330,Fuel and commute
TXN009482,CUST0107,2025-10-11,debit,dining_entertainment,570,Dining and entertainment
TXN009483,CUST0107,2025-10-06,debit,shopping,160,Online shopping
TXN009484,CUST0107,2025-11-02,credit,salary,5400,Monthly credit
TXN009485,CUST0107,2025-11-05,debit,rent,990,House rent
TXN009486,CUST0107,2025-11-19,debit,groceries,780,Groceries
TXN009487,CUST0107,2025-11-12,debit,utilities,220,Electricity and water
TXN009488,CUST0107,2025-11-14,debit,transport,210,Fuel and commute
TXN009489,CUST0107,2025-11-19,debit,dining_entertainment,400,Dining and entertainment
TXN009490,CUST0107,2025-11-11,debit,shopping,170,Online shopping
TXN009491,CUST0107,2025-12-01,credit,salary,5200,Monthly credit
TXN009492,CUST0107,2025-12-05,debit,rent,1130,House rent
TXN009493,CUST0107,2025-12-07,debit,groceries,560,Groceries
TXN009494,CUST0107,2025-12-12,debit,utilities,250,Electricity and water
TXN009495,CUST0107,2025-12-21,debit,transport,400,Fuel and commute
TXN009496,CUST0107,2025-12-12,debit,dining_entertainment,420,Dining and entertainment
TXN009497,CUST0107,2025-12-04,debit,medical,1680,Medical expenses
TXN009498,CUST0107,2025-12-18,debit,shopping,490,Online shopping
TXN009499,CUST0107,2026-01-03,credit,salary,5300,Monthly credit
TXN009500,CUST0107,2026-01-05,debit,rent,1000,House rent
TXN009501,CUST0107,2026-01-08,debit,groceries,690,Groceries
TXN009502,CUST0107,2026-01-12,debit,utilities,200,Electricity and water
TXN009503,CUST0107,2026-01-17,debit,transport,470,Fuel and commute
TXN009504,CUST0107,2026-01-10,debit,dining_entertainment,570,Dining and entertainment
TXN009505,CUST0107,2026-01-18,debit,insurance_premium,2950,Insurance premium
TXN009506,CUST0107,2026-02-03,credit,salary,5200,Monthly credit
TXN009507,CUST0107,2026-02-05,debit,rent,1140,House rent
TXN009508,CUST0107,2026-02-10,debit,groceries,530,Groceries
TXN009509,CUST0107,2026-02-12,debit,utilities,240,Electricity and water
TXN009510,CUST0107,2026-02-25,debit,transport,330,Fuel and commute
TXN009511,CUST0107,2026-02-20,debit,dining_entertainment,310,Dining and entertainment
TXN009512,CUST0107,2026-03-01,credit,salary,5300,Monthly credit
TXN009513,CUST0107,2026-03-05,debit,rent,980,House rent
TXN009514,CUST0107,2026-03-13,debit,groceries,610,Groceries
TXN009515,CUST0107,2026-03-12,debit,utilities,290,Electricity and water
TXN009516,CUST0107,2026-03-15,debit,transport,420,Fuel and commute
TXN009517,CUST0107,2026-03-16,debit,dining_entertainment,360,Dining and entertainment
TXN009518,CUST0107,2026-04-01,credit,salary,5300,Monthly credit
TXN009519,CUST0107,2026-04-05,debit,rent,1030,House rent
TXN009520,CUST0107,2026-04-19,debit,groceries,520,Groceries
TXN009521,CUST0107,2026-04-12,debit,utilities,250,Electricity and water
TXN009522,CUST0107,2026-04-19,debit,transport,220,Fuel and commute
TXN009523,CUST0107,2026-04-21,debit,dining_entertainment,400,Dining and entertainment
TXN009524,CUST0107,2026-05-01,credit,salary,5200,Monthly credit
TXN009525,CUST0107,2026-05-05,debit,rent,980,House rent
TXN009526,CUST0107,2026-05-17,debit,groceries,620,Groceries
TXN009527,CUST0107,2026-05-12,debit,utilities,260,Electricity and water
TXN009528,CUST0107,2026-05-14,debit,transport,220,Fuel and commute
TXN009529,CUST0107,2026-05-09,debit,dining_entertainment,550,Dining and entertainment
TXN009530,CUST0107,2026-06-02,credit,salary,5200,Monthly credit
TXN009531,CUST0107,2026-06-05,debit,rent,1100,House rent
TXN009532,CUST0107,2026-06-11,debit,groceries,500,Groceries
TXN009533,CUST0107,2026-06-12,debit,utilities,190,Electricity and water
TXN009534,CUST0107,2026-06-10,debit,transport,460,Fuel and commute
TXN009535,CUST0107,2026-06-22,debit,dining_entertainment,250,Dining and entertainment
TXN009536,CUST0107,2026-07-02,credit,salary,5200,Monthly credit
TXN009537,CUST0107,2026-07-05,debit,rent,1000,House rent
TXN009538,CUST0107,2026-07-18,debit,groceries,600,Groceries
TXN009539,CUST0107,2026-07-12,debit,utilities,250,Electricity and water
TXN009540,CUST0107,2026-07-24,debit,transport,210,Fuel and commute
TXN009541,CUST0107,2026-07-22,debit,dining_entertainment,330,Dining and entertainment
TXN009542,CUST0107,2026-08-02,credit,salary,5200,Monthly credit
TXN009543,CUST0107,2026-08-05,debit,rent,980,House rent
TXN009544,CUST0107,2026-08-09,debit,groceries,510,Groceries
TXN009545,CUST0107,2026-08-12,debit,utilities,240,Electricity and water
TXN009546,CUST0107,2026-08-11,debit,transport,310,Fuel and commute
TXN009547,CUST0107,2026-08-23,debit,dining_entertainment,540,Dining and entertainment
TXN009548,CUST0108,2025-09-03,credit,business_income,12200,Business receipt
TXN009549,CUST0108,2025-09-05,debit,rent,3430,House rent
TXN009550,CUST0108,2025-09-18,debit,groceries,2000,Groceries
TXN009551,CUST0108,2025-09-12,debit,utilities,460,Electricity and water
TXN009552,CUST0108,2025-09-15,debit,transport,910,Fuel and commute
TXN009553,CUST0108,2025-09-10,debit,dining_entertainment,2150,Dining and entertainment
TXN009554,CUST0108,2025-09-07,debit,emi,2170,Loan EMI
TXN009555,CUST0108,2025-09-10,debit,sip_investment,1700,Mutual fund SIP
TXN009556,CUST0108,2025-09-09,debit,medical,1970,Medical expenses
TXN009557,CUST0108,2025-10-01,credit,business_income,18800,Business receipt
TXN009558,CUST0108,2025-10-05,debit,rent,3460,House rent
TXN009559,CUST0108,2025-10-10,debit,groceries,2010,Groceries
TXN009560,CUST0108,2025-10-12,debit,utilities,780,Electricity and water
TXN009561,CUST0108,2025-10-14,debit,transport,1210,Fuel and commute
TXN009562,CUST0108,2025-10-12,debit,dining_entertainment,1500,Dining and entertainment
TXN009563,CUST0108,2025-10-07,debit,emi,2160,Loan EMI
TXN009564,CUST0108,2025-10-10,debit,sip_investment,1700,Mutual fund SIP
TXN009565,CUST0108,2025-10-21,debit,shopping,650,Online shopping
TXN009566,CUST0108,2025-11-01,credit,business_income,11800,Business receipt
TXN009567,CUST0108,2025-11-05,debit,rent,3020,House rent
TXN009568,CUST0108,2025-11-20,debit,groceries,1980,Groceries
TXN009569,CUST0108,2025-11-12,debit,utilities,700,Electricity and water
TXN009570,CUST0108,2025-11-18,debit,transport,570,Fuel and commute
TXN009571,CUST0108,2025-11-22,debit,dining_entertainment,1720,Dining and entertainment
TXN009572,CUST0108,2025-11-07,debit,emi,2190,Loan EMI
TXN009573,CUST0108,2025-11-10,debit,sip_investment,1700,Mutual fund SIP
TXN009574,CUST0108,2025-11-09,debit,shopping,1200,Online shopping
TXN009575,CUST0108,2025-12-02,credit,business_income,15800,Business receipt
TXN009576,CUST0108,2025-12-05,debit,rent,3340,House rent
TXN009577,CUST0108,2025-12-07,debit,groceries,1610,Groceries
TXN009578,CUST0108,2025-12-12,debit,utilities,510,Electricity and water
TXN009579,CUST0108,2025-12-23,debit,transport,650,Fuel and commute
TXN009580,CUST0108,2025-12-22,debit,dining_entertainment,1320,Dining and entertainment
TXN009581,CUST0108,2025-12-07,debit,emi,2180,Loan EMI
TXN009582,CUST0108,2025-12-10,debit,sip_investment,1700,Mutual fund SIP
TXN009583,CUST0108,2026-01-03,credit,business_income,18700,Business receipt
TXN009584,CUST0108,2026-01-05,debit,rent,3010,House rent
TXN009585,CUST0108,2026-01-19,debit,groceries,2200,Groceries
TXN009586,CUST0108,2026-01-12,debit,utilities,710,Electricity and water
TXN009587,CUST0108,2026-01-21,debit,transport,970,Fuel and commute
TXN009588,CUST0108,2026-01-09,debit,dining_entertainment,1380,Dining and entertainment
TXN009589,CUST0108,2026-01-07,debit,emi,2160,Loan EMI
TXN009590,CUST0108,2026-01-10,debit,sip_investment,1700,Mutual fund SIP
TXN009591,CUST0108,2026-01-18,debit,insurance_premium,8380,Insurance premium
TXN009592,CUST0108,2026-02-03,credit,business_income,18300,Business receipt
TXN009593,CUST0108,2026-02-05,debit,rent,3520,House rent
TXN009594,CUST0108,2026-02-18,debit,groceries,1350,Groceries
TXN009595,CUST0108,2026-02-12,debit,utilities,600,Electricity and water
TXN009596,CUST0108,2026-02-19,debit,transport,1180,Fuel and commute
TXN009597,CUST0108,2026-02-25,debit,dining_entertainment,2480,Dining and entertainment
TXN009598,CUST0108,2026-02-07,debit,emi,2190,Loan EMI
TXN009599,CUST0108,2026-02-10,debit,sip_investment,1700,Mutual fund SIP
TXN009600,CUST0108,2026-03-03,credit,business_income,16900,Business receipt
TXN009601,CUST0108,2026-03-05,debit,rent,3360,House rent
TXN009602,CUST0108,2026-03-13,debit,groceries,1390,Groceries
TXN009603,CUST0108,2026-03-12,debit,utilities,580,Electricity and water
TXN009604,CUST0108,2026-03-10,debit,transport,600,Fuel and commute
TXN009605,CUST0108,2026-03-16,debit,dining_entertainment,2070,Dining and entertainment
TXN009606,CUST0108,2026-03-07,debit,emi,2170,Loan EMI
TXN009607,CUST0108,2026-03-10,debit,sip_investment,1700,Mutual fund SIP
TXN009608,CUST0108,2026-04-03,credit,business_income,11400,Business receipt
TXN009609,CUST0108,2026-04-05,debit,rent,3290,House rent
TXN009610,CUST0108,2026-04-15,debit,groceries,1350,Groceries
TXN009611,CUST0108,2026-04-12,debit,utilities,460,Electricity and water
TXN009612,CUST0108,2026-04-19,debit,transport,580,Fuel and commute
TXN009613,CUST0108,2026-04-26,debit,dining_entertainment,2280,Dining and entertainment
TXN009614,CUST0108,2026-04-07,debit,emi,2160,Loan EMI
TXN009615,CUST0108,2026-04-10,debit,sip_investment,1700,Mutual fund SIP
TXN009616,CUST0108,2026-04-26,debit,shopping,930,Online shopping
TXN009617,CUST0108,2026-05-03,credit,business_income,16300,Business receipt
TXN009618,CUST0108,2026-05-05,debit,rent,3530,House rent
TXN009619,CUST0108,2026-05-09,debit,groceries,2020,Groceries
TXN009620,CUST0108,2026-05-12,debit,utilities,580,Electricity and water
TXN009621,CUST0108,2026-05-14,debit,transport,1240,Fuel and commute
TXN009622,CUST0108,2026-05-18,debit,dining_entertainment,2660,Dining and entertainment
TXN009623,CUST0108,2026-05-07,debit,emi,2190,Loan EMI
TXN009624,CUST0108,2026-05-10,debit,sip_investment,1700,Mutual fund SIP
TXN009625,CUST0108,2026-06-02,credit,business_income,13400,Business receipt
TXN009626,CUST0108,2026-06-05,debit,rent,3540,House rent
TXN009627,CUST0108,2026-06-08,debit,groceries,1300,Groceries
TXN009628,CUST0108,2026-06-12,debit,utilities,470,Electricity and water
TXN009629,CUST0108,2026-06-23,debit,transport,960,Fuel and commute
TXN009630,CUST0108,2026-06-21,debit,dining_entertainment,1740,Dining and entertainment
TXN009631,CUST0108,2026-06-07,debit,emi,2160,Loan EMI
TXN009632,CUST0108,2026-06-10,debit,sip_investment,1700,Mutual fund SIP
TXN009633,CUST0108,2026-06-08,debit,shopping,500,Online shopping
TXN009634,CUST0108,2026-07-03,credit,business_income,11100,Business receipt
TXN009635,CUST0108,2026-07-05,debit,rent,3240,House rent
TXN009636,CUST0108,2026-07-08,debit,groceries,2190,Groceries
TXN009637,CUST0108,2026-07-12,debit,utilities,780,Electricity and water
TXN009638,CUST0108,2026-07-20,debit,transport,810,Fuel and commute
TXN009639,CUST0108,2026-07-14,debit,dining_entertainment,1180,Dining and entertainment
TXN009640,CUST0108,2026-07-07,debit,emi,2190,Loan EMI
TXN009641,CUST0108,2026-07-10,debit,sip_investment,1700,Mutual fund SIP
TXN009642,CUST0108,2026-07-19,debit,medical,800,Medical expenses
TXN009643,CUST0108,2026-08-02,credit,business_income,11600,Business receipt
TXN009644,CUST0108,2026-08-05,debit,rent,3410,House rent
TXN009645,CUST0108,2026-08-13,debit,groceries,2240,Groceries
TXN009646,CUST0108,2026-08-12,debit,utilities,520,Electricity and water
TXN009647,CUST0108,2026-08-10,debit,transport,640,Fuel and commute
TXN009648,CUST0108,2026-08-24,debit,dining_entertainment,1180,Dining and entertainment
TXN009649,CUST0108,2026-08-07,debit,emi,2180,Loan EMI
TXN009650,CUST0108,2026-08-10,debit,sip_investment,1700,Mutual fund SIP
TXN009651,CUST0109,2025-09-01,credit,business_income,11700,Business receipt
TXN009652,CUST0109,2025-09-05,debit,maintenance,460,Society maintenance
TXN009653,CUST0109,2025-09-16,debit,groceries,2340,Groceries
TXN009654,CUST0109,2025-09-12,debit,utilities,560,Electricity and water
TXN009655,CUST0109,2025-09-25,debit,transport,840,Fuel and commute
TXN009656,CUST0109,2025-09-22,debit,dining_entertainment,1020,Dining and entertainment
TXN009657,CUST0109,2025-09-18,debit,insurance_premium,19170,Insurance premium
TXN009658,CUST0109,2025-09-15,debit,school_fees,22680,School fees
TXN009659,CUST0109,2025-10-03,credit,business_income,18600,Business receipt
TXN009660,CUST0109,2025-10-05,debit,maintenance,530,Society maintenance
TXN009661,CUST0109,2025-10-06,debit,groceries,1520,Groceries
TXN009662,CUST0109,2025-10-12,debit,utilities,750,Electricity and water
TXN009663,CUST0109,2025-10-19,debit,transport,1250,Fuel and commute
TXN009664,CUST0109,2025-10-10,debit,dining_entertainment,1430,Dining and entertainment
TXN009665,CUST0109,2025-11-02,credit,business_income,16800,Business receipt
TXN009666,CUST0109,2025-11-05,debit,maintenance,590,Society maintenance
TXN009667,CUST0109,2025-11-06,debit,groceries,1920,Groceries
TXN009668,CUST0109,2025-11-12,debit,utilities,510,Electricity and water
TXN009669,CUST0109,2025-11-18,debit,transport,1410,Fuel and commute
TXN009670,CUST0109,2025-11-15,debit,dining_entertainment,1590,Dining and entertainment
TXN009671,CUST0109,2025-12-01,credit,business_income,18600,Business receipt
TXN009672,CUST0109,2025-12-05,debit,maintenance,580,Society maintenance
TXN009673,CUST0109,2025-12-07,debit,groceries,1570,Groceries
TXN009674,CUST0109,2025-12-12,debit,utilities,750,Electricity and water
TXN009675,CUST0109,2025-12-12,debit,transport,720,Fuel and commute
TXN009676,CUST0109,2025-12-25,debit,dining_entertainment,1570,Dining and entertainment
TXN009677,CUST0109,2025-12-15,debit,school_fees,23730,School fees
TXN009678,CUST0109,2026-01-03,credit,business_income,12800,Business receipt
TXN009679,CUST0109,2026-01-05,debit,maintenance,580,Society maintenance
TXN009680,CUST0109,2026-01-06,debit,groceries,1830,Groceries
TXN009681,CUST0109,2026-01-12,debit,utilities,580,Electricity and water
TXN009682,CUST0109,2026-01-10,debit,transport,860,Fuel and commute
TXN009683,CUST0109,2026-01-14,debit,dining_entertainment,860,Dining and entertainment
TXN009684,CUST0109,2026-01-03,debit,shopping,1100,Online shopping
TXN009685,CUST0109,2026-02-02,credit,business_income,15800,Business receipt
TXN009686,CUST0109,2026-02-05,debit,maintenance,570,Society maintenance
TXN009687,CUST0109,2026-02-10,debit,groceries,2170,Groceries
TXN009688,CUST0109,2026-02-12,debit,utilities,630,Electricity and water
TXN009689,CUST0109,2026-02-18,debit,transport,1380,Fuel and commute
TXN009690,CUST0109,2026-02-21,debit,dining_entertainment,1800,Dining and entertainment
TXN009691,CUST0109,2026-03-03,credit,business_income,12400,Business receipt
TXN009692,CUST0109,2026-03-05,debit,maintenance,420,Society maintenance
TXN009693,CUST0109,2026-03-17,debit,groceries,2490,Groceries
TXN009694,CUST0109,2026-03-12,debit,utilities,500,Electricity and water
TXN009695,CUST0109,2026-03-12,debit,transport,770,Fuel and commute
TXN009696,CUST0109,2026-03-12,debit,dining_entertainment,1600,Dining and entertainment
TXN009697,CUST0109,2026-03-15,debit,school_fees,28240,School fees
TXN009698,CUST0109,2026-04-02,credit,business_income,17300,Business receipt
TXN009699,CUST0109,2026-04-05,debit,maintenance,580,Society maintenance
TXN009700,CUST0109,2026-04-20,debit,groceries,1640,Groceries
TXN009701,CUST0109,2026-04-12,debit,utilities,680,Electricity and water
TXN009702,CUST0109,2026-04-21,debit,transport,680,Fuel and commute
TXN009703,CUST0109,2026-04-10,debit,dining_entertainment,1370,Dining and entertainment
TXN009704,CUST0109,2026-05-02,credit,business_income,20400,Business receipt
TXN009705,CUST0109,2026-05-05,debit,maintenance,430,Society maintenance
TXN009706,CUST0109,2026-05-16,debit,groceries,2520,Groceries
TXN009707,CUST0109,2026-05-12,debit,utilities,970,Electricity and water
TXN009708,CUST0109,2026-05-15,debit,transport,990,Fuel and commute
TXN009709,CUST0109,2026-05-15,debit,dining_entertainment,1910,Dining and entertainment
TXN009710,CUST0109,2026-06-01,credit,business_income,11500,Business receipt
TXN009711,CUST0109,2026-06-05,debit,maintenance,420,Society maintenance
TXN009712,CUST0109,2026-06-18,debit,groceries,1580,Groceries
TXN009713,CUST0109,2026-06-12,debit,utilities,760,Electricity and water
TXN009714,CUST0109,2026-06-20,debit,transport,770,Fuel and commute
TXN009715,CUST0109,2026-06-11,debit,dining_entertainment,910,Dining and entertainment
TXN009716,CUST0109,2026-06-15,debit,school_fees,24400,School fees
TXN009717,CUST0109,2026-07-02,credit,business_income,19200,Business receipt
TXN009718,CUST0109,2026-07-05,debit,maintenance,460,Society maintenance
TXN009719,CUST0109,2026-07-16,debit,groceries,1490,Groceries
TXN009720,CUST0109,2026-07-12,debit,utilities,910,Electricity and water
TXN009721,CUST0109,2026-07-11,debit,transport,980,Fuel and commute
TXN009722,CUST0109,2026-07-13,debit,dining_entertainment,850,Dining and entertainment
TXN009723,CUST0109,2026-08-01,credit,business_income,15500,Business receipt
TXN009724,CUST0109,2026-08-05,debit,maintenance,410,Society maintenance
TXN009725,CUST0109,2026-08-14,debit,groceries,2120,Groceries
TXN009726,CUST0109,2026-08-12,debit,utilities,560,Electricity and water
TXN009727,CUST0109,2026-08-12,debit,transport,720,Fuel and commute
TXN009728,CUST0109,2026-08-13,debit,dining_entertainment,1640,Dining and entertainment
TXN009729,CUST0110,2025-09-01,credit,business_income,25600,Business receipt
TXN009730,CUST0110,2025-09-05,debit,rent,7710,House rent
TXN009731,CUST0110,2025-09-14,debit,groceries,4390,Groceries
TXN009732,CUST0110,2025-09-12,debit,utilities,1470,Electricity and water
TXN009733,CUST0110,2025-09-23,debit,transport,1160,Fuel and commute
TXN009734,CUST0110,2025-09-18,debit,dining_entertainment,2270,Dining and entertainment
TXN009735,CUST0110,2025-09-07,debit,emi,7670,Loan EMI
TXN009736,CUST0110,2025-09-15,debit,school_fees,46290,School fees
TXN009737,CUST0110,2025-10-02,credit,business_income,33700,Business receipt
TXN009738,CUST0110,2025-10-05,debit,rent,8310,House rent
TXN009739,CUST0110,2025-10-20,debit,groceries,2670,Groceries
TXN009740,CUST0110,2025-10-12,debit,utilities,1120,Electricity and water
TXN009741,CUST0110,2025-10-14,debit,transport,1400,Fuel and commute
TXN009742,CUST0110,2025-10-21,debit,dining_entertainment,3390,Dining and entertainment
TXN009743,CUST0110,2025-10-07,debit,emi,7790,Loan EMI
TXN009744,CUST0110,2025-10-18,debit,insurance_premium,36310,Insurance premium
TXN009745,CUST0110,2025-11-03,credit,business_income,19100,Business receipt
TXN009746,CUST0110,2025-11-05,debit,rent,7810,House rent
TXN009747,CUST0110,2025-11-11,debit,groceries,3050,Groceries
TXN009748,CUST0110,2025-11-12,debit,utilities,1280,Electricity and water
TXN009749,CUST0110,2025-11-16,debit,transport,2210,Fuel and commute
TXN009750,CUST0110,2025-11-17,debit,dining_entertainment,3360,Dining and entertainment
TXN009751,CUST0110,2025-11-07,debit,emi,7710,Loan EMI
TXN009752,CUST0110,2025-11-16,debit,shopping,2300,Online shopping
TXN009753,CUST0110,2025-12-02,credit,business_income,20200,Business receipt
TXN009754,CUST0110,2025-12-05,debit,rent,8570,House rent
TXN009755,CUST0110,2025-12-11,debit,groceries,2900,Groceries
TXN009756,CUST0110,2025-12-12,debit,utilities,1510,Electricity and water
TXN009757,CUST0110,2025-12-14,debit,transport,2220,Fuel and commute
TXN009758,CUST0110,2025-12-13,debit,dining_entertainment,3080,Dining and entertainment
TXN009759,CUST0110,2025-12-07,debit,emi,7690,Loan EMI
TXN009760,CUST0110,2025-12-15,debit,school_fees,51220,School fees
TXN009761,CUST0110,2026-01-02,credit,business_income,32700,Business receipt
TXN009762,CUST0110,2026-01-05,debit,rent,9250,House rent
TXN009763,CUST0110,2026-01-18,debit,groceries,4440,Groceries
TXN009764,CUST0110,2026-01-12,debit,utilities,1200,Electricity and water
TXN009765,CUST0110,2026-01-14,debit,transport,1360,Fuel and commute
TXN009766,CUST0110,2026-01-10,debit,dining_entertainment,1940,Dining and entertainment
TXN009767,CUST0110,2026-01-07,debit,emi,7780,Loan EMI
TXN009768,CUST0110,2026-02-03,credit,business_income,38600,Business receipt
TXN009769,CUST0110,2026-02-05,debit,rent,8410,House rent
TXN009770,CUST0110,2026-02-10,debit,groceries,4290,Groceries
TXN009771,CUST0110,2026-02-12,debit,utilities,1530,Electricity and water
TXN009772,CUST0110,2026-02-24,debit,transport,1560,Fuel and commute
TXN009773,CUST0110,2026-02-13,debit,dining_entertainment,3080,Dining and entertainment
TXN009774,CUST0110,2026-02-07,debit,emi,7720,Loan EMI
TXN009775,CUST0110,2026-03-01,credit,business_income,19300,Business receipt
TXN009776,CUST0110,2026-03-05,debit,rent,9030,House rent
TXN009777,CUST0110,2026-03-15,debit,groceries,3180,Groceries
TXN009778,CUST0110,2026-03-12,debit,utilities,1270,Electricity and water
TXN009779,CUST0110,2026-03-14,debit,transport,1570,Fuel and commute
TXN009780,CUST0110,2026-03-18,debit,dining_entertainment,1630,Dining and entertainment
TXN009781,CUST0110,2026-03-07,debit,emi,7770,Loan EMI
TXN009782,CUST0110,2026-03-15,debit,school_fees,46200,School fees
TXN009783,CUST0110,2026-04-03,credit,business_income,27000,Business receipt
TXN009784,CUST0110,2026-04-05,debit,rent,8940,House rent
TXN009785,CUST0110,2026-04-07,debit,groceries,3670,Groceries
TXN009786,CUST0110,2026-04-12,debit,utilities,980,Electricity and water
TXN009787,CUST0110,2026-04-23,debit,transport,1620,Fuel and commute
TXN009788,CUST0110,2026-04-19,debit,dining_entertainment,3110,Dining and entertainment
TXN009789,CUST0110,2026-04-07,debit,emi,7660,Loan EMI
TXN009790,CUST0110,2026-05-02,credit,business_income,18900,Business receipt
TXN009791,CUST0110,2026-05-05,debit,rent,8780,House rent
TXN009792,CUST0110,2026-05-10,debit,groceries,3130,Groceries
TXN009793,CUST0110,2026-05-12,debit,utilities,1410,Electricity and water
TXN009794,CUST0110,2026-05-13,debit,transport,1270,Fuel and commute
TXN009795,CUST0110,2026-05-23,debit,dining_entertainment,1580,Dining and entertainment
TXN009796,CUST0110,2026-05-07,debit,emi,7750,Loan EMI
TXN009797,CUST0110,2026-05-10,debit,shopping,1230,Online shopping
TXN009798,CUST0110,2026-06-03,credit,business_income,18600,Business receipt
TXN009799,CUST0110,2026-06-05,debit,rent,8390,House rent
TXN009800,CUST0110,2026-06-11,debit,groceries,3190,Groceries
TXN009801,CUST0110,2026-06-12,debit,utilities,1440,Electricity and water
TXN009802,CUST0110,2026-06-15,debit,transport,2270,Fuel and commute
TXN009803,CUST0110,2026-06-24,debit,dining_entertainment,2870,Dining and entertainment
TXN009804,CUST0110,2026-06-07,debit,emi,7710,Loan EMI
TXN009805,CUST0110,2026-06-15,debit,school_fees,39750,School fees
TXN009806,CUST0110,2026-06-11,debit,shopping,1900,Online shopping
TXN009807,CUST0110,2026-07-01,credit,business_income,36000,Business receipt
TXN009808,CUST0110,2026-07-05,debit,rent,8250,House rent
TXN009809,CUST0110,2026-07-07,debit,groceries,2770,Groceries
TXN009810,CUST0110,2026-07-12,debit,utilities,1710,Electricity and water
TXN009811,CUST0110,2026-07-15,debit,transport,1400,Fuel and commute
TXN009812,CUST0110,2026-07-19,debit,dining_entertainment,3050,Dining and entertainment
TXN009813,CUST0110,2026-07-07,debit,emi,7680,Loan EMI
TXN009814,CUST0110,2026-08-01,credit,business_income,34700,Business receipt
TXN009815,CUST0110,2026-08-05,debit,rent,8080,House rent
TXN009816,CUST0110,2026-08-17,debit,groceries,2630,Groceries
TXN009817,CUST0110,2026-08-12,debit,utilities,1200,Electricity and water
TXN009818,CUST0110,2026-08-23,debit,transport,1590,Fuel and commute
TXN009819,CUST0110,2026-08-15,debit,dining_entertainment,1380,Dining and entertainment
TXN009820,CUST0110,2026-08-07,debit,emi,7710,Loan EMI
TXN009821,CUST0111,2025-09-03,credit,business_income,2100,Business receipt
TXN009822,CUST0111,2025-09-05,debit,rent,640,House rent
TXN009823,CUST0111,2025-09-14,debit,groceries,480,Groceries
TXN009824,CUST0111,2025-09-12,debit,utilities,200,Electricity and water
TXN009825,CUST0111,2025-09-11,debit,transport,260,Fuel and commute
TXN009826,CUST0111,2025-09-16,debit,dining_entertainment,190,Dining and entertainment
TXN009827,CUST0111,2025-09-07,debit,emi,1220,Loan EMI
TXN009828,CUST0111,2025-09-15,debit,school_fees,1490,School fees
TXN009829,CUST0111,2025-10-01,credit,business_income,5000,Business receipt
TXN009830,CUST0111,2025-10-05,debit,rent,630,House rent
TXN009831,CUST0111,2025-10-17,debit,groceries,500,Groceries
TXN009832,CUST0111,2025-10-12,debit,utilities,120,Electricity and water
TXN009833,CUST0111,2025-10-23,debit,transport,290,Fuel and commute
TXN009834,CUST0111,2025-10-11,debit,dining_entertainment,180,Dining and entertainment
TXN009835,CUST0111,2025-10-07,debit,emi,1240,Loan EMI
TXN009836,CUST0111,2025-11-02,credit,business_income,2100,Business receipt
TXN009837,CUST0111,2025-11-05,debit,rent,710,House rent
TXN009838,CUST0111,2025-11-18,debit,groceries,480,Groceries
TXN009839,CUST0111,2025-11-12,debit,utilities,210,Electricity and water
TXN009840,CUST0111,2025-11-18,debit,transport,270,Fuel and commute
TXN009841,CUST0111,2025-11-17,debit,dining_entertainment,200,Dining and entertainment
TXN009842,CUST0111,2025-11-07,debit,emi,1240,Loan EMI
TXN009843,CUST0111,2025-12-02,credit,business_income,2900,Business receipt
TXN009844,CUST0111,2025-12-05,debit,rent,740,House rent
TXN009845,CUST0111,2025-12-07,debit,groceries,490,Groceries
TXN009846,CUST0111,2025-12-12,debit,utilities,130,Electricity and water
TXN009847,CUST0111,2025-12-17,debit,transport,220,Fuel and commute
TXN009848,CUST0111,2025-12-13,debit,dining_entertainment,260,Dining and entertainment
TXN009849,CUST0111,2025-12-07,debit,emi,1240,Loan EMI
TXN009850,CUST0111,2025-12-18,debit,insurance_premium,1900,Insurance premium
TXN009851,CUST0111,2025-12-15,debit,school_fees,3150,School fees
TXN009852,CUST0111,2026-01-03,credit,business_income,5100,Business receipt
TXN009853,CUST0111,2026-01-05,debit,rent,710,House rent
TXN009854,CUST0111,2026-01-18,debit,groceries,450,Groceries
TXN009855,CUST0111,2026-01-12,debit,utilities,160,Electricity and water
TXN009856,CUST0111,2026-01-17,debit,transport,280,Fuel and commute
TXN009857,CUST0111,2026-01-21,debit,dining_entertainment,290,Dining and entertainment
TXN009858,CUST0111,2026-01-07,debit,emi,1220,Loan EMI
TXN009859,CUST0111,2026-01-05,debit,medical,1060,Medical expenses
TXN009860,CUST0111,2026-02-01,credit,business_income,3500,Business receipt
TXN009861,CUST0111,2026-02-05,debit,rent,630,House rent
TXN009862,CUST0111,2026-02-15,debit,groceries,380,Groceries
TXN009863,CUST0111,2026-02-12,debit,utilities,200,Electricity and water
TXN009864,CUST0111,2026-02-22,debit,transport,250,Fuel and commute
TXN009865,CUST0111,2026-02-23,debit,dining_entertainment,240,Dining and entertainment
TXN009866,CUST0111,2026-02-07,debit,emi,1240,Loan EMI
TXN009867,CUST0111,2026-03-01,credit,business_income,5100,Business receipt
TXN009868,CUST0111,2026-03-05,debit,rent,670,House rent
TXN009869,CUST0111,2026-03-19,debit,groceries,430,Groceries
TXN009870,CUST0111,2026-03-12,debit,utilities,120,Electricity and water
TXN009871,CUST0111,2026-03-15,debit,transport,310,Fuel and commute
TXN009872,CUST0111,2026-03-25,debit,dining_entertainment,380,Dining and entertainment
TXN009873,CUST0111,2026-03-07,debit,emi,1220,Loan EMI
TXN009874,CUST0111,2026-03-15,debit,school_fees,2790,School fees
TXN009875,CUST0111,2026-04-03,credit,business_income,3500,Business receipt
TXN009876,CUST0111,2026-04-05,debit,rent,620,House rent
TXN009877,CUST0111,2026-04-10,debit,groceries,370,Groceries
TXN009878,CUST0111,2026-04-12,debit,utilities,180,Electricity and water
TXN009879,CUST0111,2026-04-14,debit,transport,200,Fuel and commute
TXN009880,CUST0111,2026-04-20,debit,dining_entertainment,230,Dining and entertainment
TXN009881,CUST0111,2026-04-07,debit,emi,1240,Loan EMI
TXN009882,CUST0111,2026-05-01,credit,business_income,3100,Business receipt
TXN009883,CUST0111,2026-05-05,debit,rent,720,House rent
TXN009884,CUST0111,2026-05-16,debit,groceries,420,Groceries
TXN009885,CUST0111,2026-05-12,debit,utilities,190,Electricity and water
TXN009886,CUST0111,2026-05-24,debit,transport,240,Fuel and commute
TXN009887,CUST0111,2026-05-23,debit,dining_entertainment,240,Dining and entertainment
TXN009888,CUST0111,2026-05-07,debit,emi,1220,Loan EMI
TXN009889,CUST0111,2026-06-02,credit,business_income,3000,Business receipt
TXN009890,CUST0111,2026-06-05,debit,rent,700,House rent
TXN009891,CUST0111,2026-06-15,debit,groceries,360,Groceries
TXN009892,CUST0111,2026-06-12,debit,utilities,200,Electricity and water
TXN009893,CUST0111,2026-06-21,debit,transport,310,Fuel and commute
TXN009894,CUST0111,2026-06-12,debit,dining_entertainment,350,Dining and entertainment
TXN009895,CUST0111,2026-06-07,debit,emi,1220,Loan EMI
TXN009896,CUST0111,2026-06-15,debit,school_fees,1560,School fees
TXN009897,CUST0111,2026-07-01,credit,business_income,2700,Business receipt
TXN009898,CUST0111,2026-07-05,debit,rent,670,House rent
TXN009899,CUST0111,2026-07-20,debit,groceries,330,Groceries
TXN009900,CUST0111,2026-07-12,debit,utilities,110,Electricity and water
TXN009901,CUST0111,2026-07-11,debit,transport,180,Fuel and commute
TXN009902,CUST0111,2026-07-24,debit,dining_entertainment,430,Dining and entertainment
TXN009903,CUST0111,2026-07-07,debit,emi,1240,Loan EMI
TXN009904,CUST0111,2026-07-25,debit,shopping,380,Online shopping
TXN009905,CUST0111,2026-08-01,credit,business_income,4700,Business receipt
TXN009906,CUST0111,2026-08-05,debit,rent,700,House rent
TXN009907,CUST0111,2026-08-15,debit,groceries,550,Groceries
TXN009908,CUST0111,2026-08-12,debit,utilities,120,Electricity and water
TXN009909,CUST0111,2026-08-19,debit,transport,240,Fuel and commute
TXN009910,CUST0111,2026-08-15,debit,dining_entertainment,300,Dining and entertainment
TXN009911,CUST0111,2026-08-07,debit,emi,1220,Loan EMI
TXN009912,CUST0111,2026-08-05,debit,shopping,250,Online shopping
TXN009913,CUST0112,2025-09-01,credit,business_income,11700,Business receipt
TXN009914,CUST0112,2025-09-05,debit,rent,2170,House rent
TXN009915,CUST0112,2025-09-18,debit,groceries,1670,Groceries
TXN009916,CUST0112,2025-09-12,debit,utilities,640,Electricity and water
TXN009917,CUST0112,2025-09-22,debit,transport,800,Fuel and commute
TXN009918,CUST0112,2025-09-20,debit,dining_entertainment,1170,Dining and entertainment
TXN009919,CUST0112,2025-09-07,debit,emi,2310,Loan EMI
TXN009920,CUST0112,2025-09-15,debit,school_fees,6220,School fees
TXN009921,CUST0112,2025-10-01,credit,business_income,12000,Business receipt
TXN009922,CUST0112,2025-10-05,debit,rent,2140,House rent
TXN009923,CUST0112,2025-10-06,debit,groceries,1140,Groceries
TXN009924,CUST0112,2025-10-12,debit,utilities,470,Electricity and water
TXN009925,CUST0112,2025-10-18,debit,transport,960,Fuel and commute
TXN009926,CUST0112,2025-10-21,debit,dining_entertainment,1350,Dining and entertainment
TXN009927,CUST0112,2025-10-07,debit,emi,2290,Loan EMI
TXN009928,CUST0112,2025-11-03,credit,business_income,12000,Business receipt
TXN009929,CUST0112,2025-11-05,debit,rent,2350,House rent
TXN009930,CUST0112,2025-11-07,debit,groceries,1780,Groceries
TXN009931,CUST0112,2025-11-12,debit,utilities,470,Electricity and water
TXN009932,CUST0112,2025-11-20,debit,transport,620,Fuel and commute
TXN009933,CUST0112,2025-11-11,debit,dining_entertainment,840,Dining and entertainment
TXN009934,CUST0112,2025-11-07,debit,emi,2280,Loan EMI
TXN009935,CUST0112,2025-11-18,debit,insurance_premium,14220,Insurance premium
TXN009936,CUST0112,2025-12-01,credit,business_income,11800,Business receipt
TXN009937,CUST0112,2025-12-05,debit,rent,2060,House rent
TXN009938,CUST0112,2025-12-18,debit,groceries,1560,Groceries
TXN009939,CUST0112,2025-12-12,debit,utilities,550,Electricity and water
TXN009940,CUST0112,2025-12-20,debit,transport,770,Fuel and commute
TXN009941,CUST0112,2025-12-12,debit,dining_entertainment,880,Dining and entertainment
TXN009942,CUST0112,2025-12-07,debit,emi,2290,Loan EMI
TXN009943,CUST0112,2025-12-15,debit,school_fees,10360,School fees
TXN009944,CUST0112,2025-12-21,debit,medical,3390,Medical expenses
TXN009945,CUST0112,2026-01-02,credit,business_income,11700,Business receipt
TXN009946,CUST0112,2026-01-05,debit,rent,2010,House rent
TXN009947,CUST0112,2026-01-10,debit,groceries,1310,Groceries
TXN009948,CUST0112,2026-01-12,debit,utilities,510,Electricity and water
TXN009949,CUST0112,2026-01-21,debit,transport,910,Fuel and commute
TXN009950,CUST0112,2026-01-21,debit,dining_entertainment,1230,Dining and entertainment
TXN009951,CUST0112,2026-01-07,debit,emi,2310,Loan EMI
TXN009952,CUST0112,2026-01-06,debit,shopping,420,Online shopping
TXN009953,CUST0112,2026-02-01,credit,business_income,11600,Business receipt
TXN009954,CUST0112,2026-02-05,debit,rent,2030,House rent
TXN009955,CUST0112,2026-02-07,debit,groceries,1480,Groceries
TXN009956,CUST0112,2026-02-12,debit,utilities,480,Electricity and water
TXN009957,CUST0112,2026-02-25,debit,transport,950,Fuel and commute
TXN009958,CUST0112,2026-02-15,debit,dining_entertainment,1020,Dining and entertainment
TXN009959,CUST0112,2026-02-07,debit,emi,2300,Loan EMI
TXN009960,CUST0112,2026-02-12,debit,shopping,870,Online shopping
TXN009961,CUST0112,2026-03-03,credit,business_income,12100,Business receipt
TXN009962,CUST0112,2026-03-05,debit,rent,2010,House rent
TXN009963,CUST0112,2026-03-13,debit,groceries,1220,Groceries
TXN009964,CUST0112,2026-03-12,debit,utilities,460,Electricity and water
TXN009965,CUST0112,2026-03-19,debit,transport,520,Fuel and commute
TXN009966,CUST0112,2026-03-18,debit,dining_entertainment,1000,Dining and entertainment
TXN009967,CUST0112,2026-03-07,debit,emi,2310,Loan EMI
TXN009968,CUST0112,2026-03-15,debit,school_fees,8760,School fees
TXN009969,CUST0112,2026-03-11,debit,shopping,540,Online shopping
TXN009970,CUST0112,2026-04-02,credit,business_income,12000,Business receipt
TXN009971,CUST0112,2026-04-05,debit,rent,2310,House rent
TXN009972,CUST0112,2026-04-08,debit,groceries,1400,Groceries
TXN009973,CUST0112,2026-04-12,debit,utilities,670,Electricity and water
TXN009974,CUST0112,2026-04-19,debit,transport,580,Fuel and commute
TXN009975,CUST0112,2026-04-22,debit,dining_entertainment,1420,Dining and entertainment
TXN009976,CUST0112,2026-04-07,debit,emi,2300,Loan EMI
TXN009977,CUST0112,2026-04-15,debit,shopping,1050,Online shopping
TXN009978,CUST0112,2026-05-01,credit,business_income,12000,Business receipt
TXN009979,CUST0112,2026-05-05,debit,rent,2210,House rent
TXN009980,CUST0112,2026-05-19,debit,groceries,1120,Groceries
TXN009981,CUST0112,2026-05-12,debit,utilities,610,Electricity and water
TXN009982,CUST0112,2026-05-16,debit,transport,1030,Fuel and commute
TXN009983,CUST0112,2026-05-20,debit,dining_entertainment,1190,Dining and entertainment
TXN009984,CUST0112,2026-05-07,debit,emi,2300,Loan EMI
TXN009985,CUST0112,2026-06-03,credit,business_income,11700,Business receipt
TXN009986,CUST0112,2026-06-05,debit,rent,2190,House rent
TXN009987,CUST0112,2026-06-13,debit,groceries,1490,Groceries
TXN009988,CUST0112,2026-06-12,debit,utilities,570,Electricity and water
TXN009989,CUST0112,2026-06-10,debit,transport,710,Fuel and commute
TXN009990,CUST0112,2026-06-24,debit,dining_entertainment,1250,Dining and entertainment
TXN009991,CUST0112,2026-06-07,debit,emi,2320,Loan EMI
TXN009992,CUST0112,2026-06-15,debit,school_fees,7880,School fees
TXN009993,CUST0112,2026-07-03,credit,business_income,11700,Business receipt
TXN009994,CUST0112,2026-07-05,debit,rent,2150,House rent
TXN009995,CUST0112,2026-07-09,debit,groceries,1380,Groceries
TXN009996,CUST0112,2026-07-12,debit,utilities,450,Electricity and water
TXN009997,CUST0112,2026-07-10,debit,transport,680,Fuel and commute
TXN009998,CUST0112,2026-07-12,debit,dining_entertainment,1160,Dining and entertainment
TXN009999,CUST0112,2026-07-07,debit,emi,2300,Loan EMI
TXN010000,CUST0112,2026-08-02,credit,business_income,12100,Business receipt
TXN010001,CUST0112,2026-08-05,debit,rent,2270,House rent
TXN010002,CUST0112,2026-08-10,debit,groceries,1440,Groceries
TXN010003,CUST0112,2026-08-12,debit,utilities,630,Electricity and water
TXN010004,CUST0112,2026-08-20,debit,transport,660,Fuel and commute
TXN010005,CUST0112,2026-08-09,debit,dining_entertainment,920,Dining and entertainment
TXN010006,CUST0112,2026-08-07,debit,emi,2310,Loan EMI
TXN010007,CUST0113,2025-09-01,credit,business_income,4400,Business receipt
TXN010008,CUST0113,2025-09-05,debit,rent,1430,House rent
TXN010009,CUST0113,2025-09-17,debit,groceries,520,Groceries
TXN010010,CUST0113,2025-09-12,debit,utilities,300,Electricity and water
TXN010011,CUST0113,2025-09-18,debit,transport,280,Fuel and commute
TXN010012,CUST0113,2025-09-13,debit,dining_entertainment,320,Dining and entertainment
TXN010013,CUST0113,2025-10-01,credit,business_income,7100,Business receipt
TXN010014,CUST0113,2025-10-05,debit,rent,1430,House rent
TXN010015,CUST0113,2025-10-06,debit,groceries,570,Groceries
TXN010016,CUST0113,2025-10-12,debit,utilities,280,Electricity and water
TXN010017,CUST0113,2025-10-14,debit,transport,260,Fuel and commute
TXN010018,CUST0113,2025-10-11,debit,dining_entertainment,450,Dining and entertainment
TXN010019,CUST0113,2025-11-03,credit,business_income,7600,Business receipt
TXN010020,CUST0113,2025-11-05,debit,rent,1560,House rent
TXN010021,CUST0113,2025-11-07,debit,groceries,650,Groceries
TXN010022,CUST0113,2025-11-12,debit,utilities,320,Electricity and water
TXN010023,CUST0113,2025-11-15,debit,transport,240,Fuel and commute
TXN010024,CUST0113,2025-11-17,debit,dining_entertainment,280,Dining and entertainment
TXN010025,CUST0113,2025-12-02,credit,business_income,4600,Business receipt
TXN010026,CUST0113,2025-12-05,debit,rent,1380,House rent
TXN010027,CUST0113,2025-12-15,debit,groceries,700,Groceries
TXN010028,CUST0113,2025-12-12,debit,utilities,250,Electricity and water
TXN010029,CUST0113,2025-12-15,debit,transport,220,Fuel and commute
TXN010030,CUST0113,2025-12-21,debit,dining_entertainment,630,Dining and entertainment
TXN010031,CUST0113,2025-12-08,debit,shopping,450,Online shopping
TXN010032,CUST0113,2026-01-01,credit,business_income,3400,Business receipt
TXN010033,CUST0113,2026-01-05,debit,rent,1520,House rent
TXN010034,CUST0113,2026-01-15,debit,groceries,870,Groceries
TXN010035,CUST0113,2026-01-12,debit,utilities,290,Electricity and water
TXN010036,CUST0113,2026-01-18,debit,transport,220,Fuel and commute
TXN010037,CUST0113,2026-01-20,debit,dining_entertainment,330,Dining and entertainment
TXN010038,CUST0113,2026-02-03,credit,business_income,2500,Business receipt
TXN010039,CUST0113,2026-02-05,debit,rent,1310,House rent
TXN010040,CUST0113,2026-02-13,debit,groceries,520,Groceries
TXN010041,CUST0113,2026-02-12,debit,utilities,310,Electricity and water
TXN010042,CUST0113,2026-02-16,debit,transport,420,Fuel and commute
TXN010043,CUST0113,2026-02-10,debit,dining_entertainment,580,Dining and entertainment
TXN010044,CUST0113,2026-02-18,debit,insurance_premium,4730,Insurance premium
TXN010045,CUST0113,2026-03-02,credit,business_income,2400,Business receipt
TXN010046,CUST0113,2026-03-05,debit,rent,1500,House rent
TXN010047,CUST0113,2026-03-10,debit,groceries,850,Groceries
TXN010048,CUST0113,2026-03-12,debit,utilities,260,Electricity and water
TXN010049,CUST0113,2026-03-23,debit,transport,270,Fuel and commute
TXN010050,CUST0113,2026-03-13,debit,dining_entertainment,590,Dining and entertainment
TXN010051,CUST0113,2026-04-01,credit,business_income,6000,Business receipt
TXN010052,CUST0113,2026-04-05,debit,rent,1550,House rent
TXN010053,CUST0113,2026-04-15,debit,groceries,660,Groceries
TXN010054,CUST0113,2026-04-12,debit,utilities,210,Electricity and water
TXN010055,CUST0113,2026-04-17,debit,transport,340,Fuel and commute
TXN010056,CUST0113,2026-04-08,debit,dining_entertainment,620,Dining and entertainment
TXN010057,CUST0113,2026-05-02,credit,business_income,2400,Business receipt
TXN010058,CUST0113,2026-05-05,debit,rent,1520,House rent
TXN010059,CUST0113,2026-05-06,debit,groceries,620,Groceries
TXN010060,CUST0113,2026-05-12,debit,utilities,190,Electricity and water
TXN010061,CUST0113,2026-05-20,debit,transport,310,Fuel and commute
TXN010062,CUST0113,2026-05-15,debit,dining_entertainment,300,Dining and entertainment
TXN010063,CUST0113,2026-05-08,debit,shopping,390,Online shopping
TXN010064,CUST0113,2026-06-02,credit,business_income,8700,Business receipt
TXN010065,CUST0113,2026-06-05,debit,rent,1350,House rent
TXN010066,CUST0113,2026-06-08,debit,groceries,820,Groceries
TXN010067,CUST0113,2026-06-12,debit,utilities,310,Electricity and water
TXN010068,CUST0113,2026-06-22,debit,transport,250,Fuel and commute
TXN010069,CUST0113,2026-06-09,debit,dining_entertainment,350,Dining and entertainment
TXN010070,CUST0113,2026-07-01,credit,business_income,7500,Business receipt
TXN010071,CUST0113,2026-07-05,debit,rent,1340,House rent
TXN010072,CUST0113,2026-07-12,debit,groceries,660,Groceries
TXN010073,CUST0113,2026-07-12,debit,utilities,230,Electricity and water
TXN010074,CUST0113,2026-07-15,debit,transport,390,Fuel and commute
TXN010075,CUST0113,2026-07-13,debit,dining_entertainment,440,Dining and entertainment
TXN010076,CUST0113,2026-08-03,credit,business_income,8600,Business receipt
TXN010077,CUST0113,2026-08-05,debit,rent,1440,House rent
TXN010078,CUST0113,2026-08-16,debit,groceries,730,Groceries
TXN010079,CUST0113,2026-08-12,debit,utilities,260,Electricity and water
TXN010080,CUST0113,2026-08-10,debit,transport,220,Fuel and commute
TXN010081,CUST0113,2026-08-25,debit,dining_entertainment,460,Dining and entertainment
TXN010082,CUST0114,2025-09-01,credit,salary,14400,Monthly credit
TXN010083,CUST0114,2025-09-05,debit,rent,3510,House rent
TXN010084,CUST0114,2025-09-16,debit,groceries,1820,Groceries
TXN010085,CUST0114,2025-09-12,debit,utilities,730,Electricity and water
TXN010086,CUST0114,2025-09-15,debit,transport,640,Fuel and commute
TXN010087,CUST0114,2025-09-13,debit,dining_entertainment,1290,Dining and entertainment
TXN010088,CUST0114,2025-09-07,debit,emi,3100,Loan EMI
TXN010089,CUST0114,2025-09-10,debit,sip_investment,2100,Mutual fund SIP
TXN010090,CUST0114,2025-09-15,debit,school_fees,6250,School fees
TXN010091,CUST0114,2025-10-01,credit,salary,14100,Monthly credit
TXN010092,CUST0114,2025-10-05,debit,rent,3850,House rent
TXN010093,CUST0114,2025-10-14,debit,groceries,1560,Groceries
TXN010094,CUST0114,2025-10-12,debit,utilities,670,Electricity and water
TXN010095,CUST0114,2025-10-17,debit,transport,590,Fuel and commute
TXN010096,CUST0114,2025-10-13,debit,dining_entertainment,860,Dining and entertainment
TXN010097,CUST0114,2025-10-07,debit,emi,3110,Loan EMI
TXN010098,CUST0114,2025-10-10,debit,sip_investment,2100,Mutual fund SIP
TXN010099,CUST0114,2025-10-08,debit,shopping,430,Online shopping
TXN010100,CUST0114,2025-11-01,credit,salary,14100,Monthly credit
TXN010101,CUST0114,2025-11-05,debit,rent,3410,House rent
TXN010102,CUST0114,2025-11-20,debit,groceries,2090,Groceries
TXN010103,CUST0114,2025-11-12,debit,utilities,700,Electricity and water
TXN010104,CUST0114,2025-11-11,debit,transport,800,Fuel and commute
TXN010105,CUST0114,2025-11-15,debit,dining_entertainment,800,Dining and entertainment
TXN010106,CUST0114,2025-11-07,debit,emi,3150,Loan EMI
TXN010107,CUST0114,2025-11-10,debit,sip_investment,2100,Mutual fund SIP
TXN010108,CUST0114,2025-12-01,credit,salary,14300,Monthly credit
TXN010109,CUST0114,2025-12-05,debit,rent,3550,House rent
TXN010110,CUST0114,2025-12-14,debit,groceries,1680,Groceries
TXN010111,CUST0114,2025-12-12,debit,utilities,770,Electricity and water
TXN010112,CUST0114,2025-12-19,debit,transport,1140,Fuel and commute
TXN010113,CUST0114,2025-12-14,debit,dining_entertainment,1390,Dining and entertainment
TXN010114,CUST0114,2025-12-07,debit,emi,3120,Loan EMI
TXN010115,CUST0114,2025-12-10,debit,sip_investment,2100,Mutual fund SIP
TXN010116,CUST0114,2025-12-15,debit,school_fees,11070,School fees
TXN010117,CUST0114,2026-01-01,credit,salary,14100,Monthly credit
TXN010118,CUST0114,2026-01-05,debit,rent,3680,House rent
TXN010119,CUST0114,2026-01-12,debit,groceries,1440,Groceries
TXN010120,CUST0114,2026-01-12,debit,utilities,480,Electricity and water
TXN010121,CUST0114,2026-01-10,debit,transport,1140,Fuel and commute
TXN010122,CUST0114,2026-01-25,debit,dining_entertainment,1030,Dining and entertainment
TXN010123,CUST0114,2026-01-07,debit,emi,3150,Loan EMI
TXN010124,CUST0114,2026-01-10,debit,sip_investment,2100,Mutual fund SIP
TXN010125,CUST0114,2026-01-11,debit,shopping,1660,Online shopping
TXN010126,CUST0114,2026-02-01,credit,salary,14300,Monthly credit
TXN010127,CUST0114,2026-02-05,debit,rent,3500,House rent
TXN010128,CUST0114,2026-02-13,debit,groceries,1860,Groceries
TXN010129,CUST0114,2026-02-12,debit,utilities,760,Electricity and water
TXN010130,CUST0114,2026-02-22,debit,transport,1100,Fuel and commute
TXN010131,CUST0114,2026-02-12,debit,dining_entertainment,1000,Dining and entertainment
TXN010132,CUST0114,2026-02-07,debit,emi,3140,Loan EMI
TXN010133,CUST0114,2026-02-10,debit,sip_investment,2100,Mutual fund SIP
TXN010134,CUST0114,2026-02-09,debit,shopping,1060,Online shopping
TXN010135,CUST0114,2026-03-02,credit,salary,14000,Monthly credit
TXN010136,CUST0114,2026-03-05,debit,rent,3610,House rent
TXN010137,CUST0114,2026-03-08,debit,groceries,1650,Groceries
TXN010138,CUST0114,2026-03-12,debit,utilities,450,Electricity and water
TXN010139,CUST0114,2026-03-15,debit,transport,580,Fuel and commute
TXN010140,CUST0114,2026-03-16,debit,dining_entertainment,1290,Dining and entertainment
TXN010141,CUST0114,2026-03-07,debit,emi,3120,Loan EMI
TXN010142,CUST0114,2026-03-10,debit,sip_investment,2100,Mutual fund SIP
TXN010143,CUST0114,2026-03-18,debit,insurance_premium,14380,Insurance premium
TXN010144,CUST0114,2026-03-15,debit,school_fees,12120,School fees
TXN010145,CUST0114,2026-04-01,credit,salary,14000,Monthly credit
TXN010146,CUST0114,2026-04-05,debit,rent,3520,House rent
TXN010147,CUST0114,2026-04-17,debit,groceries,1720,Groceries
TXN010148,CUST0114,2026-04-12,debit,utilities,520,Electricity and water
TXN010149,CUST0114,2026-04-17,debit,transport,910,Fuel and commute
TXN010150,CUST0114,2026-04-12,debit,dining_entertainment,1420,Dining and entertainment
TXN010151,CUST0114,2026-04-07,debit,emi,3140,Loan EMI
TXN010152,CUST0114,2026-04-10,debit,sip_investment,2100,Mutual fund SIP
TXN010153,CUST0114,2026-05-03,credit,salary,14100,Monthly credit
TXN010154,CUST0114,2026-05-05,debit,rent,4020,House rent
TXN010155,CUST0114,2026-05-12,debit,groceries,1910,Groceries
TXN010156,CUST0114,2026-05-12,debit,utilities,530,Electricity and water
TXN010157,CUST0114,2026-05-14,debit,transport,640,Fuel and commute
TXN010158,CUST0114,2026-05-21,debit,dining_entertainment,1400,Dining and entertainment
TXN010159,CUST0114,2026-05-07,debit,emi,3090,Loan EMI
TXN010160,CUST0114,2026-05-10,debit,sip_investment,2100,Mutual fund SIP
TXN010161,CUST0114,2026-05-21,debit,shopping,430,Online shopping
TXN010162,CUST0114,2026-06-03,credit,salary,14000,Monthly credit
TXN010163,CUST0114,2026-06-05,debit,rent,4040,House rent
TXN010164,CUST0114,2026-06-11,debit,groceries,2180,Groceries
TXN010165,CUST0114,2026-06-12,debit,utilities,800,Electricity and water
TXN010166,CUST0114,2026-06-16,debit,transport,760,Fuel and commute
TXN010167,CUST0114,2026-06-11,debit,dining_entertainment,850,Dining and entertainment
TXN010168,CUST0114,2026-06-07,debit,emi,3090,Loan EMI
TXN010169,CUST0114,2026-06-10,debit,sip_investment,2100,Mutual fund SIP
TXN010170,CUST0114,2026-06-15,debit,school_fees,10620,School fees
TXN010171,CUST0114,2026-07-02,credit,salary,14100,Monthly credit
TXN010172,CUST0114,2026-07-05,debit,rent,3540,House rent
TXN010173,CUST0114,2026-07-07,debit,groceries,2050,Groceries
TXN010174,CUST0114,2026-07-12,debit,utilities,670,Electricity and water
TXN010175,CUST0114,2026-07-17,debit,transport,640,Fuel and commute
TXN010176,CUST0114,2026-07-09,debit,dining_entertainment,1360,Dining and entertainment
TXN010177,CUST0114,2026-07-07,debit,emi,3120,Loan EMI
TXN010178,CUST0114,2026-07-10,debit,sip_investment,2100,Mutual fund SIP
TXN010179,CUST0114,2026-08-01,credit,salary,14200,Monthly credit
TXN010180,CUST0114,2026-08-05,debit,rent,3580,House rent
TXN010181,CUST0114,2026-08-08,debit,groceries,1880,Groceries
TXN010182,CUST0114,2026-08-12,debit,utilities,580,Electricity and water
TXN010183,CUST0114,2026-08-14,debit,transport,1090,Fuel and commute
TXN010184,CUST0114,2026-08-10,debit,dining_entertainment,840,Dining and entertainment
TXN010185,CUST0114,2026-08-07,debit,emi,3120,Loan EMI
TXN010186,CUST0114,2026-08-10,debit,sip_investment,2100,Mutual fund SIP
TXN010187,CUST0115,2025-09-03,credit,salary,12500,Monthly credit
TXN010188,CUST0115,2025-09-05,debit,rent,3190,House rent
TXN010189,CUST0115,2025-09-06,debit,groceries,1920,Groceries
TXN010190,CUST0115,2025-09-12,debit,utilities,480,Electricity and water
TXN010191,CUST0115,2025-09-25,debit,transport,830,Fuel and commute
TXN010192,CUST0115,2025-09-23,debit,dining_entertainment,630,Dining and entertainment
TXN010193,CUST0115,2025-09-15,debit,school_fees,8900,School fees
TXN010194,CUST0115,2025-09-10,debit,shopping,600,Online shopping
TXN010195,CUST0115,2025-10-03,credit,salary,12500,Monthly credit
TXN010196,CUST0115,2025-10-05,debit,rent,3470,House rent
TXN010197,CUST0115,2025-10-11,debit,groceries,1600,Groceries
TXN010198,CUST0115,2025-10-12,debit,utilities,400,Electricity and water
TXN010199,CUST0115,2025-10-11,debit,transport,1030,Fuel and commute
TXN010200,CUST0115,2025-10-22,debit,dining_entertainment,740,Dining and entertainment
TXN010201,CUST0115,2025-11-02,credit,salary,12600,Monthly credit
TXN010202,CUST0115,2025-11-05,debit,rent,3110,House rent
TXN010203,CUST0115,2025-11-16,debit,groceries,1560,Groceries
TXN010204,CUST0115,2025-11-12,debit,utilities,560,Electricity and water
TXN010205,CUST0115,2025-11-16,debit,transport,980,Fuel and commute
TXN010206,CUST0115,2025-11-25,debit,dining_entertainment,1330,Dining and entertainment
TXN010207,CUST0115,2025-12-03,credit,salary,12500,Monthly credit
TXN010208,CUST0115,2025-12-05,debit,rent,3610,House rent
TXN010209,CUST0115,2025-12-18,debit,groceries,1230,Groceries
TXN010210,CUST0115,2025-12-12,debit,utilities,430,Electricity and water
TXN010211,CUST0115,2025-12-18,debit,transport,950,Fuel and commute
TXN010212,CUST0115,2025-12-12,debit,dining_entertainment,950,Dining and entertainment
TXN010213,CUST0115,2025-12-15,debit,school_fees,9050,School fees
TXN010214,CUST0115,2026-01-03,credit,salary,12600,Monthly credit
TXN010215,CUST0115,2026-01-05,debit,rent,3670,House rent
TXN010216,CUST0115,2026-01-07,debit,groceries,1750,Groceries
TXN010217,CUST0115,2026-01-12,debit,utilities,660,Electricity and water
TXN010218,CUST0115,2026-01-15,debit,transport,730,Fuel and commute
TXN010219,CUST0115,2026-01-19,debit,dining_entertainment,750,Dining and entertainment
TXN010220,CUST0115,2026-01-07,debit,medical,1080,Medical expenses
TXN010221,CUST0115,2026-02-03,credit,salary,12500,Monthly credit
TXN010222,CUST0115,2026-02-05,debit,rent,3350,House rent
TXN010223,CUST0115,2026-02-10,debit,groceries,1770,Groceries
TXN010224,CUST0115,2026-02-12,debit,utilities,530,Electricity and water
TXN010225,CUST0115,2026-02-16,debit,transport,830,Fuel and commute
TXN010226,CUST0115,2026-02-16,debit,dining_entertainment,1120,Dining and entertainment
TXN010227,CUST0115,2026-03-01,credit,salary,12200,Monthly credit
TXN010228,CUST0115,2026-03-05,debit,rent,3610,House rent
TXN010229,CUST0115,2026-03-10,debit,groceries,1330,Groceries
TXN010230,CUST0115,2026-03-12,debit,utilities,400,Electricity and water
TXN010231,CUST0115,2026-03-15,debit,transport,850,Fuel and commute
TXN010232,CUST0115,2026-03-08,debit,dining_entertainment,1120,Dining and entertainment
TXN010233,CUST0115,2026-03-15,debit,school_fees,8720,School fees
TXN010234,CUST0115,2026-04-02,credit,salary,12500,Monthly credit
TXN010235,CUST0115,2026-04-05,debit,rent,3100,House rent
TXN010236,CUST0115,2026-04-06,debit,groceries,1470,Groceries
TXN010237,CUST0115,2026-04-12,debit,utilities,470,Electricity and water
TXN010238,CUST0115,2026-04-20,debit,transport,1010,Fuel and commute
TXN010239,CUST0115,2026-04-09,debit,dining_entertainment,1330,Dining and entertainment
TXN010240,CUST0115,2026-05-01,credit,salary,12200,Monthly credit
TXN010241,CUST0115,2026-05-05,debit,rent,3390,House rent
TXN010242,CUST0115,2026-05-06,debit,groceries,1360,Groceries
TXN010243,CUST0115,2026-05-12,debit,utilities,370,Electricity and water
TXN010244,CUST0115,2026-05-12,debit,transport,640,Fuel and commute
TXN010245,CUST0115,2026-05-10,debit,dining_entertainment,640,Dining and entertainment
TXN010246,CUST0115,2026-05-18,debit,insurance_premium,12630,Insurance premium
TXN010247,CUST0115,2026-06-01,credit,salary,12400,Monthly credit
TXN010248,CUST0115,2026-06-05,debit,rent,3160,House rent
TXN010249,CUST0115,2026-06-13,debit,groceries,1370,Groceries
TXN010250,CUST0115,2026-06-12,debit,utilities,400,Electricity and water
TXN010251,CUST0115,2026-06-17,debit,transport,1080,Fuel and commute
TXN010252,CUST0115,2026-06-08,debit,dining_entertainment,930,Dining and entertainment
TXN010253,CUST0115,2026-06-15,debit,school_fees,9270,School fees
TXN010254,CUST0115,2026-06-17,debit,shopping,960,Online shopping
TXN010255,CUST0115,2026-07-01,credit,salary,12400,Monthly credit
TXN010256,CUST0115,2026-07-05,debit,rent,3290,House rent
TXN010257,CUST0115,2026-07-07,debit,groceries,1360,Groceries
TXN010258,CUST0115,2026-07-12,debit,utilities,710,Electricity and water
TXN010259,CUST0115,2026-07-11,debit,transport,960,Fuel and commute
TXN010260,CUST0115,2026-07-21,debit,dining_entertainment,1010,Dining and entertainment
TXN010261,CUST0115,2026-08-03,credit,salary,12200,Monthly credit
TXN010262,CUST0115,2026-08-05,debit,rent,3560,House rent
TXN010263,CUST0115,2026-08-06,debit,groceries,1420,Groceries
TXN010264,CUST0115,2026-08-12,debit,utilities,580,Electricity and water
TXN010265,CUST0115,2026-08-15,debit,transport,630,Fuel and commute
TXN010266,CUST0115,2026-08-21,debit,dining_entertainment,770,Dining and entertainment
TXN010267,CUST0116,2025-09-01,credit,business_income,14400,Business receipt
TXN010268,CUST0116,2025-09-05,debit,rent,2330,House rent
TXN010269,CUST0116,2025-09-16,debit,groceries,1090,Groceries
TXN010270,CUST0116,2025-09-12,debit,utilities,640,Electricity and water
TXN010271,CUST0116,2025-09-19,debit,transport,790,Fuel and commute
TXN010272,CUST0116,2025-09-21,debit,dining_entertainment,1100,Dining and entertainment
TXN010273,CUST0116,2025-10-02,credit,business_income,12600,Business receipt
TXN010274,CUST0116,2025-10-05,debit,rent,2140,House rent
TXN010275,CUST0116,2025-10-10,debit,groceries,1700,Groceries
TXN010276,CUST0116,2025-10-12,debit,utilities,370,Electricity and water
TXN010277,CUST0116,2025-10-24,debit,transport,860,Fuel and commute
TXN010278,CUST0116,2025-10-23,debit,dining_entertainment,670,Dining and entertainment
TXN010279,CUST0116,2025-11-02,credit,business_income,10200,Business receipt
TXN010280,CUST0116,2025-11-05,debit,rent,2380,House rent
TXN010281,CUST0116,2025-11-12,debit,groceries,1590,Groceries
TXN010282,CUST0116,2025-11-12,debit,utilities,620,Electricity and water
TXN010283,CUST0116,2025-11-18,debit,transport,560,Fuel and commute
TXN010284,CUST0116,2025-11-13,debit,dining_entertainment,1020,Dining and entertainment
TXN010285,CUST0116,2025-11-16,debit,shopping,610,Online shopping
TXN010286,CUST0116,2025-12-02,credit,business_income,13200,Business receipt
TXN010287,CUST0116,2025-12-05,debit,rent,2130,House rent
TXN010288,CUST0116,2025-12-14,debit,groceries,1270,Groceries
TXN010289,CUST0116,2025-12-12,debit,utilities,510,Electricity and water
TXN010290,CUST0116,2025-12-12,debit,transport,450,Fuel and commute
TXN010291,CUST0116,2025-12-23,debit,dining_entertainment,1200,Dining and entertainment
TXN010292,CUST0116,2025-12-18,debit,insurance_premium,11810,Insurance premium
TXN010293,CUST0116,2025-12-04,debit,shopping,1030,Online shopping
TXN010294,CUST0116,2026-01-02,credit,business_income,13700,Business receipt
TXN010295,CUST0116,2026-01-05,debit,rent,2230,House rent
TXN010296,CUST0116,2026-01-10,debit,groceries,1350,Groceries
TXN010297,CUST0116,2026-01-12,debit,utilities,590,Electricity and water
TXN010298,CUST0116,2026-01-25,debit,transport,490,Fuel and commute
TXN010299,CUST0116,2026-01-16,debit,dining_entertainment,670,Dining and entertainment
TXN010300,CUST0116,2026-02-03,credit,business_income,13100,Business receipt
TXN010301,CUST0116,2026-02-05,debit,rent,2350,House rent
TXN010302,CUST0116,2026-02-13,debit,groceries,1450,Groceries
TXN010303,CUST0116,2026-02-12,debit,utilities,520,Electricity and water
TXN010304,CUST0116,2026-02-15,debit,transport,1000,Fuel and commute
TXN010305,CUST0116,2026-02-17,debit,dining_entertainment,820,Dining and entertainment
TXN010306,CUST0116,2026-03-01,credit,business_income,9300,Business receipt
TXN010307,CUST0116,2026-03-05,debit,rent,2170,House rent
TXN010308,CUST0116,2026-03-10,debit,groceries,1440,Groceries
TXN010309,CUST0116,2026-03-12,debit,utilities,560,Electricity and water
TXN010310,CUST0116,2026-03-23,debit,transport,540,Fuel and commute
TXN010311,CUST0116,2026-03-16,debit,dining_entertainment,1120,Dining and entertainment
TXN010312,CUST0116,2026-03-22,debit,shopping,1290,Online shopping
TXN010313,CUST0116,2026-04-03,credit,business_income,10000,Business receipt
TXN010314,CUST0116,2026-04-05,debit,rent,2370,House rent
TXN010315,CUST0116,2026-04-11,debit,groceries,1490,Groceries
TXN010316,CUST0116,2026-04-12,debit,utilities,490,Electricity and water
TXN010317,CUST0116,2026-04-15,debit,transport,970,Fuel and commute
TXN010318,CUST0116,2026-04-16,debit,dining_entertainment,600,Dining and entertainment
TXN010319,CUST0116,2026-05-01,credit,business_income,11800,Business receipt
TXN010320,CUST0116,2026-05-05,debit,rent,2240,House rent
TXN010321,CUST0116,2026-05-14,debit,groceries,1170,Groceries
TXN010322,CUST0116,2026-05-12,debit,utilities,360,Electricity and water
TXN010323,CUST0116,2026-05-11,debit,transport,820,Fuel and commute
TXN010324,CUST0116,2026-05-21,debit,dining_entertainment,780,Dining and entertainment
TXN010325,CUST0116,2026-06-03,credit,business_income,10800,Business receipt
TXN010326,CUST0116,2026-06-05,debit,rent,2100,House rent
TXN010327,CUST0116,2026-06-06,debit,groceries,1170,Groceries
TXN010328,CUST0116,2026-06-12,debit,utilities,460,Electricity and water
TXN010329,CUST0116,2026-06-24,debit,transport,650,Fuel and commute
TXN010330,CUST0116,2026-06-19,debit,dining_entertainment,1210,Dining and entertainment
TXN010331,CUST0116,2026-07-02,credit,business_income,10500,Business receipt
TXN010332,CUST0116,2026-07-05,debit,rent,2040,House rent
TXN010333,CUST0116,2026-07-18,debit,groceries,1690,Groceries
TXN010334,CUST0116,2026-07-12,debit,utilities,410,Electricity and water
TXN010335,CUST0116,2026-07-12,debit,transport,750,Fuel and commute
TXN010336,CUST0116,2026-07-17,debit,dining_entertainment,830,Dining and entertainment
TXN010337,CUST0116,2026-07-19,debit,shopping,700,Online shopping
TXN010338,CUST0116,2026-08-03,credit,business_income,12800,Business receipt
TXN010339,CUST0116,2026-08-05,debit,rent,2000,House rent
TXN010340,CUST0116,2026-08-13,debit,groceries,1050,Groceries
TXN010341,CUST0116,2026-08-12,debit,utilities,490,Electricity and water
TXN010342,CUST0116,2026-08-13,debit,transport,830,Fuel and commute
TXN010343,CUST0116,2026-08-24,debit,dining_entertainment,540,Dining and entertainment
TXN010344,CUST0116,2026-08-20,debit,shopping,790,Online shopping
TXN010345,CUST0117,2025-09-02,credit,business_income,19900,Business receipt
TXN010346,CUST0117,2025-09-05,debit,maintenance,420,Society maintenance
TXN010347,CUST0117,2025-09-09,debit,groceries,2650,Groceries
TXN010348,CUST0117,2025-09-12,debit,utilities,880,Electricity and water
TXN010349,CUST0117,2025-09-23,debit,transport,1070,Fuel and commute
TXN010350,CUST0117,2025-09-15,debit,dining_entertainment,1570,Dining and entertainment
TXN010351,CUST0117,2025-09-10,debit,sip_investment,2100,Mutual fund SIP
TXN010352,CUST0117,2025-09-15,debit,school_fees,17520,School fees
TXN010353,CUST0117,2025-10-01,credit,business_income,19000,Business receipt
TXN010354,CUST0117,2025-10-05,debit,maintenance,580,Society maintenance
TXN010355,CUST0117,2025-10-18,debit,groceries,2130,Groceries
TXN010356,CUST0117,2025-10-12,debit,utilities,980,Electricity and water
TXN010357,CUST0117,2025-10-14,debit,transport,790,Fuel and commute
TXN010358,CUST0117,2025-10-13,debit,dining_entertainment,1060,Dining and entertainment
TXN010359,CUST0117,2025-10-10,debit,sip_investment,2100,Mutual fund SIP
TXN010360,CUST0117,2025-11-03,credit,business_income,17000,Business receipt
TXN010361,CUST0117,2025-11-05,debit,maintenance,540,Society maintenance
TXN010362,CUST0117,2025-11-15,debit,groceries,2500,Groceries
TXN010363,CUST0117,2025-11-12,debit,utilities,520,Electricity and water
TXN010364,CUST0117,2025-11-23,debit,transport,1130,Fuel and commute
TXN010365,CUST0117,2025-11-24,debit,dining_entertainment,1240,Dining and entertainment
TXN010366,CUST0117,2025-11-10,debit,sip_investment,2100,Mutual fund SIP
TXN010367,CUST0117,2025-12-01,credit,business_income,20500,Business receipt
TXN010368,CUST0117,2025-12-05,debit,maintenance,490,Society maintenance
TXN010369,CUST0117,2025-12-15,debit,groceries,2470,Groceries
TXN010370,CUST0117,2025-12-12,debit,utilities,730,Electricity and water
TXN010371,CUST0117,2025-12-15,debit,transport,950,Fuel and commute
TXN010372,CUST0117,2025-12-24,debit,dining_entertainment,1700,Dining and entertainment
TXN010373,CUST0117,2025-12-10,debit,sip_investment,2100,Mutual fund SIP
TXN010374,CUST0117,2025-12-15,debit,school_fees,26960,School fees
TXN010375,CUST0117,2025-12-23,debit,shopping,1830,Online shopping
TXN010376,CUST0117,2026-01-01,credit,business_income,15400,Business receipt
TXN010377,CUST0117,2026-01-05,debit,maintenance,590,Society maintenance
TXN010378,CUST0117,2026-01-15,debit,groceries,2330,Groceries
TXN010379,CUST0117,2026-01-12,debit,utilities,590,Electricity and water
TXN010380,CUST0117,2026-01-24,debit,transport,1410,Fuel and commute
TXN010381,CUST0117,2026-01-25,debit,dining_entertainment,900,Dining and entertainment
TXN010382,CUST0117,2026-01-10,debit,sip_investment,2100,Mutual fund SIP
TXN010383,CUST0117,2026-02-02,credit,business_income,12900,Business receipt
TXN010384,CUST0117,2026-02-05,debit,maintenance,550,Society maintenance
TXN010385,CUST0117,2026-02-12,debit,groceries,2090,Groceries
TXN010386,CUST0117,2026-02-12,debit,utilities,720,Electricity and water
TXN010387,CUST0117,2026-02-11,debit,transport,850,Fuel and commute
TXN010388,CUST0117,2026-02-20,debit,dining_entertainment,1780,Dining and entertainment
TXN010389,CUST0117,2026-02-10,debit,sip_investment,2100,Mutual fund SIP
TXN010390,CUST0117,2026-03-01,credit,business_income,22100,Business receipt
TXN010391,CUST0117,2026-03-05,debit,maintenance,510,Society maintenance
TXN010392,CUST0117,2026-03-15,debit,groceries,2700,Groceries
TXN010393,CUST0117,2026-03-12,debit,utilities,820,Electricity and water
TXN010394,CUST0117,2026-03-12,debit,transport,1350,Fuel and commute
TXN010395,CUST0117,2026-03-26,debit,dining_entertainment,1670,Dining and entertainment
TXN010396,CUST0117,2026-03-10,debit,sip_investment,2100,Mutual fund SIP
TXN010397,CUST0117,2026-03-18,debit,insurance_premium,21400,Insurance premium
TXN010398,CUST0117,2026-03-15,debit,school_fees,29990,School fees
TXN010399,CUST0117,2026-04-02,credit,business_income,16400,Business receipt
TXN010400,CUST0117,2026-04-05,debit,maintenance,610,Society maintenance
TXN010401,CUST0117,2026-04-18,debit,groceries,2490,Groceries
TXN010402,CUST0117,2026-04-12,debit,utilities,930,Electricity and water
TXN010403,CUST0117,2026-04-24,debit,transport,1090,Fuel and commute
TXN010404,CUST0117,2026-04-08,debit,dining_entertainment,1750,Dining and entertainment
TXN010405,CUST0117,2026-04-10,debit,sip_investment,2100,Mutual fund SIP
TXN010406,CUST0117,2026-05-02,credit,business_income,15300,Business receipt
TXN010407,CUST0117,2026-05-05,debit,maintenance,450,Society maintenance
TXN010408,CUST0117,2026-05-08,debit,groceries,2270,Groceries
TXN010409,CUST0117,2026-05-12,debit,utilities,530,Electricity and water
TXN010410,CUST0117,2026-05-17,debit,transport,1310,Fuel and commute
TXN010411,CUST0117,2026-05-10,debit,dining_entertainment,2040,Dining and entertainment
TXN010412,CUST0117,2026-05-10,debit,sip_investment,2100,Mutual fund SIP
TXN010413,CUST0117,2026-05-24,debit,shopping,1020,Online shopping
TXN010414,CUST0117,2026-06-03,credit,business_income,22400,Business receipt
TXN010415,CUST0117,2026-06-05,debit,maintenance,550,Society maintenance
TXN010416,CUST0117,2026-06-11,debit,groceries,1690,Groceries
TXN010417,CUST0117,2026-06-12,debit,utilities,920,Electricity and water
TXN010418,CUST0117,2026-06-23,debit,transport,1220,Fuel and commute
TXN010419,CUST0117,2026-06-20,debit,dining_entertainment,1390,Dining and entertainment
TXN010420,CUST0117,2026-06-10,debit,sip_investment,2100,Mutual fund SIP
TXN010421,CUST0117,2026-06-15,debit,school_fees,24240,School fees
TXN010422,CUST0117,2026-07-01,credit,business_income,17700,Business receipt
TXN010423,CUST0117,2026-07-05,debit,maintenance,410,Society maintenance
TXN010424,CUST0117,2026-07-15,debit,groceries,1870,Groceries
TXN010425,CUST0117,2026-07-12,debit,utilities,790,Electricity and water
TXN010426,CUST0117,2026-07-18,debit,transport,1520,Fuel and commute
TXN010427,CUST0117,2026-07-24,debit,dining_entertainment,1120,Dining and entertainment
TXN010428,CUST0117,2026-07-10,debit,sip_investment,2100,Mutual fund SIP
TXN010429,CUST0117,2026-08-01,credit,business_income,20300,Business receipt
TXN010430,CUST0117,2026-08-05,debit,maintenance,560,Society maintenance
TXN010431,CUST0117,2026-08-17,debit,groceries,2500,Groceries
TXN010432,CUST0117,2026-08-12,debit,utilities,870,Electricity and water
TXN010433,CUST0117,2026-08-24,debit,transport,1330,Fuel and commute
TXN010434,CUST0117,2026-08-11,debit,dining_entertainment,1730,Dining and entertainment
TXN010435,CUST0117,2026-08-10,debit,sip_investment,2100,Mutual fund SIP
TXN010436,CUST0118,2025-09-03,credit,business_income,16200,Business receipt
TXN010437,CUST0118,2025-09-05,debit,rent,3930,House rent
TXN010438,CUST0118,2025-09-07,debit,groceries,1580,Groceries
TXN010439,CUST0118,2025-09-12,debit,utilities,600,Electricity and water
TXN010440,CUST0118,2025-09-11,debit,transport,1080,Fuel and commute
TXN010441,CUST0118,2025-09-16,debit,dining_entertainment,830,Dining and entertainment
TXN010442,CUST0118,2025-09-15,debit,school_fees,25230,School fees
TXN010443,CUST0118,2025-10-03,credit,business_income,11700,Business receipt
TXN010444,CUST0118,2025-10-05,debit,rent,4130,House rent
TXN010445,CUST0118,2025-10-09,debit,groceries,1690,Groceries
TXN010446,CUST0118,2025-10-12,debit,utilities,870,Electricity and water
TXN010447,CUST0118,2025-10-13,debit,transport,1180,Fuel and commute
TXN010448,CUST0118,2025-10-12,debit,dining_entertainment,1230,Dining and entertainment
TXN010449,CUST0118,2025-11-01,credit,business_income,14500,Business receipt
TXN010450,CUST0118,2025-11-05,debit,rent,3880,House rent
TXN010451,CUST0118,2025-11-14,debit,groceries,1880,Groceries
TXN010452,CUST0118,2025-11-12,debit,utilities,460,Electricity and water
TXN010453,CUST0118,2025-11-12,debit,transport,1080,Fuel and commute
TXN010454,CUST0118,2025-11-20,debit,dining_entertainment,1210,Dining and entertainment
TXN010455,CUST0118,2025-11-20,debit,shopping,1720,Online shopping
TXN010456,CUST0118,2025-12-02,credit,business_income,12000,Business receipt
TXN010457,CUST0118,2025-12-05,debit,rent,4390,House rent
TXN010458,CUST0118,2025-12-11,debit,groceries,2230,Groceries
TXN010459,CUST0118,2025-12-12,debit,utilities,780,Electricity and water
TXN010460,CUST0118,2025-12-10,debit,transport,620,Fuel and commute
TXN010461,CUST0118,2025-12-24,debit,dining_entertainment,1210,Dining and entertainment
TXN010462,CUST0118,2025-12-15,debit,school_fees,19610,School fees
TXN010463,CUST0118,2026-01-03,credit,business_income,15500,Business receipt
TXN010464,CUST0118,2026-01-05,debit,rent,4240,House rent
TXN010465,CUST0118,2026-01-07,debit,groceries,2010,Groceries
TXN010466,CUST0118,2026-01-12,debit,utilities,480,Electricity and water
TXN010467,CUST0118,2026-01-23,debit,transport,1000,Fuel and commute
TXN010468,CUST0118,2026-01-11,debit,dining_entertainment,1730,Dining and entertainment
TXN010469,CUST0118,2026-02-01,credit,business_income,13900,Business receipt
TXN010470,CUST0118,2026-02-05,debit,rent,3850,House rent
TXN010471,CUST0118,2026-02-12,debit,groceries,1840,Groceries
TXN010472,CUST0118,2026-02-12,debit,utilities,500,Electricity and water
TXN010473,CUST0118,2026-02-14,debit,transport,1010,Fuel and commute
TXN010474,CUST0118,2026-02-15,debit,dining_entertainment,1620,Dining and entertainment
TXN010475,CUST0118,2026-03-01,credit,business_income,16200,Business receipt
TXN010476,CUST0118,2026-03-05,debit,rent,4530,House rent
TXN010477,CUST0118,2026-03-16,debit,groceries,1790,Groceries
TXN010478,CUST0118,2026-03-12,debit,utilities,850,Electricity and water
TXN010479,CUST0118,2026-03-18,debit,transport,790,Fuel and commute
TXN010480,CUST0118,2026-03-20,debit,dining_entertainment,950,Dining and entertainment
TXN010481,CUST0118,2026-03-18,debit,insurance_premium,16000,Insurance premium
TXN010482,CUST0118,2026-03-15,debit,school_fees,14750,School fees
TXN010483,CUST0118,2026-04-02,credit,business_income,16600,Business receipt
TXN010484,CUST0118,2026-04-05,debit,rent,4450,House rent
TXN010485,CUST0118,2026-04-06,debit,groceries,1430,Groceries
TXN010486,CUST0118,2026-04-12,debit,utilities,780,Electricity and water
TXN010487,CUST0118,2026-04-14,debit,transport,820,Fuel and commute
TXN010488,CUST0118,2026-04-19,debit,dining_entertainment,1040,Dining and entertainment
TXN010489,CUST0118,2026-05-01,credit,business_income,15700,Business receipt
TXN010490,CUST0118,2026-05-05,debit,rent,4500,House rent
TXN010491,CUST0118,2026-05-09,debit,groceries,1830,Groceries
TXN010492,CUST0118,2026-05-12,debit,utilities,450,Electricity and water
TXN010493,CUST0118,2026-05-18,debit,transport,1010,Fuel and commute
TXN010494,CUST0118,2026-05-20,debit,dining_entertainment,1330,Dining and entertainment
TXN010495,CUST0118,2026-06-03,credit,business_income,11000,Business receipt
TXN010496,CUST0118,2026-06-05,debit,rent,4020,House rent
TXN010497,CUST0118,2026-06-06,debit,groceries,2140,Groceries
TXN010498,CUST0118,2026-06-12,debit,utilities,500,Electricity and water
TXN010499,CUST0118,2026-06-17,debit,transport,1160,Fuel and commute
TXN010500,CUST0118,2026-06-12,debit,dining_entertainment,1120,Dining and entertainment
TXN010501,CUST0118,2026-06-15,debit,school_fees,24660,School fees
TXN010502,CUST0118,2026-07-01,credit,business_income,13600,Business receipt
TXN010503,CUST0118,2026-07-05,debit,rent,4280,House rent
TXN010504,CUST0118,2026-07-14,debit,groceries,1790,Groceries
TXN010505,CUST0118,2026-07-12,debit,utilities,780,Electricity and water
TXN010506,CUST0118,2026-07-24,debit,transport,1120,Fuel and commute
TXN010507,CUST0118,2026-07-16,debit,dining_entertainment,1570,Dining and entertainment
TXN010508,CUST0118,2026-08-03,credit,business_income,18300,Business receipt
TXN010509,CUST0118,2026-08-05,debit,rent,3930,House rent
TXN010510,CUST0118,2026-08-14,debit,groceries,2270,Groceries
TXN010511,CUST0118,2026-08-12,debit,utilities,690,Electricity and water
TXN010512,CUST0118,2026-08-24,debit,transport,680,Fuel and commute
TXN010513,CUST0118,2026-08-15,debit,dining_entertainment,1790,Dining and entertainment
TXN010514,CUST0119,2025-09-01,credit,salary,9400,Monthly credit
TXN010515,CUST0119,2025-09-05,debit,rent,1850,House rent
TXN010516,CUST0119,2025-09-15,debit,groceries,1400,Groceries
TXN010517,CUST0119,2025-09-12,debit,utilities,510,Electricity and water
TXN010518,CUST0119,2025-09-23,debit,transport,840,Fuel and commute
TXN010519,CUST0119,2025-09-10,debit,dining_entertainment,650,Dining and entertainment
TXN010520,CUST0119,2025-09-10,debit,sip_investment,1800,Mutual fund SIP
TXN010521,CUST0119,2025-09-28,credit,interest_payout,370,Deposit interest payout
TXN010522,CUST0119,2025-10-03,credit,salary,9700,Monthly credit
TXN010523,CUST0119,2025-10-05,debit,rent,2050,House rent
TXN010524,CUST0119,2025-10-06,debit,groceries,950,Groceries
TXN010525,CUST0119,2025-10-12,debit,utilities,560,Electricity and water
TXN010526,CUST0119,2025-10-22,debit,transport,470,Fuel and commute
TXN010527,CUST0119,2025-10-21,debit,dining_entertainment,580,Dining and entertainment
TXN010528,CUST0119,2025-10-10,debit,sip_investment,1800,Mutual fund SIP
TXN010529,CUST0119,2025-10-15,debit,shopping,610,Online shopping
TXN010530,CUST0119,2025-10-28,credit,interest_payout,360,Deposit interest payout
TXN010531,CUST0119,2025-11-03,credit,salary,9700,Monthly credit
TXN010532,CUST0119,2025-11-05,debit,rent,1860,House rent
TXN010533,CUST0119,2025-11-11,debit,groceries,980,Groceries
TXN010534,CUST0119,2025-11-12,debit,utilities,390,Electricity and water
TXN010535,CUST0119,2025-11-14,debit,transport,850,Fuel and commute
TXN010536,CUST0119,2025-11-25,debit,dining_entertainment,860,Dining and entertainment
TXN010537,CUST0119,2025-11-10,debit,sip_investment,1800,Mutual fund SIP
TXN010538,CUST0119,2025-11-18,debit,insurance_premium,6920,Insurance premium
TXN010539,CUST0119,2025-11-28,credit,interest_payout,560,Deposit interest payout
TXN010540,CUST0119,2025-12-02,credit,salary,9600,Monthly credit
TXN010541,CUST0119,2025-12-05,debit,rent,1970,House rent
TXN010542,CUST0119,2025-12-08,debit,groceries,1160,Groceries
TXN010543,CUST0119,2025-12-12,debit,utilities,390,Electricity and water
TXN010544,CUST0119,2025-12-10,debit,transport,750,Fuel and commute
TXN010545,CUST0119,2025-12-15,debit,dining_entertainment,660,Dining and entertainment
TXN010546,CUST0119,2025-12-10,debit,sip_investment,1800,Mutual fund SIP
TXN010547,CUST0119,2025-12-11,debit,shopping,730,Online shopping
TXN010548,CUST0119,2025-12-28,credit,interest_payout,500,Deposit interest payout
TXN010549,CUST0119,2026-01-01,credit,salary,9400,Monthly credit
TXN010550,CUST0119,2026-01-05,debit,rent,1930,House rent
TXN010551,CUST0119,2026-01-18,debit,groceries,1360,Groceries
TXN010552,CUST0119,2026-01-12,debit,utilities,450,Electricity and water
TXN010553,CUST0119,2026-01-14,debit,transport,450,Fuel and commute
TXN010554,CUST0119,2026-01-08,debit,dining_entertainment,730,Dining and entertainment
TXN010555,CUST0119,2026-01-10,debit,sip_investment,1800,Mutual fund SIP
TXN010556,CUST0119,2026-01-11,debit,medical,700,Medical expenses
TXN010557,CUST0119,2026-01-25,debit,shopping,1130,Online shopping
TXN010558,CUST0119,2026-01-28,credit,interest_payout,340,Deposit interest payout
TXN010559,CUST0119,2026-02-03,credit,salary,9700,Monthly credit
TXN010560,CUST0119,2026-02-05,debit,rent,1990,House rent
TXN010561,CUST0119,2026-02-18,debit,groceries,900,Groceries
TXN010562,CUST0119,2026-02-12,debit,utilities,370,Electricity and water
TXN010563,CUST0119,2026-02-17,debit,transport,690,Fuel and commute
TXN010564,CUST0119,2026-02-17,debit,dining_entertainment,1040,Dining and entertainment
TXN010565,CUST0119,2026-02-10,debit,sip_investment,1800,Mutual fund SIP
TXN010566,CUST0119,2026-02-28,credit,interest_payout,230,Deposit interest payout
TXN010567,CUST0119,2026-03-03,credit,salary,9400,Monthly credit
TXN010568,CUST0119,2026-03-05,debit,rent,1890,House rent
TXN010569,CUST0119,2026-03-16,debit,groceries,960,Groceries
TXN010570,CUST0119,2026-03-12,debit,utilities,530,Electricity and water
TXN010571,CUST0119,2026-03-11,debit,transport,600,Fuel and commute
TXN010572,CUST0119,2026-03-25,debit,dining_entertainment,860,Dining and entertainment
TXN010573,CUST0119,2026-03-10,debit,sip_investment,1800,Mutual fund SIP
TXN010574,CUST0119,2026-03-28,credit,interest_payout,300,Deposit interest payout
TXN010575,CUST0119,2026-04-03,credit,salary,9600,Monthly credit
TXN010576,CUST0119,2026-04-05,debit,rent,2060,House rent
TXN010577,CUST0119,2026-04-20,debit,groceries,950,Groceries
TXN010578,CUST0119,2026-04-12,debit,utilities,290,Electricity and water
TXN010579,CUST0119,2026-04-14,debit,transport,680,Fuel and commute
TXN010580,CUST0119,2026-04-13,debit,dining_entertainment,490,Dining and entertainment
TXN010581,CUST0119,2026-04-10,debit,sip_investment,1800,Mutual fund SIP
TXN010582,CUST0119,2026-04-28,credit,interest_payout,540,Deposit interest payout
TXN010583,CUST0119,2026-05-02,credit,salary,9700,Monthly credit
TXN010584,CUST0119,2026-05-05,debit,rent,1930,House rent
TXN010585,CUST0119,2026-05-15,debit,groceries,1390,Groceries
TXN010586,CUST0119,2026-05-12,debit,utilities,550,Electricity and water
TXN010587,CUST0119,2026-05-22,debit,transport,650,Fuel and commute
TXN010588,CUST0119,2026-05-26,debit,dining_entertainment,540,Dining and entertainment
TXN010589,CUST0119,2026-05-10,debit,sip_investment,1800,Mutual fund SIP
TXN010590,CUST0119,2026-05-28,credit,interest_payout,560,Deposit interest payout
TXN010591,CUST0119,2026-06-03,credit,salary,9700,Monthly credit
TXN010592,CUST0119,2026-06-05,debit,rent,2080,House rent
TXN010593,CUST0119,2026-06-14,debit,groceries,1110,Groceries
TXN010594,CUST0119,2026-06-12,debit,utilities,320,Electricity and water
TXN010595,CUST0119,2026-06-25,debit,transport,380,Fuel and commute
TXN010596,CUST0119,2026-06-15,debit,dining_entertainment,910,Dining and entertainment
TXN010597,CUST0119,2026-06-10,debit,sip_investment,1800,Mutual fund SIP
TXN010598,CUST0119,2026-06-16,debit,shopping,810,Online shopping
TXN010599,CUST0119,2026-06-28,credit,interest_payout,390,Deposit interest payout
TXN010600,CUST0119,2026-07-02,credit,salary,9600,Monthly credit
TXN010601,CUST0119,2026-07-05,debit,rent,1760,House rent
TXN010602,CUST0119,2026-07-20,debit,groceries,1370,Groceries
TXN010603,CUST0119,2026-07-12,debit,utilities,490,Electricity and water
TXN010604,CUST0119,2026-07-19,debit,transport,840,Fuel and commute
TXN010605,CUST0119,2026-07-08,debit,dining_entertainment,1040,Dining and entertainment
TXN010606,CUST0119,2026-07-10,debit,sip_investment,1800,Mutual fund SIP
TXN010607,CUST0119,2026-07-28,credit,interest_payout,290,Deposit interest payout
TXN010608,CUST0119,2026-08-02,credit,salary,9600,Monthly credit
TXN010609,CUST0119,2026-08-05,debit,rent,1790,House rent
TXN010610,CUST0119,2026-08-09,debit,groceries,910,Groceries
TXN010611,CUST0119,2026-08-12,debit,utilities,420,Electricity and water
TXN010612,CUST0119,2026-08-22,debit,transport,670,Fuel and commute
TXN010613,CUST0119,2026-08-09,debit,dining_entertainment,520,Dining and entertainment
TXN010614,CUST0119,2026-08-10,debit,sip_investment,1800,Mutual fund SIP
TXN010615,CUST0119,2026-08-28,credit,interest_payout,210,Deposit interest payout
TXN010616,CUST0120,2025-09-03,credit,business_income,13600,Business receipt
TXN010617,CUST0120,2025-09-05,debit,rent,1940,House rent
TXN010618,CUST0120,2025-09-17,debit,groceries,1100,Groceries
TXN010619,CUST0120,2025-09-12,debit,utilities,470,Electricity and water
TXN010620,CUST0120,2025-09-12,debit,transport,840,Fuel and commute
TXN010621,CUST0120,2025-09-24,debit,dining_entertainment,1070,Dining and entertainment
TXN010622,CUST0120,2025-09-07,debit,emi,2280,Loan EMI
TXN010623,CUST0120,2025-09-15,debit,school_fees,5970,School fees
TXN010624,CUST0120,2025-09-07,debit,medical,1820,Medical expenses
TXN010625,CUST0120,2025-10-02,credit,business_income,14300,Business receipt
TXN010626,CUST0120,2025-10-05,debit,rent,1980,House rent
TXN010627,CUST0120,2025-10-14,debit,groceries,1430,Groceries
TXN010628,CUST0120,2025-10-12,debit,utilities,570,Electricity and water
TXN010629,CUST0120,2025-10-25,debit,transport,930,Fuel and commute
TXN010630,CUST0120,2025-10-22,debit,dining_entertainment,930,Dining and entertainment
TXN010631,CUST0120,2025-10-07,debit,emi,2290,Loan EMI
TXN010632,CUST0120,2025-10-18,debit,insurance_premium,11600,Insurance premium
TXN010633,CUST0120,2025-11-01,credit,business_income,10500,Business receipt
TXN010634,CUST0120,2025-11-05,debit,rent,2250,House rent
TXN010635,CUST0120,2025-11-17,debit,groceries,1790,Groceries
TXN010636,CUST0120,2025-11-12,debit,utilities,650,Electricity and water
TXN010637,CUST0120,2025-11-12,debit,transport,710,Fuel and commute
TXN010638,CUST0120,2025-11-10,debit,dining_entertainment,1230,Dining and entertainment
TXN010639,CUST0120,2025-11-07,debit,emi,2290,Loan EMI
TXN010640,CUST0120,2025-12-02,credit,business_income,13100,Business receipt
TXN010641,CUST0120,2025-12-05,debit,rent,1910,House rent
TXN010642,CUST0120,2025-12-16,debit,groceries,1640,Groceries
TXN010643,CUST0120,2025-12-12,debit,utilities,410,Electricity and water
TXN010644,CUST0120,2025-12-21,debit,transport,790,Fuel and commute
TXN010645,CUST0120,2025-12-19,debit,dining_entertainment,630,Dining and entertainment
TXN010646,CUST0120,2025-12-07,debit,emi,2270,Loan EMI
TXN010647,CUST0120,2025-12-15,debit,school_fees,10480,School fees
TXN010648,CUST0120,2025-12-19,debit,medical,3960,Medical expenses
TXN010649,CUST0120,2026-01-02,credit,business_income,11800,Business receipt
TXN010650,CUST0120,2026-01-05,debit,rent,2010,House rent
TXN010651,CUST0120,2026-01-17,debit,groceries,1670,Groceries
TXN010652,CUST0120,2026-01-12,debit,utilities,610,Electricity and water
TXN010653,CUST0120,2026-01-24,debit,transport,520,Fuel and commute
TXN010654,CUST0120,2026-01-20,debit,dining_entertainment,780,Dining and entertainment
TXN010655,CUST0120,2026-01-07,debit,emi,2280,Loan EMI
TXN010656,CUST0120,2026-02-01,credit,business_income,14800,Business receipt
TXN010657,CUST0120,2026-02-05,debit,rent,2140,House rent
TXN010658,CUST0120,2026-02-06,debit,groceries,1740,Groceries
TXN010659,CUST0120,2026-02-12,debit,utilities,370,Electricity and water
TXN010660,CUST0120,2026-02-17,debit,transport,480,Fuel and commute
TXN010661,CUST0120,2026-02-08,debit,dining_entertainment,1320,Dining and entertainment
TXN010662,CUST0120,2026-02-07,debit,emi,2290,Loan EMI
TXN010663,CUST0120,2026-03-01,credit,business_income,12100,Business receipt
TXN010664,CUST0120,2026-03-05,debit,rent,2280,House rent
TXN010665,CUST0120,2026-03-20,debit,groceries,1270,Groceries
TXN010666,CUST0120,2026-03-12,debit,utilities,630,Electricity and water
TXN010667,CUST0120,2026-03-15,debit,transport,790,Fuel and commute
TXN010668,CUST0120,2026-03-25,debit,dining_entertainment,630,Dining and entertainment
TXN010669,CUST0120,2026-03-07,debit,emi,2260,Loan EMI
TXN010670,CUST0120,2026-03-15,debit,school_fees,5960,School fees
TXN010671,CUST0120,2026-04-03,credit,business_income,13700,Business receipt
TXN010672,CUST0120,2026-04-05,debit,rent,2170,House rent
TXN010673,CUST0120,2026-04-11,debit,groceries,1260,Groceries
TXN010674,CUST0120,2026-04-12,debit,utilities,670,Electricity and water
TXN010675,CUST0120,2026-04-22,debit,transport,790,Fuel and commute
TXN010676,CUST0120,2026-04-16,debit,dining_entertainment,1150,Dining and entertainment
TXN010677,CUST0120,2026-04-07,debit,emi,2280,Loan EMI
TXN010678,CUST0120,2026-04-20,debit,shopping,820,Online shopping
TXN010679,CUST0120,2026-05-02,credit,business_income,8300,Business receipt
TXN010680,CUST0120,2026-05-05,debit,rent,2000,House rent
TXN010681,CUST0120,2026-05-11,debit,groceries,1560,Groceries
TXN010682,CUST0120,2026-05-12,debit,utilities,380,Electricity and water
TXN010683,CUST0120,2026-05-19,debit,transport,1000,Fuel and commute
TXN010684,CUST0120,2026-05-14,debit,dining_entertainment,1150,Dining and entertainment
TXN010685,CUST0120,2026-05-07,debit,emi,2290,Loan EMI
TXN010686,CUST0120,2026-06-01,credit,business_income,11200,Business receipt
TXN010687,CUST0120,2026-06-05,debit,rent,1890,House rent
TXN010688,CUST0120,2026-06-13,debit,groceries,1220,Groceries
TXN010689,CUST0120,2026-06-12,debit,utilities,460,Electricity and water
TXN010690,CUST0120,2026-06-11,debit,transport,970,Fuel and commute
TXN010691,CUST0120,2026-06-21,debit,dining_entertainment,1210,Dining and entertainment
TXN010692,CUST0120,2026-06-07,debit,emi,2280,Loan EMI
TXN010693,CUST0120,2026-06-15,debit,school_fees,7720,School fees
TXN010694,CUST0120,2026-07-01,credit,business_income,15300,Business receipt
TXN010695,CUST0120,2026-07-05,debit,rent,2120,House rent
TXN010696,CUST0120,2026-07-16,debit,groceries,1090,Groceries
TXN010697,CUST0120,2026-07-12,debit,utilities,600,Electricity and water
TXN010698,CUST0120,2026-07-12,debit,transport,820,Fuel and commute
TXN010699,CUST0120,2026-07-17,debit,dining_entertainment,1020,Dining and entertainment
TXN010700,CUST0120,2026-07-07,debit,emi,2290,Loan EMI
TXN010701,CUST0120,2026-07-07,debit,shopping,1260,Online shopping
TXN010702,CUST0120,2026-08-02,credit,business_income,14000,Business receipt
TXN010703,CUST0120,2026-08-05,debit,rent,1910,House rent
TXN010704,CUST0120,2026-08-10,debit,groceries,1340,Groceries
TXN010705,CUST0120,2026-08-12,debit,utilities,550,Electricity and water
TXN010706,CUST0120,2026-08-20,debit,transport,800,Fuel and commute
TXN010707,CUST0120,2026-08-20,debit,dining_entertainment,700,Dining and entertainment
TXN010708,CUST0120,2026-08-07,debit,emi,2270,Loan EMI
TXN010709,CUST0120,2026-08-04,debit,shopping,1050,Online shopping
TXN010710,CUST0121,2025-09-02,credit,business_income,14700,Business receipt
TXN010711,CUST0121,2025-09-05,debit,rent,4880,House rent
TXN010712,CUST0121,2025-09-16,debit,groceries,3000,Groceries
TXN010713,CUST0121,2025-09-12,debit,utilities,590,Electricity and water
TXN010714,CUST0121,2025-09-18,debit,transport,1250,Fuel and commute
TXN010715,CUST0121,2025-09-16,debit,dining_entertainment,1450,Dining and entertainment
TXN010716,CUST0121,2025-09-07,debit,emi,5450,Loan EMI
TXN010717,CUST0121,2025-09-10,debit,sip_investment,2800,Mutual fund SIP
TXN010718,CUST0121,2025-10-03,credit,business_income,13500,Business receipt
TXN010719,CUST0121,2025-10-05,debit,rent,5350,House rent
TXN010720,CUST0121,2025-10-08,debit,groceries,2690,Groceries
TXN010721,CUST0121,2025-10-12,debit,utilities,1120,Electricity and water
TXN010722,CUST0121,2025-10-12,debit,transport,1660,Fuel and commute
TXN010723,CUST0121,2025-10-10,debit,dining_entertainment,1560,Dining and entertainment
TXN010724,CUST0121,2025-10-07,debit,emi,5450,Loan EMI
TXN010725,CUST0121,2025-10-10,debit,sip_investment,2800,Mutual fund SIP
TXN010726,CUST0121,2025-11-03,credit,business_income,20500,Business receipt
TXN010727,CUST0121,2025-11-05,debit,rent,4900,House rent
TXN010728,CUST0121,2025-11-20,debit,groceries,2130,Groceries
TXN010729,CUST0121,2025-11-12,debit,utilities,1050,Electricity and water
TXN010730,CUST0121,2025-11-23,debit,transport,1570,Fuel and commute
TXN010731,CUST0121,2025-11-21,debit,dining_entertainment,1120,Dining and entertainment
TXN010732,CUST0121,2025-11-07,debit,emi,5440,Loan EMI
TXN010733,CUST0121,2025-11-10,debit,sip_investment,2800,Mutual fund SIP
TXN010734,CUST0121,2025-11-18,debit,insurance_premium,15540,Insurance premium
TXN010735,CUST0121,2025-12-01,credit,business_income,12700,Business receipt
TXN010736,CUST0121,2025-12-05,debit,rent,5660,House rent
TXN010737,CUST0121,2025-12-12,debit,groceries,1950,Groceries
TXN010738,CUST0121,2025-12-12,debit,utilities,630,Electricity and water
TXN010739,CUST0121,2025-12-10,debit,transport,1300,Fuel and commute
TXN010740,CUST0121,2025-12-23,debit,dining_entertainment,1120,Dining and entertainment
TXN010741,CUST0121,2025-12-07,debit,emi,5510,Loan EMI
TXN010742,CUST0121,2025-12-10,debit,sip_investment,2800,Mutual fund SIP
TXN010743,CUST0121,2025-12-19,debit,shopping,2180,Online shopping
TXN010744,CUST0121,2026-01-02,credit,business_income,18200,Business receipt
TXN010745,CUST0121,2026-01-05,debit,rent,5610,House rent
TXN010746,CUST0121,2026-01-09,debit,groceries,1830,Groceries
TXN010747,CUST0121,2026-01-12,debit,utilities,610,Electricity and water
TXN010748,CUST0121,2026-01-23,debit,transport,1170,Fuel and commute
TXN010749,CUST0121,2026-01-19,debit,dining_entertainment,2100,Dining and entertainment
TXN010750,CUST0121,2026-01-07,debit,emi,5430,Loan EMI
TXN010751,CUST0121,2026-01-10,debit,sip_investment,2800,Mutual fund SIP
TXN010752,CUST0121,2026-02-03,credit,business_income,13900,Business receipt
TXN010753,CUST0121,2026-02-05,debit,rent,5090,House rent
TXN010754,CUST0121,2026-02-15,debit,groceries,2910,Groceries
TXN010755,CUST0121,2026-02-12,debit,utilities,900,Electricity and water
TXN010756,CUST0121,2026-02-16,debit,transport,900,Fuel and commute
TXN010757,CUST0121,2026-02-26,debit,dining_entertainment,1760,Dining and entertainment
TXN010758,CUST0121,2026-02-07,debit,emi,5430,Loan EMI
TXN010759,CUST0121,2026-02-10,debit,sip_investment,2800,Mutual fund SIP
TXN010760,CUST0121,2026-03-01,credit,business_income,15900,Business receipt
TXN010761,CUST0121,2026-03-05,debit,rent,4800,House rent
TXN010762,CUST0121,2026-03-15,debit,groceries,1940,Groceries
TXN010763,CUST0121,2026-03-12,debit,utilities,740,Electricity and water
TXN010764,CUST0121,2026-03-16,debit,transport,930,Fuel and commute
TXN010765,CUST0121,2026-03-22,debit,dining_entertainment,2020,Dining and entertainment
TXN010766,CUST0121,2026-03-07,debit,emi,5500,Loan EMI
TXN010767,CUST0121,2026-03-10,debit,sip_investment,2800,Mutual fund SIP
TXN010768,CUST0121,2026-04-01,credit,business_income,17700,Business receipt
TXN010769,CUST0121,2026-04-05,debit,rent,5240,House rent
TXN010770,CUST0121,2026-04-12,debit,groceries,2890,Groceries
TXN010771,CUST0121,2026-04-12,debit,utilities,610,Electricity and water
TXN010772,CUST0121,2026-04-23,debit,transport,1390,Fuel and commute
TXN010773,CUST0121,2026-04-22,debit,dining_entertainment,1000,Dining and entertainment
TXN010774,CUST0121,2026-04-07,debit,emi,5460,Loan EMI
TXN010775,CUST0121,2026-04-10,debit,sip_investment,2800,Mutual fund SIP
TXN010776,CUST0121,2026-05-02,credit,business_income,16700,Business receipt
TXN010777,CUST0121,2026-05-05,debit,rent,4910,House rent
TXN010778,CUST0121,2026-05-16,debit,groceries,2130,Groceries
TXN010779,CUST0121,2026-05-12,debit,utilities,930,Electricity and water
TXN010780,CUST0121,2026-05-20,debit,transport,910,Fuel and commute
TXN010781,CUST0121,2026-05-25,debit,dining_entertainment,1340,Dining and entertainment
TXN010782,CUST0121,2026-05-07,debit,emi,5530,Loan EMI
TXN010783,CUST0121,2026-05-10,debit,sip_investment,2800,Mutual fund SIP
TXN010784,CUST0121,2026-06-03,credit,business_income,17200,Business receipt
TXN010785,CUST0121,2026-06-05,debit,rent,4740,House rent
TXN010786,CUST0121,2026-06-16,debit,groceries,2520,Groceries
TXN010787,CUST0121,2026-06-12,debit,utilities,910,Electricity and water
TXN010788,CUST0121,2026-06-22,debit,transport,1480,Fuel and commute
TXN010789,CUST0121,2026-06-19,debit,dining_entertainment,1430,Dining and entertainment
TXN010790,CUST0121,2026-06-07,debit,emi,5480,Loan EMI
TXN010791,CUST0121,2026-06-10,debit,sip_investment,2800,Mutual fund SIP
TXN010792,CUST0121,2026-07-02,credit,business_income,16600,Business receipt
TXN010793,CUST0121,2026-07-05,debit,rent,5060,House rent
TXN010794,CUST0121,2026-07-19,debit,groceries,2310,Groceries
TXN010795,CUST0121,2026-07-12,debit,utilities,680,Electricity and water
TXN010796,CUST0121,2026-07-21,debit,transport,1560,Fuel and commute
TXN010797,CUST0121,2026-07-23,debit,dining_entertainment,1150,Dining and entertainment
TXN010798,CUST0121,2026-07-07,debit,emi,5490,Loan EMI
TXN010799,CUST0121,2026-07-10,debit,sip_investment,2800,Mutual fund SIP
TXN010800,CUST0121,2026-07-14,debit,medical,5770,Medical expenses
TXN010801,CUST0121,2026-07-16,debit,shopping,2290,Online shopping
TXN010802,CUST0121,2026-08-02,credit,business_income,14100,Business receipt
TXN010803,CUST0121,2026-08-05,debit,rent,5520,House rent
TXN010804,CUST0121,2026-08-12,debit,groceries,2180,Groceries
TXN010805,CUST0121,2026-08-12,debit,utilities,600,Electricity and water
TXN010806,CUST0121,2026-08-24,debit,transport,790,Fuel and commute
TXN010807,CUST0121,2026-08-12,debit,dining_entertainment,2150,Dining and entertainment
TXN010808,CUST0121,2026-08-07,debit,emi,5500,Loan EMI
TXN010809,CUST0121,2026-08-10,debit,sip_investment,2800,Mutual fund SIP
TXN010810,CUST0122,2025-09-02,credit,salary,6600,Monthly credit
TXN010811,CUST0122,2025-09-05,debit,rent,1390,House rent
TXN010812,CUST0122,2025-09-09,debit,groceries,770,Groceries
TXN010813,CUST0122,2025-09-12,debit,utilities,330,Electricity and water
TXN010814,CUST0122,2025-09-17,debit,transport,280,Fuel and commute
TXN010815,CUST0122,2025-09-10,debit,dining_entertainment,640,Dining and entertainment
TXN010816,CUST0122,2025-09-10,debit,sip_investment,900,Mutual fund SIP
TXN010817,CUST0122,2025-10-01,credit,salary,6600,Monthly credit
TXN010818,CUST0122,2025-10-05,debit,rent,1490,House rent
TXN010819,CUST0122,2025-10-06,debit,groceries,800,Groceries
TXN010820,CUST0122,2025-10-12,debit,utilities,270,Electricity and water
TXN010821,CUST0122,2025-10-19,debit,transport,320,Fuel and commute
TXN010822,CUST0122,2025-10-15,debit,dining_entertainment,350,Dining and entertainment
TXN010823,CUST0122,2025-10-10,debit,sip_investment,900,Mutual fund SIP
TXN010824,CUST0122,2025-10-18,debit,insurance_premium,6870,Insurance premium
TXN010825,CUST0122,2025-11-02,credit,salary,6500,Monthly credit
TXN010826,CUST0122,2025-11-05,debit,rent,1680,House rent
TXN010827,CUST0122,2025-11-11,debit,groceries,940,Groceries
TXN010828,CUST0122,2025-11-12,debit,utilities,240,Electricity and water
TXN010829,CUST0122,2025-11-20,debit,transport,490,Fuel and commute
TXN010830,CUST0122,2025-11-22,debit,dining_entertainment,650,Dining and entertainment
TXN010831,CUST0122,2025-11-10,debit,sip_investment,900,Mutual fund SIP
TXN010832,CUST0122,2025-12-03,credit,salary,6600,Monthly credit
TXN010833,CUST0122,2025-12-05,debit,rent,1670,House rent
TXN010834,CUST0122,2025-12-16,debit,groceries,630,Groceries
TXN010835,CUST0122,2025-12-12,debit,utilities,380,Electricity and water
TXN010836,CUST0122,2025-12-22,debit,transport,470,Fuel and commute
TXN010837,CUST0122,2025-12-17,debit,dining_entertainment,520,Dining and entertainment
TXN010838,CUST0122,2025-12-10,debit,sip_investment,900,Mutual fund SIP
TXN010839,CUST0122,2026-01-02,credit,salary,6500,Monthly credit
TXN010840,CUST0122,2026-01-05,debit,rent,1500,House rent
TXN010841,CUST0122,2026-01-09,debit,groceries,650,Groceries
TXN010842,CUST0122,2026-01-12,debit,utilities,230,Electricity and water
TXN010843,CUST0122,2026-01-25,debit,transport,370,Fuel and commute
TXN010844,CUST0122,2026-01-25,debit,dining_entertainment,440,Dining and entertainment
TXN010845,CUST0122,2026-01-10,debit,sip_investment,900,Mutual fund SIP
TXN010846,CUST0122,2026-02-03,credit,salary,6500,Monthly credit
TXN010847,CUST0122,2026-02-05,debit,rent,1530,House rent
TXN010848,CUST0122,2026-02-09,debit,groceries,960,Groceries
TXN010849,CUST0122,2026-02-12,debit,utilities,390,Electricity and water
TXN010850,CUST0122,2026-02-25,debit,transport,490,Fuel and commute
TXN010851,CUST0122,2026-02-10,debit,dining_entertainment,700,Dining and entertainment
TXN010852,CUST0122,2026-02-10,debit,sip_investment,900,Mutual fund SIP
TXN010853,CUST0122,2026-02-23,debit,shopping,200,Online shopping
TXN010854,CUST0122,2026-03-01,credit,salary,6500,Monthly credit
TXN010855,CUST0122,2026-03-05,debit,rent,1430,House rent
TXN010856,CUST0122,2026-03-12,debit,groceries,880,Groceries
TXN010857,CUST0122,2026-03-12,debit,utilities,290,Electricity and water
TXN010858,CUST0122,2026-03-14,debit,transport,330,Fuel and commute
TXN010859,CUST0122,2026-03-23,debit,dining_entertainment,650,Dining and entertainment
TXN010860,CUST0122,2026-03-10,debit,sip_investment,900,Mutual fund SIP
TXN010861,CUST0122,2026-04-02,credit,salary,6500,Monthly credit
TXN010862,CUST0122,2026-04-05,debit,rent,1470,House rent
TXN010863,CUST0122,2026-04-19,debit,groceries,610,Groceries
TXN010864,CUST0122,2026-04-12,debit,utilities,310,Electricity and water
TXN010865,CUST0122,2026-04-17,debit,transport,310,Fuel and commute
TXN010866,CUST0122,2026-04-20,debit,dining_entertainment,680,Dining and entertainment
TXN010867,CUST0122,2026-04-10,debit,sip_investment,900,Mutual fund SIP
TXN010868,CUST0122,2026-05-03,credit,salary,6600,Monthly credit
TXN010869,CUST0122,2026-05-05,debit,rent,1650,House rent
TXN010870,CUST0122,2026-05-10,debit,groceries,900,Groceries
TXN010871,CUST0122,2026-05-12,debit,utilities,230,Electricity and water
TXN010872,CUST0122,2026-05-17,debit,transport,420,Fuel and commute
TXN010873,CUST0122,2026-05-13,debit,dining_entertainment,610,Dining and entertainment
TXN010874,CUST0122,2026-05-10,debit,sip_investment,900,Mutual fund SIP
TXN010875,CUST0122,2026-06-01,credit,salary,6600,Monthly credit
TXN010876,CUST0122,2026-06-05,debit,rent,1400,House rent
TXN010877,CUST0122,2026-06-08,debit,groceries,710,Groceries
TXN010878,CUST0122,2026-06-12,debit,utilities,200,Electricity and water
TXN010879,CUST0122,2026-06-10,debit,transport,290,Fuel and commute
TXN010880,CUST0122,2026-06-14,debit,dining_entertainment,350,Dining and entertainment
TXN010881,CUST0122,2026-06-10,debit,sip_investment,900,Mutual fund SIP
TXN010882,CUST0122,2026-07-02,credit,salary,6600,Monthly credit
TXN010883,CUST0122,2026-07-05,debit,rent,1420,House rent
TXN010884,CUST0122,2026-07-13,debit,groceries,1040,Groceries
TXN010885,CUST0122,2026-07-12,debit,utilities,330,Electricity and water
TXN010886,CUST0122,2026-07-14,debit,transport,460,Fuel and commute
TXN010887,CUST0122,2026-07-08,debit,dining_entertainment,740,Dining and entertainment
TXN010888,CUST0122,2026-07-10,debit,sip_investment,900,Mutual fund SIP
TXN010889,CUST0122,2026-08-01,credit,salary,6700,Monthly credit
TXN010890,CUST0122,2026-08-05,debit,rent,1480,House rent
TXN010891,CUST0122,2026-08-11,debit,groceries,720,Groceries
TXN010892,CUST0122,2026-08-12,debit,utilities,220,Electricity and water
TXN010893,CUST0122,2026-08-24,debit,transport,390,Fuel and commute
TXN010894,CUST0122,2026-08-26,debit,dining_entertainment,470,Dining and entertainment
TXN010895,CUST0122,2026-08-10,debit,sip_investment,900,Mutual fund SIP
TXN010896,CUST0123,2025-09-02,credit,business_income,19100,Business receipt
TXN010897,CUST0123,2025-09-05,debit,maintenance,550,Society maintenance
TXN010898,CUST0123,2025-09-09,debit,groceries,2640,Groceries
TXN010899,CUST0123,2025-09-12,debit,utilities,830,Electricity and water
TXN010900,CUST0123,2025-09-23,debit,transport,820,Fuel and commute
TXN010901,CUST0123,2025-09-12,debit,dining_entertainment,1990,Dining and entertainment
TXN010902,CUST0123,2025-09-07,debit,emi,2910,Loan EMI
TXN010903,CUST0123,2025-09-18,debit,insurance_premium,15720,Insurance premium
TXN010904,CUST0123,2025-09-16,debit,shopping,1900,Online shopping
TXN010905,CUST0123,2025-10-03,credit,business_income,21100,Business receipt
TXN010906,CUST0123,2025-10-05,debit,maintenance,530,Society maintenance
TXN010907,CUST0123,2025-10-12,debit,groceries,1530,Groceries
TXN010908,CUST0123,2025-10-12,debit,utilities,700,Electricity and water
TXN010909,CUST0123,2025-10-25,debit,transport,910,Fuel and commute
TXN010910,CUST0123,2025-10-22,debit,dining_entertainment,830,Dining and entertainment
TXN010911,CUST0123,2025-10-07,debit,emi,2860,Loan EMI
TXN010912,CUST0123,2025-10-04,debit,shopping,1060,Online shopping
TXN010913,CUST0123,2025-11-02,credit,business_income,14700,Business receipt
TXN010914,CUST0123,2025-11-05,debit,maintenance,430,Society maintenance
TXN010915,CUST0123,2025-11-10,debit,groceries,2080,Groceries
TXN010916,CUST0123,2025-11-12,debit,utilities,560,Electricity and water
TXN010917,CUST0123,2025-11-11,debit,transport,900,Fuel and commute
TXN010918,CUST0123,2025-11-17,debit,dining_entertainment,1560,Dining and entertainment
TXN010919,CUST0123,2025-11-07,debit,emi,2900,Loan EMI
TXN010920,CUST0123,2025-12-03,credit,business_income,11000,Business receipt
TXN010921,CUST0123,2025-12-05,debit,maintenance,570,Society maintenance
TXN010922,CUST0123,2025-12-18,debit,groceries,2050,Groceries
TXN010923,CUST0123,2025-12-12,debit,utilities,680,Electricity and water
TXN010924,CUST0123,2025-12-24,debit,transport,800,Fuel and commute
TXN010925,CUST0123,2025-12-19,debit,dining_entertainment,1300,Dining and entertainment
TXN010926,CUST0123,2025-12-07,debit,emi,2890,Loan EMI
TXN010927,CUST0123,2025-12-07,debit,medical,6230,Medical expenses
TXN010928,CUST0123,2025-12-25,debit,shopping,550,Online shopping
TXN010929,CUST0123,2026-01-03,credit,business_income,15500,Business receipt
TXN010930,CUST0123,2026-01-05,debit,maintenance,530,Society maintenance
TXN010931,CUST0123,2026-01-19,debit,groceries,1910,Groceries
TXN010932,CUST0123,2026-01-12,debit,utilities,890,Electricity and water
TXN010933,CUST0123,2026-01-18,debit,transport,1450,Fuel and commute
TXN010934,CUST0123,2026-01-10,debit,dining_entertainment,1930,Dining and entertainment
TXN010935,CUST0123,2026-01-07,debit,emi,2880,Loan EMI
TXN010936,CUST0123,2026-02-03,credit,business_income,16400,Business receipt
TXN010937,CUST0123,2026-02-05,debit,maintenance,440,Society maintenance
TXN010938,CUST0123,2026-02-09,debit,groceries,2100,Groceries
TXN010939,CUST0123,2026-02-12,debit,utilities,990,Electricity and water
TXN010940,CUST0123,2026-02-25,debit,transport,1240,Fuel and commute
TXN010941,CUST0123,2026-02-25,debit,dining_entertainment,1690,Dining and entertainment
TXN010942,CUST0123,2026-02-07,debit,emi,2900,Loan EMI
TXN010943,CUST0123,2026-03-03,credit,business_income,11700,Business receipt
TXN010944,CUST0123,2026-03-05,debit,maintenance,580,Society maintenance
TXN010945,CUST0123,2026-03-06,debit,groceries,2090,Groceries
TXN010946,CUST0123,2026-03-12,debit,utilities,790,Electricity and water
TXN010947,CUST0123,2026-03-20,debit,transport,1180,Fuel and commute
TXN010948,CUST0123,2026-03-08,debit,dining_entertainment,1770,Dining and entertainment
TXN010949,CUST0123,2026-03-07,debit,emi,2910,Loan EMI
TXN010950,CUST0123,2026-04-02,credit,business_income,13200,Business receipt
TXN010951,CUST0123,2026-04-05,debit,maintenance,550,Society maintenance
TXN010952,CUST0123,2026-04-09,debit,groceries,2000,Groceries
TXN010953,CUST0123,2026-04-12,debit,utilities,560,Electricity and water
TXN010954,CUST0123,2026-04-18,debit,transport,1280,Fuel and commute
TXN010955,CUST0123,2026-04-11,debit,dining_entertainment,1870,Dining and entertainment
TXN010956,CUST0123,2026-04-07,debit,emi,2870,Loan EMI
TXN010957,CUST0123,2026-05-03,credit,business_income,19000,Business receipt
TXN010958,CUST0123,2026-05-05,debit,maintenance,560,Society maintenance
TXN010959,CUST0123,2026-05-19,debit,groceries,1580,Groceries
TXN010960,CUST0123,2026-05-12,debit,utilities,950,Electricity and water
TXN010961,CUST0123,2026-05-19,debit,transport,940,Fuel and commute
TXN010962,CUST0123,2026-05-18,debit,dining_entertainment,1470,Dining and entertainment
TXN010963,CUST0123,2026-05-07,debit,emi,2870,Loan EMI
TXN010964,CUST0123,2026-05-07,debit,medical,4910,Medical expenses
TXN010965,CUST0123,2026-06-03,credit,business_income,15900,Business receipt
TXN010966,CUST0123,2026-06-05,debit,maintenance,590,Society maintenance
TXN010967,CUST0123,2026-06-08,debit,groceries,2520,Groceries
TXN010968,CUST0123,2026-06-12,debit,utilities,950,Electricity and water
TXN010969,CUST0123,2026-06-19,debit,transport,1340,Fuel and commute
TXN010970,CUST0123,2026-06-17,debit,dining_entertainment,1920,Dining and entertainment
TXN010971,CUST0123,2026-06-07,debit,emi,2870,Loan EMI
TXN010972,CUST0123,2026-07-03,credit,business_income,14800,Business receipt
TXN010973,CUST0123,2026-07-05,debit,maintenance,490,Society maintenance
TXN010974,CUST0123,2026-07-13,debit,groceries,2080,Groceries
TXN010975,CUST0123,2026-07-12,debit,utilities,530,Electricity and water
TXN010976,CUST0123,2026-07-14,debit,transport,1090,Fuel and commute
TXN010977,CUST0123,2026-07-12,debit,dining_entertainment,1890,Dining and entertainment
TXN010978,CUST0123,2026-07-07,debit,emi,2870,Loan EMI
TXN010979,CUST0123,2026-08-02,credit,business_income,16400,Business receipt
TXN010980,CUST0123,2026-08-05,debit,maintenance,530,Society maintenance
TXN010981,CUST0123,2026-08-10,debit,groceries,2630,Groceries
TXN010982,CUST0123,2026-08-12,debit,utilities,530,Electricity and water
TXN010983,CUST0123,2026-08-22,debit,transport,1100,Fuel and commute
TXN010984,CUST0123,2026-08-14,debit,dining_entertainment,1630,Dining and entertainment
TXN010985,CUST0123,2026-08-07,debit,emi,2900,Loan EMI
TXN010986,CUST0124,2025-09-02,credit,business_income,23000,Business receipt
TXN010987,CUST0124,2025-09-05,debit,rent,5190,House rent
TXN010988,CUST0124,2025-09-11,debit,groceries,3280,Groceries
TXN010989,CUST0124,2025-09-12,debit,utilities,1040,Electricity and water
TXN010990,CUST0124,2025-09-18,debit,transport,1700,Fuel and commute
TXN010991,CUST0124,2025-09-20,debit,dining_entertainment,2040,Dining and entertainment
TXN010992,CUST0124,2025-09-07,debit,emi,5450,Loan EMI
TXN010993,CUST0124,2025-09-15,debit,school_fees,34000,School fees
TXN010994,CUST0124,2025-09-17,debit,shopping,1970,Online shopping
TXN010995,CUST0124,2025-10-02,credit,business_income,22600,Business receipt
TXN010996,CUST0124,2025-10-05,debit,rent,5630,House rent
TXN010997,CUST0124,2025-10-14,debit,groceries,2150,Groceries
TXN010998,CUST0124,2025-10-12,debit,utilities,730,Electricity and water
TXN010999,CUST0124,2025-10-23,debit,transport,1930,Fuel and commute
TXN011000,CUST0124,2025-10-20,debit,dining_entertainment,1240,Dining and entertainment
TXN011001,CUST0124,2025-10-07,debit,emi,5450,Loan EMI
TXN011002,CUST0124,2025-11-03,credit,business_income,23300,Business receipt
TXN011003,CUST0124,2025-11-05,debit,rent,5250,House rent
TXN011004,CUST0124,2025-11-10,debit,groceries,2880,Groceries
TXN011005,CUST0124,2025-11-12,debit,utilities,910,Electricity and water
TXN011006,CUST0124,2025-11-22,debit,transport,1680,Fuel and commute
TXN011007,CUST0124,2025-11-19,debit,dining_entertainment,1630,Dining and entertainment
TXN011008,CUST0124,2025-11-07,debit,emi,5530,Loan EMI
TXN011009,CUST0124,2025-12-02,credit,business_income,22600,Business receipt
TXN011010,CUST0124,2025-12-05,debit,rent,5230,House rent
TXN011011,CUST0124,2025-12-06,debit,groceries,2070,Groceries
TXN011012,CUST0124,2025-12-12,debit,utilities,950,Electricity and water
TXN011013,CUST0124,2025-12-23,debit,transport,1430,Fuel and commute
TXN011014,CUST0124,2025-12-12,debit,dining_entertainment,2440,Dining and entertainment
TXN011015,CUST0124,2025-12-07,debit,emi,5470,Loan EMI
TXN011016,CUST0124,2025-12-15,debit,school_fees,19720,School fees
TXN011017,CUST0124,2026-01-01,credit,business_income,22700,Business receipt
TXN011018,CUST0124,2026-01-05,debit,rent,4940,House rent
TXN011019,CUST0124,2026-01-19,debit,groceries,3500,Groceries
TXN011020,CUST0124,2026-01-12,debit,utilities,890,Electricity and water
TXN011021,CUST0124,2026-01-25,debit,transport,990,Fuel and commute
TXN011022,CUST0124,2026-01-08,debit,dining_entertainment,2640,Dining and entertainment
TXN011023,CUST0124,2026-01-07,debit,emi,5450,Loan EMI
TXN011024,CUST0124,2026-01-20,debit,shopping,1780,Online shopping
TXN011025,CUST0124,2026-02-01,credit,business_income,23400,Business receipt
TXN011026,CUST0124,2026-02-05,debit,rent,5320,House rent
TXN011027,CUST0124,2026-02-11,debit,groceries,2440,Groceries
TXN011028,CUST0124,2026-02-12,debit,utilities,1250,Electricity and water
TXN011029,CUST0124,2026-02-12,debit,transport,1910,Fuel and commute
TXN011030,CUST0124,2026-02-15,debit,dining_entertainment,1850,Dining and entertainment
TXN011031,CUST0124,2026-02-07,debit,emi,5480,Loan EMI
TXN011032,CUST0124,2026-02-27,debit,medical,6150,Medical expenses
TXN011033,CUST0124,2026-03-01,credit,business_income,22600,Business receipt
TXN011034,CUST0124,2026-03-05,debit,rent,5320,House rent
TXN011035,CUST0124,2026-03-08,debit,groceries,2730,Groceries
TXN011036,CUST0124,2026-03-12,debit,utilities,720,Electricity and water
TXN011037,CUST0124,2026-03-11,debit,transport,1710,Fuel and commute
TXN011038,CUST0124,2026-03-25,debit,dining_entertainment,1990,Dining and entertainment
TXN011039,CUST0124,2026-03-07,debit,emi,5460,Loan EMI
TXN011040,CUST0124,2026-03-15,debit,school_fees,41010,School fees
TXN011041,CUST0124,2026-04-02,credit,business_income,22600,Business receipt
TXN011042,CUST0124,2026-04-05,debit,rent,5490,House rent
TXN011043,CUST0124,2026-04-18,debit,groceries,2080,Groceries
TXN011044,CUST0124,2026-04-12,debit,utilities,980,Electricity and water
TXN011045,CUST0124,2026-04-25,debit,transport,990,Fuel and commute
TXN011046,CUST0124,2026-04-26,debit,dining_entertainment,2090,Dining and entertainment
TXN011047,CUST0124,2026-04-07,debit,emi,5530,Loan EMI
TXN011048,CUST0124,2026-05-03,credit,business_income,23400,Business receipt
TXN011049,CUST0124,2026-05-05,debit,rent,5060,House rent
TXN011050,CUST0124,2026-05-12,debit,groceries,2400,Groceries
TXN011051,CUST0124,2026-05-12,debit,utilities,1110,Electricity and water
TXN011052,CUST0124,2026-05-19,debit,transport,1520,Fuel and commute
TXN011053,CUST0124,2026-05-09,debit,dining_entertainment,1630,Dining and entertainment
TXN011054,CUST0124,2026-05-07,debit,emi,5480,Loan EMI
TXN011055,CUST0124,2026-06-02,credit,business_income,23200,Business receipt
TXN011056,CUST0124,2026-06-05,debit,rent,5090,House rent
TXN011057,CUST0124,2026-06-06,debit,groceries,2890,Groceries
TXN011058,CUST0124,2026-06-12,debit,utilities,1080,Electricity and water
TXN011059,CUST0124,2026-06-17,debit,transport,1490,Fuel and commute
TXN011060,CUST0124,2026-06-08,debit,dining_entertainment,2050,Dining and entertainment
TXN011061,CUST0124,2026-06-07,debit,emi,5530,Loan EMI
TXN011062,CUST0124,2026-06-18,debit,insurance_premium,23590,Insurance premium
TXN011063,CUST0124,2026-06-15,debit,school_fees,32840,School fees
TXN011064,CUST0124,2026-06-03,debit,shopping,2720,Online shopping
TXN011065,CUST0124,2026-07-03,credit,business_income,22600,Business receipt
TXN011066,CUST0124,2026-07-05,debit,rent,5040,House rent
TXN011067,CUST0124,2026-07-19,debit,groceries,2300,Groceries
TXN011068,CUST0124,2026-07-12,debit,utilities,1240,Electricity and water
TXN011069,CUST0124,2026-07-17,debit,transport,970,Fuel and commute
TXN011070,CUST0124,2026-07-19,debit,dining_entertainment,2700,Dining and entertainment
TXN011071,CUST0124,2026-07-07,debit,emi,5530,Loan EMI
TXN011072,CUST0124,2026-08-02,credit,business_income,22800,Business receipt
TXN011073,CUST0124,2026-08-05,debit,rent,5430,House rent
TXN011074,CUST0124,2026-08-13,debit,groceries,3470,Groceries
TXN011075,CUST0124,2026-08-12,debit,utilities,820,Electricity and water
TXN011076,CUST0124,2026-08-11,debit,transport,1270,Fuel and commute
TXN011077,CUST0124,2026-08-26,debit,dining_entertainment,1480,Dining and entertainment
TXN011078,CUST0124,2026-08-07,debit,emi,5510,Loan EMI
TXN011079,CUST0125,2025-09-01,credit,business_income,9500,Business receipt
TXN011080,CUST0125,2025-09-05,debit,rent,2590,House rent
TXN011081,CUST0125,2025-09-20,debit,groceries,980,Groceries
TXN011082,CUST0125,2025-09-12,debit,utilities,440,Electricity and water
TXN011083,CUST0125,2025-09-15,debit,transport,550,Fuel and commute
TXN011084,CUST0125,2025-09-24,debit,dining_entertainment,650,Dining and entertainment
TXN011085,CUST0125,2025-09-28,credit,interest_payout,340,Deposit interest payout
TXN011086,CUST0125,2025-10-02,credit,business_income,11200,Business receipt
TXN011087,CUST0125,2025-10-05,debit,rent,2610,House rent
TXN011088,CUST0125,2025-10-10,debit,groceries,1520,Groceries
TXN011089,CUST0125,2025-10-12,debit,utilities,340,Electricity and water
TXN011090,CUST0125,2025-10-17,debit,transport,630,Fuel and commute
TXN011091,CUST0125,2025-10-15,debit,dining_entertainment,980,Dining and entertainment
TXN011092,CUST0125,2025-10-28,credit,interest_payout,470,Deposit interest payout
TXN011093,CUST0125,2025-11-02,credit,business_income,11800,Business receipt
TXN011094,CUST0125,2025-11-05,debit,rent,2620,House rent
TXN011095,CUST0125,2025-11-08,debit,groceries,1480,Groceries
TXN011096,CUST0125,2025-11-12,debit,utilities,450,Electricity and water
TXN011097,CUST0125,2025-11-19,debit,transport,850,Fuel and commute
TXN011098,CUST0125,2025-11-14,debit,dining_entertainment,1190,Dining and entertainment
TXN011099,CUST0125,2025-11-28,credit,interest_payout,200,Deposit interest payout
TXN011100,CUST0125,2025-12-03,credit,business_income,9800,Business receipt
TXN011101,CUST0125,2025-12-05,debit,rent,2370,House rent
TXN011102,CUST0125,2025-12-20,debit,groceries,1640,Groceries
TXN011103,CUST0125,2025-12-12,debit,utilities,520,Electricity and water
TXN011104,CUST0125,2025-12-12,debit,transport,610,Fuel and commute
TXN011105,CUST0125,2025-12-24,debit,dining_entertainment,850,Dining and entertainment
TXN011106,CUST0125,2025-12-28,credit,interest_payout,550,Deposit interest payout
TXN011107,CUST0125,2026-01-03,credit,business_income,12400,Business receipt
TXN011108,CUST0125,2026-01-05,debit,rent,2420,House rent
TXN011109,CUST0125,2026-01-15,debit,groceries,1390,Groceries
TXN011110,CUST0125,2026-01-12,debit,utilities,570,Electricity and water
TXN011111,CUST0125,2026-01-14,debit,transport,900,Fuel and commute
TXN011112,CUST0125,2026-01-22,debit,dining_entertainment,670,Dining and entertainment
TXN011113,CUST0125,2026-01-17,debit,shopping,750,Online shopping
TXN011114,CUST0125,2026-01-28,credit,interest_payout,600,Deposit interest payout
TXN011115,CUST0125,2026-02-01,credit,business_income,7400,Business receipt
TXN011116,CUST0125,2026-02-05,debit,rent,2710,House rent
TXN011117,CUST0125,2026-02-16,debit,groceries,1100,Groceries
TXN011118,CUST0125,2026-02-12,debit,utilities,570,Electricity and water
TXN011119,CUST0125,2026-02-23,debit,transport,440,Fuel and commute
TXN011120,CUST0125,2026-02-16,debit,dining_entertainment,730,Dining and entertainment
TXN011121,CUST0125,2026-02-28,credit,interest_payout,390,Deposit interest payout
TXN011122,CUST0125,2026-03-03,credit,business_income,11400,Business receipt
TXN011123,CUST0125,2026-03-05,debit,rent,2410,House rent
TXN011124,CUST0125,2026-03-13,debit,groceries,1270,Groceries
TXN011125,CUST0125,2026-03-12,debit,utilities,490,Electricity and water
TXN011126,CUST0125,2026-03-12,debit,transport,780,Fuel and commute
TXN011127,CUST0125,2026-03-22,debit,dining_entertainment,970,Dining and entertainment
TXN011128,CUST0125,2026-03-28,credit,interest_payout,420,Deposit interest payout
TXN011129,CUST0125,2026-04-03,credit,business_income,13400,Business receipt
TXN011130,CUST0125,2026-04-05,debit,rent,2540,House rent
TXN011131,CUST0125,2026-04-19,debit,groceries,1430,Groceries
TXN011132,CUST0125,2026-04-12,debit,utilities,450,Electricity and water
TXN011133,CUST0125,2026-04-12,debit,transport,520,Fuel and commute
TXN011134,CUST0125,2026-04-10,debit,dining_entertainment,760,Dining and entertainment
TXN011135,CUST0125,2026-04-28,credit,interest_payout,330,Deposit interest payout
TXN011136,CUST0125,2026-05-03,credit,business_income,10400,Business receipt
TXN011137,CUST0125,2026-05-05,debit,rent,2650,House rent
TXN011138,CUST0125,2026-05-08,debit,groceries,1390,Groceries
TXN011139,CUST0125,2026-05-12,debit,utilities,430,Electricity and water
TXN011140,CUST0125,2026-05-18,debit,transport,700,Fuel and commute
TXN011141,CUST0125,2026-05-22,debit,dining_entertainment,910,Dining and entertainment
TXN011142,CUST0125,2026-05-28,credit,interest_payout,600,Deposit interest payout
TXN011143,CUST0125,2026-06-02,credit,business_income,11500,Business receipt
TXN011144,CUST0125,2026-06-05,debit,rent,2300,House rent
TXN011145,CUST0125,2026-06-12,debit,groceries,1110,Groceries
TXN011146,CUST0125,2026-06-12,debit,utilities,520,Electricity and water
TXN011147,CUST0125,2026-06-10,debit,transport,510,Fuel and commute
TXN011148,CUST0125,2026-06-18,debit,dining_entertainment,970,Dining and entertainment
TXN011149,CUST0125,2026-06-18,debit,insurance_premium,12120,Insurance premium
TXN011150,CUST0125,2026-06-28,credit,interest_payout,590,Deposit interest payout
TXN011151,CUST0125,2026-07-03,credit,business_income,11300,Business receipt
TXN011152,CUST0125,2026-07-05,debit,rent,2530,House rent
TXN011153,CUST0125,2026-07-16,debit,groceries,1210,Groceries
TXN011154,CUST0125,2026-07-12,debit,utilities,550,Electricity and water
TXN011155,CUST0125,2026-07-14,debit,transport,460,Fuel and commute
TXN011156,CUST0125,2026-07-08,debit,dining_entertainment,1110,Dining and entertainment
TXN011157,CUST0125,2026-08-03,credit,business_income,9700,Business receipt
TXN011158,CUST0125,2026-08-05,debit,rent,2280,House rent
TXN011159,CUST0125,2026-08-13,debit,groceries,1020,Groceries
TXN011160,CUST0125,2026-08-12,debit,utilities,490,Electricity and water
TXN011161,CUST0125,2026-08-14,debit,transport,530,Fuel and commute
TXN011162,CUST0125,2026-08-12,debit,dining_entertainment,940,Dining and entertainment
TXN011163,CUST0125,2026-08-28,credit,interest_payout,320,Deposit interest payout
TXN011164,CUST0126,2025-09-01,credit,salary,6500,Monthly credit
TXN011165,CUST0126,2025-09-05,debit,rent,1200,House rent
TXN011166,CUST0126,2025-09-12,debit,groceries,710,Groceries
TXN011167,CUST0126,2025-09-12,debit,utilities,280,Electricity and water
TXN011168,CUST0126,2025-09-23,debit,transport,400,Fuel and commute
TXN011169,CUST0126,2025-09-15,debit,dining_entertainment,700,Dining and entertainment
TXN011170,CUST0126,2025-09-07,debit,emi,1780,Loan EMI
TXN011171,CUST0126,2025-09-15,debit,school_fees,3170,School fees
TXN011172,CUST0126,2025-09-28,credit,interest_payout,240,Deposit interest payout
TXN011173,CUST0126,2025-10-01,credit,salary,6400,Monthly credit
TXN011174,CUST0126,2025-10-05,debit,rent,1350,House rent
TXN011175,CUST0126,2025-10-20,debit,groceries,870,Groceries
TXN011176,CUST0126,2025-10-12,debit,utilities,230,Electricity and water
TXN011177,CUST0126,2025-10-20,debit,transport,360,Fuel and commute
TXN011178,CUST0126,2025-10-18,debit,dining_entertainment,590,Dining and entertainment
TXN011179,CUST0126,2025-10-07,debit,emi,1760,Loan EMI
TXN011180,CUST0126,2025-10-28,credit,interest_payout,260,Deposit interest payout
TXN011181,CUST0126,2025-11-03,credit,salary,6400,Monthly credit
TXN011182,CUST0126,2025-11-05,debit,rent,1360,House rent
TXN011183,CUST0126,2025-11-10,debit,groceries,670,Groceries
TXN011184,CUST0126,2025-11-12,debit,utilities,320,Electricity and water
TXN011185,CUST0126,2025-11-11,debit,transport,340,Fuel and commute
TXN011186,CUST0126,2025-11-24,debit,dining_entertainment,450,Dining and entertainment
TXN011187,CUST0126,2025-11-07,debit,emi,1760,Loan EMI
TXN011188,CUST0126,2025-11-18,debit,shopping,220,Online shopping
TXN011189,CUST0126,2025-12-03,credit,salary,6400,Monthly credit
TXN011190,CUST0126,2025-12-05,debit,rent,1160,House rent
TXN011191,CUST0126,2025-12-09,debit,groceries,640,Groceries
TXN011192,CUST0126,2025-12-12,debit,utilities,380,Electricity and water
TXN011193,CUST0126,2025-12-11,debit,transport,510,Fuel and commute
TXN011194,CUST0126,2025-12-25,debit,dining_entertainment,390,Dining and entertainment
TXN011195,CUST0126,2025-12-07,debit,emi,1780,Loan EMI
TXN011196,CUST0126,2025-12-15,debit,school_fees,2930,School fees
TXN011197,CUST0126,2026-01-01,credit,salary,6400,Monthly credit
TXN011198,CUST0126,2026-01-05,debit,rent,1330,House rent
TXN011199,CUST0126,2026-01-13,debit,groceries,830,Groceries
TXN011200,CUST0126,2026-01-12,debit,utilities,360,Electricity and water
TXN011201,CUST0126,2026-01-24,debit,transport,400,Fuel and commute
TXN011202,CUST0126,2026-01-12,debit,dining_entertainment,550,Dining and entertainment
TXN011203,CUST0126,2026-01-07,debit,emi,1750,Loan EMI
TXN011204,CUST0126,2026-01-28,credit,interest_payout,210,Deposit interest payout
TXN011205,CUST0126,2026-02-02,credit,salary,6400,Monthly credit
TXN011206,CUST0126,2026-02-05,debit,rent,1240,House rent
TXN011207,CUST0126,2026-02-18,debit,groceries,780,Groceries
TXN011208,CUST0126,2026-02-12,debit,utilities,240,Electricity and water
TXN011209,CUST0126,2026-02-17,debit,transport,550,Fuel and commute
TXN011210,CUST0126,2026-02-21,debit,dining_entertainment,680,Dining and entertainment
TXN011211,CUST0126,2026-02-07,debit,emi,1770,Loan EMI
TXN011212,CUST0126,2026-02-28,credit,interest_payout,230,Deposit interest payout
TXN011213,CUST0126,2026-03-03,credit,salary,6500,Monthly credit
TXN011214,CUST0126,2026-03-05,debit,rent,1220,House rent
TXN011215,CUST0126,2026-03-13,debit,groceries,670,Groceries
TXN011216,CUST0126,2026-03-12,debit,utilities,280,Electricity and water
TXN011217,CUST0126,2026-03-13,debit,transport,320,Fuel and commute
TXN011218,CUST0126,2026-03-23,debit,dining_entertainment,470,Dining and entertainment
TXN011219,CUST0126,2026-03-07,debit,emi,1760,Loan EMI
TXN011220,CUST0126,2026-03-15,debit,school_fees,4830,School fees
TXN011221,CUST0126,2026-03-28,credit,interest_payout,290,Deposit interest payout
TXN011222,CUST0126,2026-04-03,credit,salary,6300,Monthly credit
TXN011223,CUST0126,2026-04-05,debit,rent,1240,House rent
TXN011224,CUST0126,2026-04-17,debit,groceries,820,Groceries
TXN011225,CUST0126,2026-04-12,debit,utilities,230,Electricity and water
TXN011226,CUST0126,2026-04-12,debit,transport,260,Fuel and commute
TXN011227,CUST0126,2026-04-19,debit,dining_entertainment,460,Dining and entertainment
TXN011228,CUST0126,2026-04-07,debit,emi,1780,Loan EMI
TXN011229,CUST0126,2026-05-01,credit,salary,6300,Monthly credit
TXN011230,CUST0126,2026-05-05,debit,rent,1210,House rent
TXN011231,CUST0126,2026-05-17,debit,groceries,740,Groceries
TXN011232,CUST0126,2026-05-12,debit,utilities,260,Electricity and water
TXN011233,CUST0126,2026-05-18,debit,transport,430,Fuel and commute
TXN011234,CUST0126,2026-05-26,debit,dining_entertainment,550,Dining and entertainment
TXN011235,CUST0126,2026-05-07,debit,emi,1760,Loan EMI
TXN011236,CUST0126,2026-06-02,credit,salary,6300,Monthly credit
TXN011237,CUST0126,2026-06-05,debit,rent,1350,House rent
TXN011238,CUST0126,2026-06-12,debit,groceries,890,Groceries
TXN011239,CUST0126,2026-06-12,debit,utilities,220,Electricity and water
TXN011240,CUST0126,2026-06-21,debit,transport,290,Fuel and commute
TXN011241,CUST0126,2026-06-10,debit,dining_entertainment,550,Dining and entertainment
TXN011242,CUST0126,2026-06-07,debit,emi,1780,Loan EMI
TXN011243,CUST0126,2026-06-18,debit,insurance_premium,6020,Insurance premium
TXN011244,CUST0126,2026-06-15,debit,school_fees,4940,School fees
TXN011245,CUST0126,2026-06-28,credit,interest_payout,240,Deposit interest payout
TXN011246,CUST0126,2026-07-01,credit,salary,6300,Monthly credit
TXN011247,CUST0126,2026-07-05,debit,rent,1370,House rent
TXN011248,CUST0126,2026-07-16,debit,groceries,610,Groceries
TXN011249,CUST0126,2026-07-12,debit,utilities,210,Electricity and water
TXN011250,CUST0126,2026-07-12,debit,transport,430,Fuel and commute
TXN011251,CUST0126,2026-07-17,debit,dining_entertainment,600,Dining and entertainment
TXN011252,CUST0126,2026-07-07,debit,emi,1780,Loan EMI
TXN011253,CUST0126,2026-07-28,credit,interest_payout,200,Deposit interest payout
TXN011254,CUST0126,2026-08-03,credit,salary,6400,Monthly credit
TXN011255,CUST0126,2026-08-05,debit,rent,1360,House rent
TXN011256,CUST0126,2026-08-10,debit,groceries,890,Groceries
TXN011257,CUST0126,2026-08-12,debit,utilities,340,Electricity and water
TXN011258,CUST0126,2026-08-25,debit,transport,320,Fuel and commute
TXN011259,CUST0126,2026-08-17,debit,dining_entertainment,680,Dining and entertainment
TXN011260,CUST0126,2026-08-07,debit,emi,1750,Loan EMI
TXN011261,CUST0126,2026-08-28,credit,interest_payout,200,Deposit interest payout
TXN011262,CUST0127,2025-09-01,credit,salary,4700,Monthly credit
TXN011263,CUST0127,2025-09-05,debit,rent,1030,House rent
TXN011264,CUST0127,2025-09-19,debit,groceries,550,Groceries
TXN011265,CUST0127,2025-09-12,debit,utilities,220,Electricity and water
TXN011266,CUST0127,2025-09-10,debit,transport,410,Fuel and commute
TXN011267,CUST0127,2025-09-26,debit,dining_entertainment,730,Dining and entertainment
TXN011268,CUST0127,2025-09-10,debit,sip_investment,700,Mutual fund SIP
TXN011269,CUST0127,2025-10-01,credit,salary,4500,Monthly credit
TXN011270,CUST0127,2025-10-05,debit,rent,950,House rent
TXN011271,CUST0127,2025-10-07,debit,groceries,560,Groceries
TXN011272,CUST0127,2025-10-12,debit,utilities,220,Electricity and water
TXN011273,CUST0127,2025-10-23,debit,transport,270,Fuel and commute
TXN011274,CUST0127,2025-10-10,debit,dining_entertainment,630,Dining and entertainment
TXN011275,CUST0127,2025-10-10,debit,sip_investment,700,Mutual fund SIP
TXN011276,CUST0127,2025-10-25,debit,medical,1860,Medical expenses
TXN011277,CUST0127,2025-11-01,credit,salary,4600,Monthly credit
TXN011278,CUST0127,2025-11-05,debit,rent,1030,House rent
TXN011279,CUST0127,2025-11-08,debit,groceries,720,Groceries
TXN011280,CUST0127,2025-11-12,debit,utilities,250,Electricity and water
TXN011281,CUST0127,2025-11-14,debit,transport,380,Fuel and commute
TXN011282,CUST0127,2025-11-15,debit,dining_entertainment,790,Dining and entertainment
TXN011283,CUST0127,2025-11-10,debit,sip_investment,700,Mutual fund SIP
TXN011284,CUST0127,2025-12-01,credit,salary,4500,Monthly credit
TXN011285,CUST0127,2025-12-05,debit,rent,1010,House rent
TXN011286,CUST0127,2025-12-14,debit,groceries,730,Groceries
TXN011287,CUST0127,2025-12-12,debit,utilities,170,Electricity and water
TXN011288,CUST0127,2025-12-21,debit,transport,280,Fuel and commute
TXN011289,CUST0127,2025-12-08,debit,dining_entertainment,750,Dining and entertainment
TXN011290,CUST0127,2025-12-10,debit,sip_investment,700,Mutual fund SIP
TXN011291,CUST0127,2025-12-18,debit,insurance_premium,2720,Insurance premium
TXN011292,CUST0127,2026-01-03,credit,salary,4600,Monthly credit
TXN011293,CUST0127,2026-01-05,debit,rent,930,House rent
TXN011294,CUST0127,2026-01-07,debit,groceries,680,Groceries
TXN011295,CUST0127,2026-01-12,debit,utilities,170,Electricity and water
TXN011296,CUST0127,2026-01-15,debit,transport,190,Fuel and commute
TXN011297,CUST0127,2026-01-19,debit,dining_entertainment,510,Dining and entertainment
TXN011298,CUST0127,2026-01-10,debit,sip_investment,700,Mutual fund SIP
TXN011299,CUST0127,2026-02-02,credit,salary,4600,Monthly credit
TXN011300,CUST0127,2026-02-05,debit,rent,960,House rent
TXN011301,CUST0127,2026-02-19,debit,groceries,520,Groceries
TXN011302,CUST0127,2026-02-12,debit,utilities,250,Electricity and water
TXN011303,CUST0127,2026-02-13,debit,transport,370,Fuel and commute
TXN011304,CUST0127,2026-02-15,debit,dining_entertainment,710,Dining and entertainment
TXN011305,CUST0127,2026-02-10,debit,sip_investment,700,Mutual fund SIP
TXN011306,CUST0127,2026-02-21,debit,shopping,230,Online shopping
TXN011307,CUST0127,2026-03-02,credit,salary,4600,Monthly credit
TXN011308,CUST0127,2026-03-05,debit,rent,1020,House rent
TXN011309,CUST0127,2026-03-20,debit,groceries,620,Groceries
TXN011310,CUST0127,2026-03-12,debit,utilities,220,Electricity and water
TXN011311,CUST0127,2026-03-15,debit,transport,260,Fuel and commute
TXN011312,CUST0127,2026-03-23,debit,dining_entertainment,760,Dining and entertainment
TXN011313,CUST0127,2026-03-10,debit,sip_investment,700,Mutual fund SIP
TXN011314,CUST0127,2026-04-01,credit,salary,4700,Monthly credit
TXN011315,CUST0127,2026-04-05,debit,rent,930,House rent
TXN011316,CUST0127,2026-04-09,debit,groceries,430,Groceries
TXN011317,CUST0127,2026-04-12,debit,utilities,260,Electricity and water
TXN011318,CUST0127,2026-04-20,debit,transport,410,Fuel and commute
TXN011319,CUST0127,2026-04-13,debit,dining_entertainment,390,Dining and entertainment
TXN011320,CUST0127,2026-04-10,debit,sip_investment,700,Mutual fund SIP
TXN011321,CUST0127,2026-05-03,credit,salary,4500,Monthly credit
TXN011322,CUST0127,2026-05-05,debit,rent,1060,House rent
TXN011323,CUST0127,2026-05-18,debit,groceries,690,Groceries
TXN011324,CUST0127,2026-05-12,debit,utilities,270,Electricity and water
TXN011325,CUST0127,2026-05-18,debit,transport,360,Fuel and commute
TXN011326,CUST0127,2026-05-20,debit,dining_entertainment,900,Dining and entertainment
TXN011327,CUST0127,2026-05-10,debit,sip_investment,700,Mutual fund SIP
TXN011328,CUST0127,2026-05-10,debit,shopping,520,Online shopping
TXN011329,CUST0127,2026-06-02,credit,salary,4600,Monthly credit
TXN011330,CUST0127,2026-06-05,debit,rent,960,House rent
TXN011331,CUST0127,2026-06-09,debit,groceries,490,Groceries
TXN011332,CUST0127,2026-06-12,debit,utilities,140,Electricity and water
TXN011333,CUST0127,2026-06-18,debit,transport,400,Fuel and commute
TXN011334,CUST0127,2026-06-10,debit,dining_entertainment,610,Dining and entertainment
TXN011335,CUST0127,2026-06-10,debit,sip_investment,700,Mutual fund SIP
TXN011336,CUST0127,2026-07-01,credit,salary,4600,Monthly credit
TXN011337,CUST0127,2026-07-05,debit,rent,900,House rent
TXN011338,CUST0127,2026-07-10,debit,groceries,450,Groceries
TXN011339,CUST0127,2026-07-12,debit,utilities,230,Electricity and water
TXN011340,CUST0127,2026-07-24,debit,transport,320,Fuel and commute
TXN011341,CUST0127,2026-07-18,debit,dining_entertainment,730,Dining and entertainment
TXN011342,CUST0127,2026-07-10,debit,sip_investment,700,Mutual fund SIP
TXN011343,CUST0127,2026-07-12,debit,shopping,420,Online shopping
TXN011344,CUST0127,2026-08-02,credit,salary,4500,Monthly credit
TXN011345,CUST0127,2026-08-05,debit,rent,930,House rent
TXN011346,CUST0127,2026-08-16,debit,groceries,560,Groceries
TXN011347,CUST0127,2026-08-12,debit,utilities,200,Electricity and water
TXN011348,CUST0127,2026-08-16,debit,transport,200,Fuel and commute
TXN011349,CUST0127,2026-08-24,debit,dining_entertainment,420,Dining and entertainment
TXN011350,CUST0127,2026-08-10,debit,sip_investment,700,Mutual fund SIP
TXN011351,CUST0128,2025-09-01,credit,salary,7300,Monthly credit
TXN011352,CUST0128,2025-09-05,debit,maintenance,230,Society maintenance
TXN011353,CUST0128,2025-09-07,debit,groceries,840,Groceries
TXN011354,CUST0128,2025-09-12,debit,utilities,280,Electricity and water
TXN011355,CUST0128,2025-09-23,debit,transport,460,Fuel and commute
TXN011356,CUST0128,2025-09-11,debit,dining_entertainment,450,Dining and entertainment
TXN011357,CUST0128,2025-09-15,debit,school_fees,6540,School fees
TXN011358,CUST0128,2025-09-04,debit,medical,2470,Medical expenses
TXN011359,CUST0128,2025-09-28,credit,interest_payout,330,Deposit interest payout
TXN011360,CUST0128,2025-10-03,credit,salary,7400,Monthly credit
TXN011361,CUST0128,2025-10-05,debit,maintenance,200,Society maintenance
TXN011362,CUST0128,2025-10-11,debit,groceries,830,Groceries
TXN011363,CUST0128,2025-10-12,debit,utilities,390,Electricity and water
TXN011364,CUST0128,2025-10-23,debit,transport,610,Fuel and commute
TXN011365,CUST0128,2025-10-08,debit,dining_entertainment,700,Dining and entertainment
TXN011366,CUST0128,2025-10-28,credit,interest_payout,200,Deposit interest payout
TXN011367,CUST0128,2025-11-03,credit,salary,7600,Monthly credit
TXN011368,CUST0128,2025-11-05,debit,maintenance,180,Society maintenance
TXN011369,CUST0128,2025-11-08,debit,groceries,1160,Groceries
TXN011370,CUST0128,2025-11-12,debit,utilities,380,Electricity and water
TXN011371,CUST0128,2025-11-22,debit,transport,370,Fuel and commute
TXN011372,CUST0128,2025-11-13,debit,dining_entertainment,370,Dining and entertainment
TXN011373,CUST0128,2025-11-13,debit,shopping,560,Online shopping
TXN011374,CUST0128,2025-12-02,credit,salary,7500,Monthly credit
TXN011375,CUST0128,2025-12-05,debit,maintenance,260,Society maintenance
TXN011376,CUST0128,2025-12-11,debit,groceries,680,Groceries
TXN011377,CUST0128,2025-12-12,debit,utilities,430,Electricity and water
TXN011378,CUST0128,2025-12-19,debit,transport,350,Fuel and commute
TXN011379,CUST0128,2025-12-11,debit,dining_entertainment,760,Dining and entertainment
TXN011380,CUST0128,2025-12-18,debit,insurance_premium,5700,Insurance premium
TXN011381,CUST0128,2025-12-15,debit,school_fees,3570,School fees
TXN011382,CUST0128,2025-12-28,credit,interest_payout,200,Deposit interest payout
TXN011383,CUST0128,2026-01-03,credit,salary,7400,Monthly credit
TXN011384,CUST0128,2026-01-05,debit,maintenance,230,Society maintenance
TXN011385,CUST0128,2026-01-19,debit,groceries,680,Groceries
TXN011386,CUST0128,2026-01-12,debit,utilities,310,Electricity and water
TXN011387,CUST0128,2026-01-16,debit,transport,630,Fuel and commute
TXN011388,CUST0128,2026-01-24,debit,dining_entertainment,810,Dining and entertainment
TXN011389,CUST0128,2026-01-04,debit,shopping,310,Online shopping
TXN011390,CUST0128,2026-01-28,credit,interest_payout,240,Deposit interest payout
TXN011391,CUST0128,2026-02-03,credit,salary,7600,Monthly credit
TXN011392,CUST0128,2026-02-05,debit,maintenance,190,Society maintenance
TXN011393,CUST0128,2026-02-06,debit,groceries,1020,Groceries
TXN011394,CUST0128,2026-02-12,debit,utilities,300,Electricity and water
TXN011395,CUST0128,2026-02-10,debit,transport,350,Fuel and commute
TXN011396,CUST0128,2026-02-09,debit,dining_entertainment,410,Dining and entertainment
TXN011397,CUST0128,2026-02-20,debit,shopping,360,Online shopping
TXN011398,CUST0128,2026-02-28,credit,interest_payout,210,Deposit interest payout
TXN011399,CUST0128,2026-03-01,credit,salary,7300,Monthly credit
TXN011400,CUST0128,2026-03-05,debit,maintenance,230,Society maintenance
TXN011401,CUST0128,2026-03-14,debit,groceries,860,Groceries
TXN011402,CUST0128,2026-03-12,debit,utilities,310,Electricity and water
TXN011403,CUST0128,2026-03-16,debit,transport,660,Fuel and commute
TXN011404,CUST0128,2026-03-16,debit,dining_entertainment,440,Dining and entertainment
TXN011405,CUST0128,2026-03-15,debit,school_fees,4250,School fees
TXN011406,CUST0128,2026-03-28,credit,interest_payout,210,Deposit interest payout
TXN011407,CUST0128,2026-04-02,credit,salary,7400,Monthly credit
TXN011408,CUST0128,2026-04-05,debit,maintenance,200,Society maintenance
TXN011409,CUST0128,2026-04-15,debit,groceries,1090,Groceries
TXN011410,CUST0128,2026-04-12,debit,utilities,320,Electricity and water
TXN011411,CUST0128,2026-04-15,debit,transport,590,Fuel and commute
TXN011412,CUST0128,2026-04-24,debit,dining_entertainment,500,Dining and entertainment
TXN011413,CUST0128,2026-04-04,debit,shopping,340,Online shopping
TXN011414,CUST0128,2026-04-28,credit,interest_payout,320,Deposit interest payout
TXN011415,CUST0128,2026-05-02,credit,salary,7400,Monthly credit
TXN011416,CUST0128,2026-05-05,debit,maintenance,240,Society maintenance
TXN011417,CUST0128,2026-05-13,debit,groceries,1000,Groceries
TXN011418,CUST0128,2026-05-12,debit,utilities,360,Electricity and water
TXN011419,CUST0128,2026-05-17,debit,transport,620,Fuel and commute
TXN011420,CUST0128,2026-05-26,debit,dining_entertainment,500,Dining and entertainment
TXN011421,CUST0128,2026-05-28,credit,interest_payout,290,Deposit interest payout
TXN011422,CUST0128,2026-06-02,credit,salary,7400,Monthly credit
TXN011423,CUST0128,2026-06-05,debit,maintenance,250,Society maintenance
TXN011424,CUST0128,2026-06-17,debit,groceries,720,Groceries
TXN011425,CUST0128,2026-06-12,debit,utilities,260,Electricity and water
TXN011426,CUST0128,2026-06-22,debit,transport,440,Fuel and commute
TXN011427,CUST0128,2026-06-18,debit,dining_entertainment,560,Dining and entertainment
TXN011428,CUST0128,2026-06-15,debit,school_fees,5110,School fees
TXN011429,CUST0128,2026-06-28,credit,interest_payout,430,Deposit interest payout
TXN011430,CUST0128,2026-07-01,credit,salary,7400,Monthly credit
TXN011431,CUST0128,2026-07-05,debit,maintenance,250,Society maintenance
TXN011432,CUST0128,2026-07-15,debit,groceries,940,Groceries
TXN011433,CUST0128,2026-07-12,debit,utilities,430,Electricity and water
TXN011434,CUST0128,2026-07-13,debit,transport,450,Fuel and commute
TXN011435,CUST0128,2026-07-19,debit,dining_entertainment,500,Dining and entertainment
TXN011436,CUST0128,2026-07-28,credit,interest_payout,260,Deposit interest payout
TXN011437,CUST0128,2026-08-02,credit,salary,7400,Monthly credit
TXN011438,CUST0128,2026-08-05,debit,maintenance,240,Society maintenance
TXN011439,CUST0128,2026-08-20,debit,groceries,1170,Groceries
TXN011440,CUST0128,2026-08-12,debit,utilities,390,Electricity and water
TXN011441,CUST0128,2026-08-20,debit,transport,460,Fuel and commute
TXN011442,CUST0128,2026-08-18,debit,dining_entertainment,720,Dining and entertainment
TXN011443,CUST0128,2026-08-28,credit,interest_payout,420,Deposit interest payout
TXN011444,CUST0129,2025-09-02,credit,business_income,11000,Business receipt
TXN011445,CUST0129,2025-09-05,debit,maintenance,350,Society maintenance
TXN011446,CUST0129,2025-09-09,debit,groceries,1080,Groceries
TXN011447,CUST0129,2025-09-12,debit,utilities,600,Electricity and water
TXN011448,CUST0129,2025-09-22,debit,transport,810,Fuel and commute
TXN011449,CUST0129,2025-09-26,debit,dining_entertainment,890,Dining and entertainment
TXN011450,CUST0129,2025-09-15,debit,school_fees,5110,School fees
TXN011451,CUST0129,2025-10-02,credit,business_income,8500,Business receipt
TXN011452,CUST0129,2025-10-05,debit,maintenance,360,Society maintenance
TXN011453,CUST0129,2025-10-12,debit,groceries,1490,Groceries
TXN011454,CUST0129,2025-10-12,debit,utilities,620,Electricity and water
TXN011455,CUST0129,2025-10-17,debit,transport,830,Fuel and commute
TXN011456,CUST0129,2025-10-14,debit,dining_entertainment,760,Dining and entertainment
TXN011457,CUST0129,2025-11-03,credit,business_income,11000,Business receipt
TXN011458,CUST0129,2025-11-05,debit,maintenance,350,Society maintenance
TXN011459,CUST0129,2025-11-15,debit,groceries,1150,Groceries
TXN011460,CUST0129,2025-11-12,debit,utilities,330,Electricity and water
TXN011461,CUST0129,2025-11-22,debit,transport,850,Fuel and commute
TXN011462,CUST0129,2025-11-12,debit,dining_entertainment,1080,Dining and entertainment
TXN011463,CUST0129,2025-12-03,credit,business_income,11600,Business receipt
TXN011464,CUST0129,2025-12-05,debit,maintenance,330,Society maintenance
TXN011465,CUST0129,2025-12-14,debit,groceries,1630,Groceries
TXN011466,CUST0129,2025-12-12,debit,utilities,570,Electricity and water
TXN011467,CUST0129,2025-12-13,debit,transport,470,Fuel and commute
TXN011468,CUST0129,2025-12-15,debit,dining_entertainment,790,Dining and entertainment
TXN011469,CUST0129,2025-12-15,debit,school_fees,7920,School fees
TXN011470,CUST0129,2025-12-19,debit,shopping,1190,Online shopping
TXN011471,CUST0129,2026-01-03,credit,business_income,11700,Business receipt
TXN011472,CUST0129,2026-01-05,debit,maintenance,310,Society maintenance
TXN011473,CUST0129,2026-01-06,debit,groceries,980,Groceries
TXN011474,CUST0129,2026-01-12,debit,utilities,480,Electricity and water
TXN011475,CUST0129,2026-01-14,debit,transport,540,Fuel and commute
TXN011476,CUST0129,2026-01-23,debit,dining_entertainment,800,Dining and entertainment
TXN011477,CUST0129,2026-02-01,credit,business_income,12500,Business receipt
TXN011478,CUST0129,2026-02-05,debit,maintenance,290,Society maintenance
TXN011479,CUST0129,2026-02-19,debit,groceries,1420,Groceries
TXN011480,CUST0129,2026-02-12,debit,utilities,470,Electricity and water
TXN011481,CUST0129,2026-02-10,debit,transport,720,Fuel and commute
TXN011482,CUST0129,2026-02-12,debit,dining_entertainment,940,Dining and entertainment
TXN011483,CUST0129,2026-03-01,credit,business_income,8800,Business receipt
TXN011484,CUST0129,2026-03-05,debit,maintenance,380,Society maintenance
TXN011485,CUST0129,2026-03-12,debit,groceries,1700,Groceries
TXN011486,CUST0129,2026-03-12,debit,utilities,570,Electricity and water
TXN011487,CUST0129,2026-03-19,debit,transport,740,Fuel and commute
TXN011488,CUST0129,2026-03-22,debit,dining_entertainment,1120,Dining and entertainment
TXN011489,CUST0129,2026-03-15,debit,school_fees,6430,School fees
TXN011490,CUST0129,2026-04-03,credit,business_income,8400,Business receipt
TXN011491,CUST0129,2026-04-05,debit,maintenance,380,Society maintenance
TXN011492,CUST0129,2026-04-12,debit,groceries,1440,Groceries
TXN011493,CUST0129,2026-04-12,debit,utilities,590,Electricity and water
TXN011494,CUST0129,2026-04-22,debit,transport,580,Fuel and commute
TXN011495,CUST0129,2026-04-14,debit,dining_entertainment,670,Dining and entertainment
TXN011496,CUST0129,2026-05-03,credit,business_income,12300,Business receipt
TXN011497,CUST0129,2026-05-05,debit,maintenance,360,Society maintenance
TXN011498,CUST0129,2026-05-20,debit,groceries,1410,Groceries
TXN011499,CUST0129,2026-05-12,debit,utilities,410,Electricity and water
TXN011500,CUST0129,2026-05-18,debit,transport,540,Fuel and commute
TXN011501,CUST0129,2026-05-10,debit,dining_entertainment,900,Dining and entertainment
TXN011502,CUST0129,2026-05-25,debit,shopping,940,Online shopping
TXN011503,CUST0129,2026-06-03,credit,business_income,13400,Business receipt
TXN011504,CUST0129,2026-06-05,debit,maintenance,290,Society maintenance
TXN011505,CUST0129,2026-06-15,debit,groceries,1310,Groceries
TXN011506,CUST0129,2026-06-12,debit,utilities,450,Electricity and water
TXN011507,CUST0129,2026-06-10,debit,transport,960,Fuel and commute
TXN011508,CUST0129,2026-06-25,debit,dining_entertainment,830,Dining and entertainment
TXN011509,CUST0129,2026-06-18,debit,insurance_premium,7540,Insurance premium
TXN011510,CUST0129,2026-06-15,debit,school_fees,6060,School fees
TXN011511,CUST0129,2026-06-06,debit,shopping,1240,Online shopping
TXN011512,CUST0129,2026-07-03,credit,business_income,8600,Business receipt
TXN011513,CUST0129,2026-07-05,debit,maintenance,260,Society maintenance
TXN011514,CUST0129,2026-07-17,debit,groceries,1260,Groceries
TXN011515,CUST0129,2026-07-12,debit,utilities,400,Electricity and water
TXN011516,CUST0129,2026-07-11,debit,transport,750,Fuel and commute
TXN011517,CUST0129,2026-07-10,debit,dining_entertainment,1100,Dining and entertainment
TXN011518,CUST0129,2026-07-09,debit,shopping,1260,Online shopping
TXN011519,CUST0129,2026-08-03,credit,business_income,10500,Business receipt
TXN011520,CUST0129,2026-08-05,debit,maintenance,310,Society maintenance
TXN011521,CUST0129,2026-08-18,debit,groceries,1330,Groceries
TXN011522,CUST0129,2026-08-12,debit,utilities,380,Electricity and water
TXN011523,CUST0129,2026-08-13,debit,transport,790,Fuel and commute
TXN011524,CUST0129,2026-08-26,debit,dining_entertainment,730,Dining and entertainment
TXN011525,CUST0130,2025-09-02,credit,business_income,6300,Business receipt
TXN011526,CUST0130,2025-09-05,debit,rent,1040,House rent
TXN011527,CUST0130,2025-09-10,debit,groceries,400,Groceries
TXN011528,CUST0130,2025-09-12,debit,utilities,250,Electricity and water
TXN011529,CUST0130,2025-09-22,debit,transport,190,Fuel and commute
TXN011530,CUST0130,2025-09-17,debit,dining_entertainment,210,Dining and entertainment
TXN011531,CUST0130,2025-09-10,debit,sip_investment,700,Mutual fund SIP
TXN011532,CUST0130,2025-10-01,credit,business_income,5200,Business receipt
TXN011533,CUST0130,2025-10-05,debit,rent,1070,House rent
TXN011534,CUST0130,2025-10-10,debit,groceries,410,Groceries
TXN011535,CUST0130,2025-10-12,debit,utilities,210,Electricity and water
TXN011536,CUST0130,2025-10-11,debit,transport,380,Fuel and commute
TXN011537,CUST0130,2025-10-25,debit,dining_entertainment,250,Dining and entertainment
TXN011538,CUST0130,2025-10-10,debit,sip_investment,700,Mutual fund SIP
TXN011539,CUST0130,2025-10-18,debit,insurance_premium,5500,Insurance premium
TXN011540,CUST0130,2025-11-03,credit,business_income,2300,Business receipt
TXN011541,CUST0130,2025-11-05,debit,rent,1120,House rent
TXN011542,CUST0130,2025-11-07,debit,groceries,620,Groceries
TXN011543,CUST0130,2025-11-12,debit,utilities,240,Electricity and water
TXN011544,CUST0130,2025-11-17,debit,transport,300,Fuel and commute
TXN011545,CUST0130,2025-11-11,debit,dining_entertainment,300,Dining and entertainment
TXN011546,CUST0130,2025-11-10,debit,sip_investment,700,Mutual fund SIP
TXN011547,CUST0130,2025-12-03,credit,business_income,3100,Business receipt
TXN011548,CUST0130,2025-12-05,debit,rent,1100,House rent
TXN011549,CUST0130,2025-12-10,debit,groceries,490,Groceries
TXN011550,CUST0130,2025-12-12,debit,utilities,250,Electricity and water
TXN011551,CUST0130,2025-12-16,debit,transport,390,Fuel and commute
TXN011552,CUST0130,2025-12-10,debit,dining_entertainment,310,Dining and entertainment
TXN011553,CUST0130,2025-12-10,debit,sip_investment,700,Mutual fund SIP
TXN011554,CUST0130,2026-01-03,credit,business_income,4700,Business receipt
TXN011555,CUST0130,2026-01-05,debit,rent,930,House rent
TXN011556,CUST0130,2026-01-20,debit,groceries,650,Groceries
TXN011557,CUST0130,2026-01-12,debit,utilities,210,Electricity and water
TXN011558,CUST0130,2026-01-22,debit,transport,220,Fuel and commute
TXN011559,CUST0130,2026-01-18,debit,dining_entertainment,230,Dining and entertainment
TXN011560,CUST0130,2026-01-10,debit,sip_investment,700,Mutual fund SIP
TXN011561,CUST0130,2026-01-05,debit,shopping,410,Online shopping
TXN011562,CUST0130,2026-02-01,credit,business_income,5900,Business receipt
TXN011563,CUST0130,2026-02-05,debit,rent,950,House rent
TXN011564,CUST0130,2026-02-17,debit,groceries,430,Groceries
TXN011565,CUST0130,2026-02-12,debit,utilities,140,Electricity and water
TXN011566,CUST0130,2026-02-10,debit,transport,320,Fuel and commute
TXN011567,CUST0130,2026-02-17,debit,dining_entertainment,520,Dining and entertainment
TXN011568,CUST0130,2026-02-10,debit,sip_investment,700,Mutual fund SIP
TXN011569,CUST0130,2026-03-03,credit,business_income,1700,Business receipt
TXN011570,CUST0130,2026-03-05,debit,rent,1030,House rent
TXN011571,CUST0130,2026-03-10,debit,groceries,590,Groceries
TXN011572,CUST0130,2026-03-12,debit,utilities,140,Electricity and water
TXN011573,CUST0130,2026-03-24,debit,transport,200,Fuel and commute
TXN011574,CUST0130,2026-03-17,debit,dining_entertainment,480,Dining and entertainment
TXN011575,CUST0130,2026-03-10,debit,sip_investment,700,Mutual fund SIP
TXN011576,CUST0130,2026-04-01,credit,business_income,6700,Business receipt
TXN011577,CUST0130,2026-04-05,debit,rent,1070,House rent
TXN011578,CUST0130,2026-04-12,debit,groceries,580,Groceries
TXN011579,CUST0130,2026-04-12,debit,utilities,190,Electricity and water
TXN011580,CUST0130,2026-04-25,debit,transport,280,Fuel and commute
TXN011581,CUST0130,2026-04-21,debit,dining_entertainment,330,Dining and entertainment
TXN011582,CUST0130,2026-04-10,debit,sip_investment,700,Mutual fund SIP
TXN011583,CUST0130,2026-04-05,debit,shopping,350,Online shopping
TXN011584,CUST0130,2026-05-03,credit,business_income,1900,Business receipt
TXN011585,CUST0130,2026-05-05,debit,rent,1010,House rent
TXN011586,CUST0130,2026-05-07,debit,groceries,580,Groceries
TXN011587,CUST0130,2026-05-12,debit,utilities,210,Electricity and water
TXN011588,CUST0130,2026-05-19,debit,transport,260,Fuel and commute
TXN011589,CUST0130,2026-05-12,debit,dining_entertainment,260,Dining and entertainment
TXN011590,CUST0130,2026-05-10,debit,sip_investment,700,Mutual fund SIP
TXN011591,CUST0130,2026-06-03,credit,business_income,2000,Business receipt
TXN011592,CUST0130,2026-06-05,debit,rent,960,House rent
TXN011593,CUST0130,2026-06-09,debit,groceries,680,Groceries
TXN011594,CUST0130,2026-06-12,debit,utilities,170,Electricity and water
TXN011595,CUST0130,2026-06-23,debit,transport,260,Fuel and commute
TXN011596,CUST0130,2026-06-13,debit,dining_entertainment,510,Dining and entertainment
TXN011597,CUST0130,2026-06-10,debit,sip_investment,700,Mutual fund SIP
TXN011598,CUST0130,2026-07-02,credit,business_income,3100,Business receipt
TXN011599,CUST0130,2026-07-05,debit,rent,980,House rent
TXN011600,CUST0130,2026-07-08,debit,groceries,700,Groceries
TXN011601,CUST0130,2026-07-12,debit,utilities,230,Electricity and water
TXN011602,CUST0130,2026-07-19,debit,transport,280,Fuel and commute
TXN011603,CUST0130,2026-07-08,debit,dining_entertainment,490,Dining and entertainment
TXN011604,CUST0130,2026-07-10,debit,sip_investment,700,Mutual fund SIP
TXN011605,CUST0130,2026-08-01,credit,business_income,4300,Business receipt
TXN011606,CUST0130,2026-08-05,debit,rent,1100,House rent
TXN011607,CUST0130,2026-08-14,debit,groceries,540,Groceries
TXN011608,CUST0130,2026-08-12,debit,utilities,210,Electricity and water
TXN011609,CUST0130,2026-08-21,debit,transport,310,Fuel and commute
TXN011610,CUST0130,2026-08-17,debit,dining_entertainment,340,Dining and entertainment
TXN011611,CUST0130,2026-08-10,debit,sip_investment,700,Mutual fund SIP
TXN011612,CUST0131,2025-09-03,credit,salary,5000,Monthly credit
TXN011613,CUST0131,2025-09-05,debit,rent,1160,House rent
TXN011614,CUST0131,2025-09-11,debit,groceries,700,Groceries
TXN011615,CUST0131,2025-09-12,debit,utilities,210,Electricity and water
TXN011616,CUST0131,2025-09-22,debit,transport,290,Fuel and commute
TXN011617,CUST0131,2025-09-19,debit,dining_entertainment,320,Dining and entertainment
TXN011618,CUST0131,2025-09-18,debit,insurance_premium,6100,Insurance premium
TXN011619,CUST0131,2025-09-17,debit,shopping,600,Online shopping
TXN011620,CUST0131,2025-10-01,credit,salary,5100,Monthly credit
TXN011621,CUST0131,2025-10-05,debit,rent,1050,House rent
TXN011622,CUST0131,2025-10-08,debit,groceries,590,Groceries
TXN011623,CUST0131,2025-10-12,debit,utilities,260,Electricity and water
TXN011624,CUST0131,2025-10-21,debit,transport,290,Fuel and commute
TXN011625,CUST0131,2025-10-20,debit,dining_entertainment,250,Dining and entertainment
TXN011626,CUST0131,2025-11-01,credit,salary,5100,Monthly credit
TXN011627,CUST0131,2025-11-05,debit,rent,1010,House rent
TXN011628,CUST0131,2025-11-20,debit,groceries,810,Groceries
TXN011629,CUST0131,2025-11-12,debit,utilities,190,Electricity and water
TXN011630,CUST0131,2025-11-10,debit,transport,410,Fuel and commute
TXN011631,CUST0131,2025-11-20,debit,dining_entertainment,600,Dining and entertainment
TXN011632,CUST0131,2025-12-01,credit,salary,5000,Monthly credit
TXN011633,CUST0131,2025-12-05,debit,rent,1010,House rent
TXN011634,CUST0131,2025-12-14,debit,groceries,730,Groceries
TXN011635,CUST0131,2025-12-12,debit,utilities,220,Electricity and water
TXN011636,CUST0131,2025-12-10,debit,transport,400,Fuel and commute
TXN011637,CUST0131,2025-12-21,debit,dining_entertainment,240,Dining and entertainment
TXN011638,CUST0131,2026-01-01,credit,salary,5100,Monthly credit
TXN011639,CUST0131,2026-01-05,debit,rent,1050,House rent
TXN011640,CUST0131,2026-01-06,debit,groceries,640,Groceries
TXN011641,CUST0131,2026-01-12,debit,utilities,220,Electricity and water
TXN011642,CUST0131,2026-01-13,debit,transport,240,Fuel and commute
TXN011643,CUST0131,2026-01-13,debit,dining_entertainment,280,Dining and entertainment
TXN011644,CUST0131,2026-01-08,debit,shopping,220,Online shopping
TXN011645,CUST0131,2026-02-02,credit,salary,5000,Monthly credit
TXN011646,CUST0131,2026-02-05,debit,rent,950,House rent
TXN011647,CUST0131,2026-02-11,debit,groceries,550,Groceries
TXN011648,CUST0131,2026-02-12,debit,utilities,280,Electricity and water
TXN011649,CUST0131,2026-02-21,debit,transport,330,Fuel and commute
TXN011650,CUST0131,2026-02-26,debit,dining_entertainment,600,Dining and entertainment
TXN011651,CUST0131,2026-02-04,debit,shopping,270,Online shopping
TXN011652,CUST0131,2026-03-03,credit,salary,5100,Monthly credit
TXN011653,CUST0131,2026-03-05,debit,rent,1010,House rent
TXN011654,CUST0131,2026-03-07,debit,groceries,670,Groceries
TXN011655,CUST0131,2026-03-12,debit,utilities,180,Electricity and water
TXN011656,CUST0131,2026-03-13,debit,transport,420,Fuel and commute
TXN011657,CUST0131,2026-03-15,debit,dining_entertainment,500,Dining and entertainment
TXN011658,CUST0131,2026-03-27,debit,shopping,540,Online shopping
TXN011659,CUST0131,2026-04-02,credit,salary,5000,Monthly credit
TXN011660,CUST0131,2026-04-05,debit,rent,1160,House rent
TXN011661,CUST0131,2026-04-20,debit,groceries,790,Groceries
TXN011662,CUST0131,2026-04-12,debit,utilities,170,Electricity and water
TXN011663,CUST0131,2026-04-14,debit,transport,390,Fuel and commute
TXN011664,CUST0131,2026-04-08,debit,dining_entertainment,580,Dining and entertainment
TXN011665,CUST0131,2026-05-03,credit,salary,5000,Monthly credit
TXN011666,CUST0131,2026-05-05,debit,rent,1150,House rent
TXN011667,CUST0131,2026-05-13,debit,groceries,580,Groceries
TXN011668,CUST0131,2026-05-12,debit,utilities,230,Electricity and water
TXN011669,CUST0131,2026-05-24,debit,transport,210,Fuel and commute
TXN011670,CUST0131,2026-05-08,debit,dining_entertainment,430,Dining and entertainment
TXN011671,CUST0131,2026-06-01,credit,salary,5100,Monthly credit
TXN011672,CUST0131,2026-06-05,debit,rent,1140,House rent
TXN011673,CUST0131,2026-06-10,debit,groceries,490,Groceries
TXN011674,CUST0131,2026-06-12,debit,utilities,290,Electricity and water
TXN011675,CUST0131,2026-06-20,debit,transport,380,Fuel and commute
TXN011676,CUST0131,2026-06-10,debit,dining_entertainment,330,Dining and entertainment
TXN011677,CUST0131,2026-07-03,credit,salary,5000,Monthly credit
TXN011678,CUST0131,2026-07-05,debit,rent,1110,House rent
TXN011679,CUST0131,2026-07-16,debit,groceries,490,Groceries
TXN011680,CUST0131,2026-07-12,debit,utilities,190,Electricity and water
TXN011681,CUST0131,2026-07-23,debit,transport,320,Fuel and commute
TXN011682,CUST0131,2026-07-17,debit,dining_entertainment,530,Dining and entertainment
TXN011683,CUST0131,2026-08-01,credit,salary,5000,Monthly credit
TXN011684,CUST0131,2026-08-05,debit,rent,970,House rent
TXN011685,CUST0131,2026-08-14,debit,groceries,630,Groceries
TXN011686,CUST0131,2026-08-12,debit,utilities,290,Electricity and water
TXN011687,CUST0131,2026-08-22,debit,transport,260,Fuel and commute
TXN011688,CUST0131,2026-08-19,debit,dining_entertainment,320,Dining and entertainment
TXN011689,CUST0132,2025-09-03,credit,business_income,4500,Business receipt
TXN011690,CUST0132,2025-09-05,debit,rent,930,House rent
TXN011691,CUST0132,2025-09-07,debit,groceries,640,Groceries
TXN011692,CUST0132,2025-09-12,debit,utilities,170,Electricity and water
TXN011693,CUST0132,2025-09-24,debit,transport,340,Fuel and commute
TXN011694,CUST0132,2025-09-15,debit,dining_entertainment,310,Dining and entertainment
TXN011695,CUST0132,2025-09-07,debit,emi,1320,Loan EMI
TXN011696,CUST0132,2025-10-02,credit,business_income,3700,Business receipt
TXN011697,CUST0132,2025-10-05,debit,rent,890,House rent
TXN011698,CUST0132,2025-10-20,debit,groceries,740,Groceries
TXN011699,CUST0132,2025-10-12,debit,utilities,210,Electricity and water
TXN011700,CUST0132,2025-10-19,debit,transport,270,Fuel and commute
TXN011701,CUST0132,2025-10-08,debit,dining_entertainment,460,Dining and entertainment
TXN011702,CUST0132,2025-10-07,debit,emi,1320,Loan EMI
TXN011703,CUST0132,2025-11-02,credit,business_income,6000,Business receipt
TXN011704,CUST0132,2025-11-05,debit,rent,900,House rent
TXN011705,CUST0132,2025-11-16,debit,groceries,570,Groceries
TXN011706,CUST0132,2025-11-12,debit,utilities,140,Electricity and water
TXN011707,CUST0132,2025-11-14,debit,transport,260,Fuel and commute
TXN011708,CUST0132,2025-11-25,debit,dining_entertainment,400,Dining and entertainment
TXN011709,CUST0132,2025-11-07,debit,emi,1310,Loan EMI
TXN011710,CUST0132,2025-12-02,credit,business_income,4100,Business receipt
TXN011711,CUST0132,2025-12-05,debit,rent,880,House rent
TXN011712,CUST0132,2025-12-18,debit,groceries,500,Groceries
TXN011713,CUST0132,2025-12-12,debit,utilities,180,Electricity and water
TXN011714,CUST0132,2025-12-11,debit,transport,290,Fuel and commute
TXN011715,CUST0132,2025-12-18,debit,dining_entertainment,250,Dining and entertainment
TXN011716,CUST0132,2025-12-07,debit,emi,1310,Loan EMI
TXN011717,CUST0132,2025-12-18,debit,insurance_premium,4140,Insurance premium
TXN011718,CUST0132,2026-01-02,credit,business_income,5000,Business receipt
TXN011719,CUST0132,2026-01-05,debit,rent,900,House rent
TXN011720,CUST0132,2026-01-08,debit,groceries,610,Groceries
TXN011721,CUST0132,2026-01-12,debit,utilities,190,Electricity and water
TXN011722,CUST0132,2026-01-18,debit,transport,340,Fuel and commute
TXN011723,CUST0132,2026-01-20,debit,dining_entertainment,290,Dining and entertainment
TXN011724,CUST0132,2026-01-07,debit,emi,1320,Loan EMI
TXN011725,CUST0132,2026-02-02,credit,business_income,4100,Business receipt
TXN011726,CUST0132,2026-02-05,debit,rent,850,House rent
TXN011727,CUST0132,2026-02-13,debit,groceries,680,Groceries
TXN011728,CUST0132,2026-02-12,debit,utilities,260,Electricity and water
TXN011729,CUST0132,2026-02-10,debit,transport,230,Fuel and commute
TXN011730,CUST0132,2026-02-13,debit,dining_entertainment,400,Dining and entertainment
TXN011731,CUST0132,2026-02-07,debit,emi,1310,Loan EMI
TXN011732,CUST0132,2026-03-03,credit,business_income,3100,Business receipt
TXN011733,CUST0132,2026-03-05,debit,rent,800,House rent
TXN011734,CUST0132,2026-03-07,debit,groceries,430,Groceries
TXN011735,CUST0132,2026-03-12,debit,utilities,200,Electricity and water
TXN011736,CUST0132,2026-03-13,debit,transport,210,Fuel and commute
TXN011737,CUST0132,2026-03-18,debit,dining_entertainment,470,Dining and entertainment
TXN011738,CUST0132,2026-03-07,debit,emi,1310,Loan EMI
TXN011739,CUST0132,2026-04-02,credit,business_income,3700,Business receipt
TXN011740,CUST0132,2026-04-05,debit,rent,850,House rent
TXN011741,CUST0132,2026-04-15,debit,groceries,520,Groceries
TXN011742,CUST0132,2026-04-12,debit,utilities,270,Electricity and water
TXN011743,CUST0132,2026-04-25,debit,transport,280,Fuel and commute
TXN011744,CUST0132,2026-04-20,debit,dining_entertainment,420,Dining and entertainment
TXN011745,CUST0132,2026-04-07,debit,emi,1300,Loan EMI
TXN011746,CUST0132,2026-05-01,credit,business_income,2200,Business receipt
TXN011747,CUST0132,2026-05-05,debit,rent,830,House rent
TXN011748,CUST0132,2026-05-18,debit,groceries,470,Groceries
TXN011749,CUST0132,2026-05-12,debit,utilities,190,Electricity and water
TXN011750,CUST0132,2026-05-21,debit,transport,330,Fuel and commute
TXN011751,CUST0132,2026-05-15,debit,dining_entertainment,280,Dining and entertainment
TXN011752,CUST0132,2026-05-07,debit,emi,1320,Loan EMI
TXN011753,CUST0132,2026-06-03,credit,business_income,6500,Business receipt
TXN011754,CUST0132,2026-06-05,debit,rent,860,House rent
TXN011755,CUST0132,2026-06-06,debit,groceries,440,Groceries
TXN011756,CUST0132,2026-06-12,debit,utilities,270,Electricity and water
TXN011757,CUST0132,2026-06-23,debit,transport,220,Fuel and commute
TXN011758,CUST0132,2026-06-10,debit,dining_entertainment,360,Dining and entertainment
TXN011759,CUST0132,2026-06-07,debit,emi,1310,Loan EMI
TXN011760,CUST0132,2026-07-01,credit,business_income,2700,Business receipt
TXN011761,CUST0132,2026-07-05,debit,rent,940,House rent
TXN011762,CUST0132,2026-07-07,debit,groceries,430,Groceries
TXN011763,CUST0132,2026-07-12,debit,utilities,200,Electricity and water
TXN011764,CUST0132,2026-07-15,debit,transport,310,Fuel and commute
TXN011765,CUST0132,2026-07-19,debit,dining_entertainment,530,Dining and entertainment
TXN011766,CUST0132,2026-07-07,debit,emi,1320,Loan EMI
TXN011767,CUST0132,2026-08-01,credit,business_income,4000,Business receipt
TXN011768,CUST0132,2026-08-05,debit,rent,880,House rent
TXN011769,CUST0132,2026-08-06,debit,groceries,750,Groceries
TXN011770,CUST0132,2026-08-12,debit,utilities,190,Electricity and water
TXN011771,CUST0132,2026-08-21,debit,transport,420,Fuel and commute
TXN011772,CUST0132,2026-08-14,debit,dining_entertainment,480,Dining and entertainment
TXN011773,CUST0132,2026-08-07,debit,emi,1300,Loan EMI
TXN011774,CUST0132,2026-08-20,debit,shopping,160,Online shopping
TXN011775,CUST0133,2025-09-01,credit,salary,6800,Monthly credit
TXN011776,CUST0133,2025-09-05,debit,rent,1990,House rent
TXN011777,CUST0133,2025-09-15,debit,groceries,650,Groceries
TXN011778,CUST0133,2025-09-12,debit,utilities,260,Electricity and water
TXN011779,CUST0133,2025-09-21,debit,transport,360,Fuel and commute
TXN011780,CUST0133,2025-09-23,debit,dining_entertainment,1130,Dining and entertainment
TXN011781,CUST0133,2025-09-07,debit,emi,1060,Loan EMI
TXN011782,CUST0133,2025-09-15,debit,school_fees,6190,School fees
TXN011783,CUST0133,2025-09-25,debit,shopping,220,Online shopping
TXN011784,CUST0133,2025-10-02,credit,salary,7000,Monthly credit
TXN011785,CUST0133,2025-10-05,debit,rent,1890,House rent
TXN011786,CUST0133,2025-10-08,debit,groceries,810,Groceries
TXN011787,CUST0133,2025-10-12,debit,utilities,380,Electricity and water
TXN011788,CUST0133,2025-10-18,debit,transport,410,Fuel and commute
TXN011789,CUST0133,2025-10-10,debit,dining_entertainment,1200,Dining and entertainment
TXN011790,CUST0133,2025-10-07,debit,emi,1060,Loan EMI
TXN011791,CUST0133,2025-11-03,credit,salary,6900,Monthly credit
TXN011792,CUST0133,2025-11-05,debit,rent,1900,House rent
TXN011793,CUST0133,2025-11-18,debit,groceries,1110,Groceries
TXN011794,CUST0133,2025-11-12,debit,utilities,390,Electricity and water
TXN011795,CUST0133,2025-11-19,debit,transport,350,Fuel and commute
TXN011796,CUST0133,2025-11-19,debit,dining_entertainment,1280,Dining and entertainment
TXN011797,CUST0133,2025-11-07,debit,emi,1060,Loan EMI
TXN011798,CUST0133,2025-11-18,debit,insurance_premium,9650,Insurance premium
TXN011799,CUST0133,2025-11-23,debit,shopping,810,Online shopping
TXN011800,CUST0133,2025-12-02,credit,salary,7000,Monthly credit
TXN011801,CUST0133,2025-12-05,debit,rent,2080,House rent
TXN011802,CUST0133,2025-12-07,debit,groceries,890,Groceries
TXN011803,CUST0133,2025-12-12,debit,utilities,260,Electricity and water
TXN011804,CUST0133,2025-12-24,debit,transport,410,Fuel and commute
TXN011805,CUST0133,2025-12-15,debit,dining_entertainment,1230,Dining and entertainment
TXN011806,CUST0133,2025-12-07,debit,emi,1050,Loan EMI
TXN011807,CUST0133,2025-12-15,debit,school_fees,11070,School fees
TXN011808,CUST0133,2026-01-01,credit,salary,7000,Monthly credit
TXN011809,CUST0133,2026-01-05,debit,rent,1990,House rent
TXN011810,CUST0133,2026-01-07,debit,groceries,970,Groceries
TXN011811,CUST0133,2026-01-12,debit,utilities,400,Electricity and water
TXN011812,CUST0133,2026-01-25,debit,transport,510,Fuel and commute
TXN011813,CUST0133,2026-01-21,debit,dining_entertainment,960,Dining and entertainment
TXN011814,CUST0133,2026-01-07,debit,emi,1060,Loan EMI
TXN011815,CUST0133,2026-02-03,credit,salary,7000,Monthly credit
TXN011816,CUST0133,2026-02-05,debit,rent,2070,House rent
TXN011817,CUST0133,2026-02-08,debit,groceries,830,Groceries
TXN011818,CUST0133,2026-02-12,debit,utilities,210,Electricity and water
TXN011819,CUST0133,2026-02-12,debit,transport,480,Fuel and commute
TXN011820,CUST0133,2026-02-18,debit,dining_entertainment,1310,Dining and entertainment
TXN011821,CUST0133,2026-02-07,debit,emi,1050,Loan EMI
TXN011822,CUST0133,2026-02-27,debit,medical,1970,Medical expenses
TXN011823,CUST0133,2026-03-01,credit,salary,6800,Monthly credit
TXN011824,CUST0133,2026-03-05,debit,rent,1820,House rent
TXN011825,CUST0133,2026-03-12,debit,groceries,960,Groceries
TXN011826,CUST0133,2026-03-12,debit,utilities,310,Electricity and water
TXN011827,CUST0133,2026-03-24,debit,transport,470,Fuel and commute
TXN011828,CUST0133,2026-03-23,debit,dining_entertainment,600,Dining and entertainment
TXN011829,CUST0133,2026-03-07,debit,emi,1060,Loan EMI
TXN011830,CUST0133,2026-03-15,debit,school_fees,7030,School fees
TXN011831,CUST0133,2026-03-06,debit,shopping,640,Online shopping
TXN011832,CUST0133,2026-04-03,credit,salary,7000,Monthly credit
TXN011833,CUST0133,2026-04-05,debit,rent,1790,House rent
TXN011834,CUST0133,2026-04-12,debit,groceries,1050,Groceries
TXN011835,CUST0133,2026-04-12,debit,utilities,380,Electricity and water
TXN011836,CUST0133,2026-04-19,debit,transport,460,Fuel and commute
TXN011837,CUST0133,2026-04-19,debit,dining_entertainment,1150,Dining and entertainment
TXN011838,CUST0133,2026-04-07,debit,emi,1050,Loan EMI
TXN011839,CUST0133,2026-04-07,debit,shopping,390,Online shopping
TXN011840,CUST0133,2026-05-01,credit,salary,7000,Monthly credit
TXN011841,CUST0133,2026-05-05,debit,rent,1740,House rent
TXN011842,CUST0133,2026-05-17,debit,groceries,640,Groceries
TXN011843,CUST0133,2026-05-12,debit,utilities,260,Electricity and water
TXN011844,CUST0133,2026-05-17,debit,transport,570,Fuel and commute
TXN011845,CUST0133,2026-05-25,debit,dining_entertainment,1090,Dining and entertainment
TXN011846,CUST0133,2026-05-07,debit,emi,1060,Loan EMI
TXN011847,CUST0133,2026-06-01,credit,salary,7000,Monthly credit
TXN011848,CUST0133,2026-06-05,debit,rent,1810,House rent
TXN011849,CUST0133,2026-06-11,debit,groceries,750,Groceries
TXN011850,CUST0133,2026-06-12,debit,utilities,330,Electricity and water
TXN011851,CUST0133,2026-06-22,debit,transport,490,Fuel and commute
TXN011852,CUST0133,2026-06-14,debit,dining_entertainment,920,Dining and entertainment
TXN011853,CUST0133,2026-06-07,debit,emi,1050,Loan EMI
TXN011854,CUST0133,2026-06-15,debit,school_fees,8950,School fees
TXN011855,CUST0133,2026-07-03,credit,salary,6800,Monthly credit
TXN011856,CUST0133,2026-07-05,debit,rent,1940,House rent
TXN011857,CUST0133,2026-07-13,debit,groceries,1020,Groceries
TXN011858,CUST0133,2026-07-12,debit,utilities,290,Electricity and water
TXN011859,CUST0133,2026-07-20,debit,transport,470,Fuel and commute
TXN011860,CUST0133,2026-07-24,debit,dining_entertainment,1370,Dining and entertainment
TXN011861,CUST0133,2026-07-07,debit,emi,1050,Loan EMI
TXN011862,CUST0133,2026-08-01,credit,salary,7000,Monthly credit
TXN011863,CUST0133,2026-08-05,debit,rent,2040,House rent
TXN011864,CUST0133,2026-08-08,debit,groceries,1020,Groceries
TXN011865,CUST0133,2026-08-12,debit,utilities,350,Electricity and water
TXN011866,CUST0133,2026-08-15,debit,transport,410,Fuel and commute
TXN011867,CUST0133,2026-08-15,debit,dining_entertainment,960,Dining and entertainment
TXN011868,CUST0133,2026-08-07,debit,emi,1060,Loan EMI
TXN011869,CUST0134,2025-09-01,credit,business_income,24300,Business receipt
TXN011870,CUST0134,2025-09-05,debit,maintenance,660,Society maintenance
TXN011871,CUST0134,2025-09-13,debit,groceries,2850,Groceries
TXN011872,CUST0134,2025-09-12,debit,utilities,1080,Electricity and water
TXN011873,CUST0134,2025-09-22,debit,transport,1080,Fuel and commute
TXN011874,CUST0134,2025-09-20,debit,dining_entertainment,1310,Dining and entertainment
TXN011875,CUST0134,2025-10-02,credit,business_income,15400,Business receipt
TXN011876,CUST0134,2025-10-05,debit,maintenance,560,Society maintenance
TXN011877,CUST0134,2025-10-08,debit,groceries,2430,Groceries
TXN011878,CUST0134,2025-10-12,debit,utilities,640,Electricity and water
TXN011879,CUST0134,2025-10-19,debit,transport,1490,Fuel and commute
TXN011880,CUST0134,2025-10-11,debit,dining_entertainment,1830,Dining and entertainment
TXN011881,CUST0134,2025-10-06,debit,medical,3570,Medical expenses
TXN011882,CUST0134,2025-11-03,credit,business_income,24500,Business receipt
TXN011883,CUST0134,2025-11-05,debit,maintenance,470,Society maintenance
TXN011884,CUST0134,2025-11-11,debit,groceries,2410,Groceries
TXN011885,CUST0134,2025-11-12,debit,utilities,770,Electricity and water
TXN011886,CUST0134,2025-11-13,debit,transport,1600,Fuel and commute
TXN011887,CUST0134,2025-11-09,debit,dining_entertainment,1080,Dining and entertainment
TXN011888,CUST0134,2025-12-02,credit,business_income,21800,Business receipt
TXN011889,CUST0134,2025-12-05,debit,maintenance,600,Society maintenance
TXN011890,CUST0134,2025-12-09,debit,groceries,1900,Groceries
TXN011891,CUST0134,2025-12-12,debit,utilities,960,Electricity and water
TXN011892,CUST0134,2025-12-24,debit,transport,1390,Fuel and commute
TXN011893,CUST0134,2025-12-14,debit,dining_entertainment,1670,Dining and entertainment
TXN011894,CUST0134,2026-01-01,credit,business_income,23300,Business receipt
TXN011895,CUST0134,2026-01-05,debit,maintenance,470,Society maintenance
TXN011896,CUST0134,2026-01-12,debit,groceries,1810,Groceries
TXN011897,CUST0134,2026-01-12,debit,utilities,1040,Electricity and water
TXN011898,CUST0134,2026-01-10,debit,transport,1350,Fuel and commute
TXN011899,CUST0134,2026-01-14,debit,dining_entertainment,1140,Dining and entertainment
TXN011900,CUST0134,2026-02-03,credit,business_income,19200,Business receipt
TXN011901,CUST0134,2026-02-05,debit,maintenance,650,Society maintenance
TXN011902,CUST0134,2026-02-17,debit,groceries,2580,Groceries
TXN011903,CUST0134,2026-02-12,debit,utilities,940,Electricity and water
TXN011904,CUST0134,2026-02-21,debit,transport,1000,Fuel and commute
TXN011905,CUST0134,2026-02-26,debit,dining_entertainment,2190,Dining and entertainment
TXN011906,CUST0134,2026-02-18,debit,insurance_premium,17040,Insurance premium
TXN011907,CUST0134,2026-03-02,credit,business_income,23300,Business receipt
TXN011908,CUST0134,2026-03-05,debit,maintenance,600,Society maintenance
TXN011909,CUST0134,2026-03-06,debit,groceries,1740,Groceries
TXN011910,CUST0134,2026-03-12,debit,utilities,670,Electricity and water
TXN011911,CUST0134,2026-03-14,debit,transport,1340,Fuel and commute
TXN011912,CUST0134,2026-03-22,debit,dining_entertainment,1010,Dining and entertainment
TXN011913,CUST0134,2026-04-01,credit,business_income,24300,Business receipt
TXN011914,CUST0134,2026-04-05,debit,maintenance,610,Society maintenance
TXN011915,CUST0134,2026-04-16,debit,groceries,1920,Groceries
TXN011916,CUST0134,2026-04-12,debit,utilities,960,Electricity and water
TXN011917,CUST0134,2026-04-11,debit,transport,880,Fuel and commute
TXN011918,CUST0134,2026-04-16,debit,dining_entertainment,2130,Dining and entertainment
TXN011919,CUST0134,2026-05-02,credit,business_income,17200,Business receipt
TXN011920,CUST0134,2026-05-05,debit,maintenance,610,Society maintenance
TXN011921,CUST0134,2026-05-12,debit,groceries,2250,Groceries
TXN011922,CUST0134,2026-05-12,debit,utilities,660,Electricity and water
TXN011923,CUST0134,2026-05-14,debit,transport,1320,Fuel and commute
TXN011924,CUST0134,2026-05-24,debit,dining_entertainment,2020,Dining and entertainment
TXN011925,CUST0134,2026-05-07,debit,shopping,670,Online shopping
TXN011926,CUST0134,2026-06-01,credit,business_income,23500,Business receipt
TXN011927,CUST0134,2026-06-05,debit,maintenance,450,Society maintenance
TXN011928,CUST0134,2026-06-06,debit,groceries,2900,Groceries
TXN011929,CUST0134,2026-06-12,debit,utilities,1050,Electricity and water
TXN011930,CUST0134,2026-06-19,debit,transport,1410,Fuel and commute
TXN011931,CUST0134,2026-06-16,debit,dining_entertainment,1560,Dining and entertainment
TXN011932,CUST0134,2026-07-03,credit,business_income,22100,Business receipt
TXN011933,CUST0134,2026-07-05,debit,maintenance,490,Society maintenance
TXN011934,CUST0134,2026-07-09,debit,groceries,2960,Groceries
TXN011935,CUST0134,2026-07-12,debit,utilities,790,Electricity and water
TXN011936,CUST0134,2026-07-22,debit,transport,1160,Fuel and commute
TXN011937,CUST0134,2026-07-24,debit,dining_entertainment,920,Dining and entertainment
TXN011938,CUST0134,2026-08-02,credit,business_income,19100,Business receipt
TXN011939,CUST0134,2026-08-05,debit,maintenance,550,Society maintenance
TXN011940,CUST0134,2026-08-07,debit,groceries,2630,Groceries
TXN011941,CUST0134,2026-08-12,debit,utilities,940,Electricity and water
TXN011942,CUST0134,2026-08-20,debit,transport,1090,Fuel and commute
TXN011943,CUST0134,2026-08-16,debit,dining_entertainment,1740,Dining and entertainment
TXN011944,CUST0135,2025-09-02,credit,salary,5300,Monthly credit
TXN011945,CUST0135,2025-09-05,debit,maintenance,190,Society maintenance
TXN011946,CUST0135,2025-09-17,debit,groceries,600,Groceries
TXN011947,CUST0135,2025-09-12,debit,utilities,300,Electricity and water
TXN011948,CUST0135,2025-09-16,debit,transport,250,Fuel and commute
TXN011949,CUST0135,2025-09-19,debit,dining_entertainment,320,Dining and entertainment
TXN011950,CUST0135,2025-09-15,debit,school_fees,4290,School fees
TXN011951,CUST0135,2025-09-28,credit,interest_payout,200,Deposit interest payout
TXN011952,CUST0135,2025-10-01,credit,salary,5500,Monthly credit
TXN011953,CUST0135,2025-10-05,debit,maintenance,130,Society maintenance
TXN011954,CUST0135,2025-10-10,debit,groceries,840,Groceries
TXN011955,CUST0135,2025-10-12,debit,utilities,220,Electricity and water
TXN011956,CUST0135,2025-10-11,debit,transport,350,Fuel and commute
TXN011957,CUST0135,2025-10-09,debit,dining_entertainment,470,Dining and entertainment
TXN011958,CUST0135,2025-10-28,credit,interest_payout,250,Deposit interest payout
TXN011959,CUST0135,2025-11-01,credit,salary,5500,Monthly credit
TXN011960,CUST0135,2025-11-05,debit,maintenance,150,Society maintenance
TXN011961,CUST0135,2025-11-06,debit,groceries,740,Groceries
TXN011962,CUST0135,2025-11-12,debit,utilities,210,Electricity and water
TXN011963,CUST0135,2025-11-12,debit,transport,290,Fuel and commute
TXN011964,CUST0135,2025-11-20,debit,dining_entertainment,400,Dining and entertainment
TXN011965,CUST0135,2025-11-18,debit,insurance_premium,7170,Insurance premium
TXN011966,CUST0135,2025-11-28,credit,interest_payout,200,Deposit interest payout
TXN011967,CUST0135,2025-12-01,credit,salary,5500,Monthly credit
TXN011968,CUST0135,2025-12-05,debit,maintenance,150,Society maintenance
TXN011969,CUST0135,2025-12-13,debit,groceries,740,Groceries
TXN011970,CUST0135,2025-12-12,debit,utilities,210,Electricity and water
TXN011971,CUST0135,2025-12-11,debit,transport,300,Fuel and commute
TXN011972,CUST0135,2025-12-08,debit,dining_entertainment,340,Dining and entertainment
TXN011973,CUST0135,2025-12-15,debit,school_fees,2480,School fees
TXN011974,CUST0135,2025-12-28,credit,interest_payout,200,Deposit interest payout
TXN011975,CUST0135,2026-01-02,credit,salary,5400,Monthly credit
TXN011976,CUST0135,2026-01-05,debit,maintenance,160,Society maintenance
TXN011977,CUST0135,2026-01-20,debit,groceries,500,Groceries
TXN011978,CUST0135,2026-01-12,debit,utilities,260,Electricity and water
TXN011979,CUST0135,2026-01-24,debit,transport,260,Fuel and commute
TXN011980,CUST0135,2026-01-11,debit,dining_entertainment,570,Dining and entertainment
TXN011981,CUST0135,2026-01-28,credit,interest_payout,250,Deposit interest payout
TXN011982,CUST0135,2026-02-03,credit,salary,5400,Monthly credit
TXN011983,CUST0135,2026-02-05,debit,maintenance,130,Society maintenance
TXN011984,CUST0135,2026-02-11,debit,groceries,530,Groceries
TXN011985,CUST0135,2026-02-12,debit,utilities,250,Electricity and water
TXN011986,CUST0135,2026-02-23,debit,transport,320,Fuel and commute
TXN011987,CUST0135,2026-02-26,debit,dining_entertainment,300,Dining and entertainment
TXN011988,CUST0135,2026-02-28,credit,interest_payout,200,Deposit interest payout
TXN011989,CUST0135,2026-03-03,credit,salary,5500,Monthly credit
TXN011990,CUST0135,2026-03-05,debit,maintenance,140,Society maintenance
TXN011991,CUST0135,2026-03-12,debit,groceries,570,Groceries
TXN011992,CUST0135,2026-03-12,debit,utilities,170,Electricity and water
TXN011993,CUST0135,2026-03-20,debit,transport,450,Fuel and commute
TXN011994,CUST0135,2026-03-18,debit,dining_entertainment,600,Dining and entertainment
TXN011995,CUST0135,2026-03-15,debit,school_fees,4860,School fees
TXN011996,CUST0135,2026-03-28,credit,interest_payout,250,Deposit interest payout
TXN011997,CUST0135,2026-04-02,credit,salary,5400,Monthly credit
TXN011998,CUST0135,2026-04-05,debit,maintenance,150,Society maintenance
TXN011999,CUST0135,2026-04-08,debit,groceries,660,Groceries
TXN012000,CUST0135,2026-04-12,debit,utilities,250,Electricity and water
TXN012001,CUST0135,2026-04-17,debit,transport,280,Fuel and commute
TXN012002,CUST0135,2026-04-26,debit,dining_entertainment,650,Dining and entertainment
TXN012003,CUST0135,2026-04-28,credit,interest_payout,200,Deposit interest payout
TXN012004,CUST0135,2026-05-03,credit,salary,5400,Monthly credit
TXN012005,CUST0135,2026-05-05,debit,maintenance,140,Society maintenance
TXN012006,CUST0135,2026-05-18,debit,groceries,670,Groceries
TXN012007,CUST0135,2026-05-12,debit,utilities,280,Electricity and water
TXN012008,CUST0135,2026-05-11,debit,transport,310,Fuel and commute
TXN012009,CUST0135,2026-05-18,debit,dining_entertainment,290,Dining and entertainment
TXN012010,CUST0135,2026-05-28,credit,interest_payout,230,Deposit interest payout
TXN012011,CUST0135,2026-06-01,credit,salary,5500,Monthly credit
TXN012012,CUST0135,2026-06-05,debit,maintenance,130,Society maintenance
TXN012013,CUST0135,2026-06-09,debit,groceries,830,Groceries
TXN012014,CUST0135,2026-06-12,debit,utilities,160,Electricity and water
TXN012015,CUST0135,2026-06-20,debit,transport,430,Fuel and commute
TXN012016,CUST0135,2026-06-22,debit,dining_entertainment,340,Dining and entertainment
TXN012017,CUST0135,2026-06-15,debit,school_fees,2690,School fees
TXN012018,CUST0135,2026-06-28,credit,interest_payout,250,Deposit interest payout
TXN012019,CUST0135,2026-07-01,credit,salary,5400,Monthly credit
TXN012020,CUST0135,2026-07-05,debit,maintenance,170,Society maintenance
TXN012021,CUST0135,2026-07-17,debit,groceries,800,Groceries
TXN012022,CUST0135,2026-07-12,debit,utilities,170,Electricity and water
TXN012023,CUST0135,2026-07-21,debit,transport,300,Fuel and commute
TXN012024,CUST0135,2026-07-21,debit,dining_entertainment,630,Dining and entertainment
TXN012025,CUST0135,2026-07-17,debit,shopping,560,Online shopping
TXN012026,CUST0135,2026-07-28,credit,interest_payout,310,Deposit interest payout
TXN012027,CUST0135,2026-08-03,credit,salary,5300,Monthly credit
TXN012028,CUST0135,2026-08-05,debit,maintenance,190,Society maintenance
TXN012029,CUST0135,2026-08-17,debit,groceries,540,Groceries
TXN012030,CUST0135,2026-08-12,debit,utilities,300,Electricity and water
TXN012031,CUST0135,2026-08-17,debit,transport,390,Fuel and commute
TXN012032,CUST0135,2026-08-13,debit,dining_entertainment,480,Dining and entertainment
TXN012033,CUST0135,2026-08-28,credit,interest_payout,310,Deposit interest payout
TXN012034,CUST0136,2025-09-02,credit,salary,11600,Monthly credit
TXN012035,CUST0136,2025-09-05,debit,rent,2510,House rent
TXN012036,CUST0136,2025-09-16,debit,groceries,1650,Groceries
TXN012037,CUST0136,2025-09-12,debit,utilities,530,Electricity and water
TXN012038,CUST0136,2025-09-10,debit,transport,690,Fuel and commute
TXN012039,CUST0136,2025-09-09,debit,dining_entertainment,1220,Dining and entertainment
TXN012040,CUST0136,2025-09-06,debit,medical,4310,Medical expenses
TXN012041,CUST0136,2025-09-25,debit,shopping,1220,Online shopping
TXN012042,CUST0136,2025-10-01,credit,salary,11900,Monthly credit
TXN012043,CUST0136,2025-10-05,debit,rent,2540,House rent
TXN012044,CUST0136,2025-10-13,debit,groceries,1610,Groceries
TXN012045,CUST0136,2025-10-12,debit,utilities,420,Electricity and water
TXN012046,CUST0136,2025-10-11,debit,transport,860,Fuel and commute
TXN012047,CUST0136,2025-10-23,debit,dining_entertainment,850,Dining and entertainment
TXN012048,CUST0136,2025-11-02,credit,salary,11700,Monthly credit
TXN012049,CUST0136,2025-11-05,debit,rent,2490,House rent
TXN012050,CUST0136,2025-11-20,debit,groceries,1560,Groceries
TXN012051,CUST0136,2025-11-12,debit,utilities,620,Electricity and water
TXN012052,CUST0136,2025-11-13,debit,transport,1000,Fuel and commute
TXN012053,CUST0136,2025-11-26,debit,dining_entertainment,1130,Dining and entertainment
TXN012054,CUST0136,2025-11-22,debit,shopping,730,Online shopping
TXN012055,CUST0136,2025-12-02,credit,salary,11700,Monthly credit
TXN012056,CUST0136,2025-12-05,debit,rent,2660,House rent
TXN012057,CUST0136,2025-12-10,debit,groceries,1430,Groceries
TXN012058,CUST0136,2025-12-12,debit,utilities,360,Electricity and water
TXN012059,CUST0136,2025-12-22,debit,transport,820,Fuel and commute
TXN012060,CUST0136,2025-12-15,debit,dining_entertainment,1000,Dining and entertainment
TXN012061,CUST0136,2026-01-03,credit,salary,11500,Monthly credit
TXN012062,CUST0136,2026-01-05,debit,rent,2830,House rent
TXN012063,CUST0136,2026-01-20,debit,groceries,1180,Groceries
TXN012064,CUST0136,2026-01-12,debit,utilities,640,Electricity and water
TXN012065,CUST0136,2026-01-14,debit,transport,630,Fuel and commute
TXN012066,CUST0136,2026-01-20,debit,dining_entertainment,1390,Dining and entertainment
TXN012067,CUST0136,2026-02-03,credit,salary,11800,Monthly credit
TXN012068,CUST0136,2026-02-05,debit,rent,2550,House rent
TXN012069,CUST0136,2026-02-08,debit,groceries,1620,Groceries
TXN012070,CUST0136,2026-02-12,debit,utilities,640,Electricity and water
TXN012071,CUST0136,2026-02-18,debit,transport,810,Fuel and commute
TXN012072,CUST0136,2026-02-08,debit,dining_entertainment,770,Dining and entertainment
TXN012073,CUST0136,2026-03-03,credit,salary,11600,Monthly credit
TXN012074,CUST0136,2026-03-05,debit,rent,2570,House rent
TXN012075,CUST0136,2026-03-07,debit,groceries,1090,Groceries
TXN012076,CUST0136,2026-03-12,debit,utilities,470,Electricity and water
TXN012077,CUST0136,2026-03-13,debit,transport,930,Fuel and commute
TXN012078,CUST0136,2026-03-18,debit,dining_entertainment,630,Dining and entertainment
TXN012079,CUST0136,2026-03-03,debit,medical,3470,Medical expenses
TXN012080,CUST0136,2026-03-07,debit,shopping,1100,Online shopping
TXN012081,CUST0136,2026-04-01,credit,salary,11700,Monthly credit
TXN012082,CUST0136,2026-04-05,debit,rent,2710,House rent
TXN012083,CUST0136,2026-04-11,debit,groceries,1160,Groceries
TXN012084,CUST0136,2026-04-12,debit,utilities,550,Electricity and water
TXN012085,CUST0136,2026-04-18,debit,transport,890,Fuel and commute
TXN012086,CUST0136,2026-04-18,debit,dining_entertainment,1270,Dining and entertainment
TXN012087,CUST0136,2026-05-01,credit,salary,11900,Monthly credit
TXN012088,CUST0136,2026-05-05,debit,rent,2560,House rent
TXN012089,CUST0136,2026-05-14,debit,groceries,1290,Groceries
TXN012090,CUST0136,2026-05-12,debit,utilities,600,Electricity and water
TXN012091,CUST0136,2026-05-12,debit,transport,680,Fuel and commute
TXN012092,CUST0136,2026-05-11,debit,dining_entertainment,1070,Dining and entertainment
TXN012093,CUST0136,2026-05-18,debit,insurance_premium,8870,Insurance premium
TXN012094,CUST0136,2026-06-02,credit,salary,11800,Monthly credit
TXN012095,CUST0136,2026-06-05,debit,rent,2570,House rent
TXN012096,CUST0136,2026-06-14,debit,groceries,1790,Groceries
TXN012097,CUST0136,2026-06-12,debit,utilities,670,Electricity and water
TXN012098,CUST0136,2026-06-22,debit,transport,1040,Fuel and commute
TXN012099,CUST0136,2026-06-15,debit,dining_entertainment,1280,Dining and entertainment
TXN012100,CUST0136,2026-06-18,debit,shopping,570,Online shopping
TXN012101,CUST0136,2026-07-03,credit,salary,11800,Monthly credit
TXN012102,CUST0136,2026-07-05,debit,rent,2660,House rent
TXN012103,CUST0136,2026-07-18,debit,groceries,1350,Groceries
TXN012104,CUST0136,2026-07-12,debit,utilities,530,Electricity and water
TXN012105,CUST0136,2026-07-20,debit,transport,650,Fuel and commute
TXN012106,CUST0136,2026-07-26,debit,dining_entertainment,780,Dining and entertainment
TXN012107,CUST0136,2026-08-01,credit,salary,11700,Monthly credit
TXN012108,CUST0136,2026-08-05,debit,rent,2600,House rent
TXN012109,CUST0136,2026-08-06,debit,groceries,1080,Groceries
TXN012110,CUST0136,2026-08-12,debit,utilities,590,Electricity and water
TXN012111,CUST0136,2026-08-14,debit,transport,900,Fuel and commute
TXN012112,CUST0136,2026-08-20,debit,dining_entertainment,580,Dining and entertainment
TXN012113,CUST0136,2026-08-15,debit,shopping,1050,Online shopping
TXN012114,CUST0137,2025-09-02,credit,salary,7000,Monthly credit
TXN012115,CUST0137,2025-09-05,debit,rent,1880,House rent
TXN012116,CUST0137,2025-09-13,debit,groceries,1050,Groceries
TXN012117,CUST0137,2025-09-12,debit,utilities,400,Electricity and water
TXN012118,CUST0137,2025-09-16,debit,transport,430,Fuel and commute
TXN012119,CUST0137,2025-09-14,debit,dining_entertainment,720,Dining and entertainment
TXN012120,CUST0137,2025-10-03,credit,salary,7100,Monthly credit
TXN012121,CUST0137,2025-10-05,debit,rent,2130,House rent
TXN012122,CUST0137,2025-10-17,debit,groceries,830,Groceries
TXN012123,CUST0137,2025-10-12,debit,utilities,370,Electricity and water
TXN012124,CUST0137,2025-10-10,debit,transport,600,Fuel and commute
TXN012125,CUST0137,2025-10-09,debit,dining_entertainment,390,Dining and entertainment
TXN012126,CUST0137,2025-10-03,debit,medical,450,Medical expenses
TXN012127,CUST0137,2025-11-01,credit,salary,7100,Monthly credit
TXN012128,CUST0137,2025-11-05,debit,rent,1790,House rent
TXN012129,CUST0137,2025-11-07,debit,groceries,860,Groceries
TXN012130,CUST0137,2025-11-12,debit,utilities,370,Electricity and water
TXN012131,CUST0137,2025-11-19,debit,transport,570,Fuel and commute
TXN012132,CUST0137,2025-11-25,debit,dining_entertainment,780,Dining and entertainment
TXN012133,CUST0137,2025-11-10,debit,shopping,630,Online shopping
TXN012134,CUST0137,2025-12-02,credit,salary,7100,Monthly credit
TXN012135,CUST0137,2025-12-05,debit,rent,1790,House rent
TXN012136,CUST0137,2025-12-15,debit,groceries,910,Groceries
TXN012137,CUST0137,2025-12-12,debit,utilities,370,Electricity and water
TXN012138,CUST0137,2025-12-11,debit,transport,510,Fuel and commute
TXN012139,CUST0137,2025-12-15,debit,dining_entertainment,660,Dining and entertainment
TXN012140,CUST0137,2025-12-09,debit,medical,1010,Medical expenses
TXN012141,CUST0137,2026-01-01,credit,salary,7100,Monthly credit
TXN012142,CUST0137,2026-01-05,debit,rent,1860,House rent
TXN012143,CUST0137,2026-01-08,debit,groceries,850,Groceries
TXN012144,CUST0137,2026-01-12,debit,utilities,320,Electricity and water
TXN012145,CUST0137,2026-01-12,debit,transport,510,Fuel and commute
TXN012146,CUST0137,2026-01-12,debit,dining_entertainment,410,Dining and entertainment
TXN012147,CUST0137,2026-02-03,credit,salary,7000,Monthly credit
TXN012148,CUST0137,2026-02-05,debit,rent,1890,House rent
TXN012149,CUST0137,2026-02-17,debit,groceries,870,Groceries
TXN012150,CUST0137,2026-02-12,debit,utilities,420,Electricity and water
TXN012151,CUST0137,2026-02-10,debit,transport,560,Fuel and commute
TXN012152,CUST0137,2026-02-15,debit,dining_entertainment,790,Dining and entertainment
TXN012153,CUST0137,2026-03-01,credit,salary,7300,Monthly credit
TXN012154,CUST0137,2026-03-05,debit,rent,2150,House rent
TXN012155,CUST0137,2026-03-09,debit,groceries,980,Groceries
TXN012156,CUST0137,2026-03-12,debit,utilities,350,Electricity and water
TXN012157,CUST0137,2026-03-10,debit,transport,550,Fuel and commute
TXN012158,CUST0137,2026-03-21,debit,dining_entertainment,780,Dining and entertainment
TXN012159,CUST0137,2026-03-19,debit,shopping,500,Online shopping
TXN012160,CUST0137,2026-04-01,credit,salary,7100,Monthly credit
TXN012161,CUST0137,2026-04-05,debit,rent,1810,House rent
TXN012162,CUST0137,2026-04-07,debit,groceries,930,Groceries
TXN012163,CUST0137,2026-04-12,debit,utilities,370,Electricity and water
TXN012164,CUST0137,2026-04-23,debit,transport,330,Fuel and commute
TXN012165,CUST0137,2026-04-23,debit,dining_entertainment,650,Dining and entertainment
TXN012166,CUST0137,2026-05-01,credit,salary,7100,Monthly credit
TXN012167,CUST0137,2026-05-05,debit,rent,2070,House rent
TXN012168,CUST0137,2026-05-18,debit,groceries,690,Groceries
TXN012169,CUST0137,2026-05-12,debit,utilities,310,Electricity and water
TXN012170,CUST0137,2026-05-13,debit,transport,450,Fuel and commute
TXN012171,CUST0137,2026-05-23,debit,dining_entertainment,600,Dining and entertainment
TXN012172,CUST0137,2026-06-03,credit,salary,7200,Monthly credit
TXN012173,CUST0137,2026-06-05,debit,rent,2090,House rent
TXN012174,CUST0137,2026-06-20,debit,groceries,750,Groceries
TXN012175,CUST0137,2026-06-12,debit,utilities,260,Electricity and water
TXN012176,CUST0137,2026-06-21,debit,transport,480,Fuel and commute
TXN012177,CUST0137,2026-06-20,debit,dining_entertainment,350,Dining and entertainment
TXN012178,CUST0137,2026-06-18,debit,insurance_premium,9250,Insurance premium
TXN012179,CUST0137,2026-06-08,debit,shopping,810,Online shopping
TXN012180,CUST0137,2026-07-01,credit,salary,7100,Monthly credit
TXN012181,CUST0137,2026-07-05,debit,rent,1940,House rent
TXN012182,CUST0137,2026-07-14,debit,groceries,860,Groceries
TXN012183,CUST0137,2026-07-12,debit,utilities,390,Electricity and water
TXN012184,CUST0137,2026-07-16,debit,transport,470,Fuel and commute
TXN012185,CUST0137,2026-07-20,debit,dining_entertainment,570,Dining and entertainment
TXN012186,CUST0137,2026-08-01,credit,salary,7200,Monthly credit
TXN012187,CUST0137,2026-08-05,debit,rent,1840,House rent
TXN012188,CUST0137,2026-08-15,debit,groceries,1100,Groceries
TXN012189,CUST0137,2026-08-12,debit,utilities,360,Electricity and water
TXN012190,CUST0137,2026-08-10,debit,transport,540,Fuel and commute
TXN012191,CUST0137,2026-08-26,debit,dining_entertainment,580,Dining and entertainment
TXN012192,CUST0138,2025-09-02,credit,business_income,15800,Business receipt
TXN012193,CUST0138,2025-09-05,debit,rent,3560,House rent
TXN012194,CUST0138,2025-09-15,debit,groceries,1780,Groceries
TXN012195,CUST0138,2025-09-12,debit,utilities,870,Electricity and water
TXN012196,CUST0138,2025-09-10,debit,transport,930,Fuel and commute
TXN012197,CUST0138,2025-09-14,debit,dining_entertainment,1380,Dining and entertainment
TXN012198,CUST0138,2025-09-07,debit,emi,3370,Loan EMI
TXN012199,CUST0138,2025-09-28,credit,interest_payout,330,Deposit interest payout
TXN012200,CUST0138,2025-10-03,credit,business_income,15500,Business receipt
TXN012201,CUST0138,2025-10-05,debit,rent,4160,House rent
TXN012202,CUST0138,2025-10-18,debit,groceries,1740,Groceries
TXN012203,CUST0138,2025-10-12,debit,utilities,680,Electricity and water
TXN012204,CUST0138,2025-10-22,debit,transport,1330,Fuel and commute
TXN012205,CUST0138,2025-10-25,debit,dining_entertainment,1130,Dining and entertainment
TXN012206,CUST0138,2025-10-07,debit,emi,3350,Loan EMI
TXN012207,CUST0138,2025-10-28,credit,interest_payout,920,Deposit interest payout
TXN012208,CUST0138,2025-11-02,credit,business_income,16000,Business receipt
TXN012209,CUST0138,2025-11-05,debit,rent,3710,House rent
TXN012210,CUST0138,2025-11-14,debit,groceries,1520,Groceries
TXN012211,CUST0138,2025-11-12,debit,utilities,680,Electricity and water
TXN012212,CUST0138,2025-11-19,debit,transport,1140,Fuel and commute
TXN012213,CUST0138,2025-11-09,debit,dining_entertainment,1350,Dining and entertainment
TXN012214,CUST0138,2025-11-07,debit,emi,3310,Loan EMI
TXN012215,CUST0138,2025-11-28,credit,interest_payout,690,Deposit interest payout
TXN012216,CUST0138,2025-12-03,credit,business_income,15600,Business receipt
TXN012217,CUST0138,2025-12-05,debit,rent,3980,House rent
TXN012218,CUST0138,2025-12-13,debit,groceries,1620,Groceries
TXN012219,CUST0138,2025-12-12,debit,utilities,740,Electricity and water
TXN012220,CUST0138,2025-12-21,debit,transport,1330,Fuel and commute
TXN012221,CUST0138,2025-12-09,debit,dining_entertainment,1480,Dining and entertainment
TXN012222,CUST0138,2025-12-07,debit,emi,3350,Loan EMI
TXN012223,CUST0138,2025-12-28,credit,interest_payout,320,Deposit interest payout
TXN012224,CUST0138,2026-01-01,credit,business_income,15500,Business receipt
TXN012225,CUST0138,2026-01-05,debit,rent,3700,House rent
TXN012226,CUST0138,2026-01-16,debit,groceries,1430,Groceries
TXN012227,CUST0138,2026-01-12,debit,utilities,710,Electricity and water
TXN012228,CUST0138,2026-01-11,debit,transport,1290,Fuel and commute
TXN012229,CUST0138,2026-01-13,debit,dining_entertainment,1320,Dining and entertainment
TXN012230,CUST0138,2026-01-07,debit,emi,3350,Loan EMI
TXN012231,CUST0138,2026-01-28,credit,interest_payout,530,Deposit interest payout
TXN012232,CUST0138,2026-02-01,credit,business_income,16100,Business receipt
TXN012233,CUST0138,2026-02-05,debit,rent,3620,House rent
TXN012234,CUST0138,2026-02-15,debit,groceries,1630,Groceries
TXN012235,CUST0138,2026-02-12,debit,utilities,570,Electricity and water
TXN012236,CUST0138,2026-02-10,debit,transport,720,Fuel and commute
TXN012237,CUST0138,2026-02-09,debit,dining_entertainment,1190,Dining and entertainment
TXN012238,CUST0138,2026-02-07,debit,emi,3310,Loan EMI
TXN012239,CUST0138,2026-02-28,credit,interest_payout,400,Deposit interest payout
TXN012240,CUST0138,2026-03-01,credit,business_income,15600,Business receipt
TXN012241,CUST0138,2026-03-05,debit,rent,4140,House rent
TXN012242,CUST0138,2026-03-12,debit,groceries,2140,Groceries
TXN012243,CUST0138,2026-03-12,debit,utilities,540,Electricity and water
TXN012244,CUST0138,2026-03-24,debit,transport,1180,Fuel and commute
TXN012245,CUST0138,2026-03-23,debit,dining_entertainment,1170,Dining and entertainment
TXN012246,CUST0138,2026-03-07,debit,emi,3370,Loan EMI
TXN012247,CUST0138,2026-03-28,credit,interest_payout,820,Deposit interest payout
TXN012248,CUST0138,2026-04-03,credit,business_income,15800,Business receipt
TXN012249,CUST0138,2026-04-05,debit,rent,3510,House rent
TXN012250,CUST0138,2026-04-10,debit,groceries,2130,Groceries
TXN012251,CUST0138,2026-04-12,debit,utilities,610,Electricity and water
TXN012252,CUST0138,2026-04-21,debit,transport,1380,Fuel and commute
TXN012253,CUST0138,2026-04-23,debit,dining_entertainment,1780,Dining and entertainment
TXN012254,CUST0138,2026-04-07,debit,emi,3330,Loan EMI
TXN012255,CUST0138,2026-04-28,credit,interest_payout,440,Deposit interest payout
TXN012256,CUST0138,2026-05-02,credit,business_income,15900,Business receipt
TXN012257,CUST0138,2026-05-05,debit,rent,4160,House rent
TXN012258,CUST0138,2026-05-11,debit,groceries,1660,Groceries
TXN012259,CUST0138,2026-05-12,debit,utilities,810,Electricity and water
TXN012260,CUST0138,2026-05-23,debit,transport,850,Fuel and commute
TXN012261,CUST0138,2026-05-25,debit,dining_entertainment,1780,Dining and entertainment
TXN012262,CUST0138,2026-05-07,debit,emi,3350,Loan EMI
TXN012263,CUST0138,2026-05-28,credit,interest_payout,730,Deposit interest payout
TXN012264,CUST0138,2026-06-03,credit,business_income,16000,Business receipt
TXN012265,CUST0138,2026-06-05,debit,rent,3600,House rent
TXN012266,CUST0138,2026-06-17,debit,groceries,1750,Groceries
TXN012267,CUST0138,2026-06-12,debit,utilities,880,Electricity and water
TXN012268,CUST0138,2026-06-21,debit,transport,1150,Fuel and commute
TXN012269,CUST0138,2026-06-21,debit,dining_entertainment,1500,Dining and entertainment
TXN012270,CUST0138,2026-06-07,debit,emi,3350,Loan EMI
TXN012271,CUST0138,2026-06-18,debit,insurance_premium,20090,Insurance premium
TXN012272,CUST0138,2026-06-12,debit,shopping,1860,Online shopping
TXN012273,CUST0138,2026-06-28,credit,interest_payout,460,Deposit interest payout
TXN012274,CUST0138,2026-07-03,credit,business_income,15500,Business receipt
TXN012275,CUST0138,2026-07-05,debit,rent,4070,House rent
TXN012276,CUST0138,2026-07-14,debit,groceries,1940,Groceries
TXN012277,CUST0138,2026-07-12,debit,utilities,690,Electricity and water
TXN012278,CUST0138,2026-07-19,debit,transport,1360,Fuel and commute
TXN012279,CUST0138,2026-07-21,debit,dining_entertainment,1030,Dining and entertainment
TXN012280,CUST0138,2026-07-07,debit,emi,3360,Loan EMI
TXN012281,CUST0138,2026-07-11,debit,shopping,1650,Online shopping
TXN012282,CUST0138,2026-07-28,credit,interest_payout,860,Deposit interest payout
TXN012283,CUST0138,2026-08-03,credit,business_income,15900,Business receipt
TXN012284,CUST0138,2026-08-05,debit,rent,3970,House rent
TXN012285,CUST0138,2026-08-06,debit,groceries,2380,Groceries
TXN012286,CUST0138,2026-08-12,debit,utilities,640,Electricity and water
TXN012287,CUST0138,2026-08-19,debit,transport,1230,Fuel and commute
TXN012288,CUST0138,2026-08-09,debit,dining_entertainment,1120,Dining and entertainment
TXN012289,CUST0138,2026-08-07,debit,emi,3330,Loan EMI
TXN012290,CUST0138,2026-08-28,credit,interest_payout,570,Deposit interest payout
TXN012291,CUST0139,2025-09-03,credit,salary,6400,Monthly credit
TXN012292,CUST0139,2025-09-05,debit,rent,1570,House rent
TXN012293,CUST0139,2025-09-17,debit,groceries,840,Groceries
TXN012294,CUST0139,2025-09-12,debit,utilities,280,Electricity and water
TXN012295,CUST0139,2025-09-25,debit,transport,330,Fuel and commute
TXN012296,CUST0139,2025-09-26,debit,dining_entertainment,730,Dining and entertainment
TXN012297,CUST0139,2025-09-07,debit,emi,1030,Loan EMI
TXN012298,CUST0139,2025-09-10,debit,sip_investment,1700,Mutual fund SIP
TXN012299,CUST0139,2025-10-03,credit,salary,6500,Monthly credit
TXN012300,CUST0139,2025-10-05,debit,rent,1350,House rent
TXN012301,CUST0139,2025-10-06,debit,groceries,840,Groceries
TXN012302,CUST0139,2025-10-12,debit,utilities,200,Electricity and water
TXN012303,CUST0139,2025-10-21,debit,transport,300,Fuel and commute
TXN012304,CUST0139,2025-10-09,debit,dining_entertainment,360,Dining and entertainment
TXN012305,CUST0139,2025-10-07,debit,emi,1040,Loan EMI
TXN012306,CUST0139,2025-10-10,debit,sip_investment,1700,Mutual fund SIP
TXN012307,CUST0139,2025-11-02,credit,salary,6400,Monthly credit
TXN012308,CUST0139,2025-11-05,debit,rent,1350,House rent
TXN012309,CUST0139,2025-11-14,debit,groceries,660,Groceries
TXN012310,CUST0139,2025-11-12,debit,utilities,210,Electricity and water
TXN012311,CUST0139,2025-11-17,debit,transport,320,Fuel and commute
TXN012312,CUST0139,2025-11-12,debit,dining_entertainment,720,Dining and entertainment
TXN012313,CUST0139,2025-11-07,debit,emi,1040,Loan EMI
TXN012314,CUST0139,2025-11-10,debit,sip_investment,1700,Mutual fund SIP
TXN012315,CUST0139,2025-12-03,credit,salary,6500,Monthly credit
TXN012316,CUST0139,2025-12-05,debit,rent,1420,House rent
TXN012317,CUST0139,2025-12-13,debit,groceries,680,Groceries
TXN012318,CUST0139,2025-12-12,debit,utilities,310,Electricity and water
TXN012319,CUST0139,2025-12-20,debit,transport,530,Fuel and commute
TXN012320,CUST0139,2025-12-11,debit,dining_entertainment,400,Dining and entertainment
TXN012321,CUST0139,2025-12-07,debit,emi,1020,Loan EMI
TXN012322,CUST0139,2025-12-10,debit,sip_investment,1700,Mutual fund SIP
TXN012323,CUST0139,2025-12-18,debit,insurance_premium,4640,Insurance premium
TXN012324,CUST0139,2025-12-08,debit,shopping,770,Online shopping
TXN012325,CUST0139,2026-01-01,credit,salary,6400,Monthly credit
TXN012326,CUST0139,2026-01-05,debit,rent,1610,House rent
TXN012327,CUST0139,2026-01-08,debit,groceries,950,Groceries
TXN012328,CUST0139,2026-01-12,debit,utilities,300,Electricity and water
TXN012329,CUST0139,2026-01-22,debit,transport,530,Fuel and commute
TXN012330,CUST0139,2026-01-19,debit,dining_entertainment,730,Dining and entertainment
TXN012331,CUST0139,2026-01-07,debit,emi,1020,Loan EMI
TXN012332,CUST0139,2026-01-10,debit,sip_investment,1700,Mutual fund SIP
TXN012333,CUST0139,2026-01-09,debit,medical,1150,Medical expenses
TXN012334,CUST0139,2026-02-03,credit,salary,6500,Monthly credit
TXN012335,CUST0139,2026-02-05,debit,rent,1450,House rent
TXN012336,CUST0139,2026-02-07,debit,groceries,710,Groceries
TXN012337,CUST0139,2026-02-12,debit,utilities,240,Electricity and water
TXN012338,CUST0139,2026-02-11,debit,transport,500,Fuel and commute
TXN012339,CUST0139,2026-02-10,debit,dining_entertainment,680,Dining and entertainment
TXN012340,CUST0139,2026-02-07,debit,emi,1030,Loan EMI
TXN012341,CUST0139,2026-02-10,debit,sip_investment,1700,Mutual fund SIP
TXN012342,CUST0139,2026-02-12,debit,shopping,580,Online shopping
TXN012343,CUST0139,2026-03-02,credit,salary,6400,Monthly credit
TXN012344,CUST0139,2026-03-05,debit,rent,1440,House rent
TXN012345,CUST0139,2026-03-17,debit,groceries,890,Groceries
TXN012346,CUST0139,2026-03-12,debit,utilities,280,Electricity and water
TXN012347,CUST0139,2026-03-23,debit,transport,270,Fuel and commute
TXN012348,CUST0139,2026-03-13,debit,dining_entertainment,370,Dining and entertainment
TXN012349,CUST0139,2026-03-07,debit,emi,1030,Loan EMI
TXN012350,CUST0139,2026-03-10,debit,sip_investment,1700,Mutual fund SIP
TXN012351,CUST0139,2026-04-02,credit,salary,6400,Monthly credit
TXN012352,CUST0139,2026-04-05,debit,rent,1460,House rent
TXN012353,CUST0139,2026-04-08,debit,groceries,1030,Groceries
TXN012354,CUST0139,2026-04-12,debit,utilities,350,Electricity and water
TXN012355,CUST0139,2026-04-25,debit,transport,470,Fuel and commute
TXN012356,CUST0139,2026-04-21,debit,dining_entertainment,480,Dining and entertainment
TXN012357,CUST0139,2026-04-07,debit,emi,1040,Loan EMI
TXN012358,CUST0139,2026-04-10,debit,sip_investment,1700,Mutual fund SIP
TXN012359,CUST0139,2026-05-02,credit,salary,6500,Monthly credit
TXN012360,CUST0139,2026-05-05,debit,rent,1610,House rent
TXN012361,CUST0139,2026-05-12,debit,groceries,660,Groceries
TXN012362,CUST0139,2026-05-12,debit,utilities,200,Electricity and water
TXN012363,CUST0139,2026-05-13,debit,transport,340,Fuel and commute
TXN012364,CUST0139,2026-05-22,debit,dining_entertainment,550,Dining and entertainment
TXN012365,CUST0139,2026-05-07,debit,emi,1030,Loan EMI
TXN012366,CUST0139,2026-05-10,debit,sip_investment,1700,Mutual fund SIP
TXN012367,CUST0139,2026-05-03,debit,medical,1730,Medical expenses
TXN012368,CUST0139,2026-06-03,credit,salary,6400,Monthly credit
TXN012369,CUST0139,2026-06-05,debit,rent,1600,House rent
TXN012370,CUST0139,2026-06-18,debit,groceries,690,Groceries
TXN012371,CUST0139,2026-06-12,debit,utilities,350,Electricity and water
TXN012372,CUST0139,2026-06-20,debit,transport,550,Fuel and commute
TXN012373,CUST0139,2026-06-21,debit,dining_entertainment,750,Dining and entertainment
TXN012374,CUST0139,2026-06-07,debit,emi,1040,Loan EMI
TXN012375,CUST0139,2026-06-10,debit,sip_investment,1700,Mutual fund SIP
TXN012376,CUST0139,2026-07-02,credit,salary,6300,Monthly credit
TXN012377,CUST0139,2026-07-05,debit,rent,1560,House rent
TXN012378,CUST0139,2026-07-14,debit,groceries,950,Groceries
TXN012379,CUST0139,2026-07-12,debit,utilities,220,Electricity and water
TXN012380,CUST0139,2026-07-23,debit,transport,520,Fuel and commute
TXN012381,CUST0139,2026-07-11,debit,dining_entertainment,510,Dining and entertainment
TXN012382,CUST0139,2026-07-07,debit,emi,1040,Loan EMI
TXN012383,CUST0139,2026-07-10,debit,sip_investment,1700,Mutual fund SIP
TXN012384,CUST0139,2026-07-27,debit,shopping,650,Online shopping
TXN012385,CUST0139,2026-08-03,credit,salary,6500,Monthly credit
TXN012386,CUST0139,2026-08-05,debit,rent,1510,House rent
TXN012387,CUST0139,2026-08-14,debit,groceries,600,Groceries
TXN012388,CUST0139,2026-08-12,debit,utilities,260,Electricity and water
TXN012389,CUST0139,2026-08-19,debit,transport,560,Fuel and commute
TXN012390,CUST0139,2026-08-09,debit,dining_entertainment,610,Dining and entertainment
TXN012391,CUST0139,2026-08-07,debit,emi,1030,Loan EMI
TXN012392,CUST0139,2026-08-10,debit,sip_investment,1700,Mutual fund SIP
TXN012393,CUST0139,2026-08-04,debit,shopping,360,Online shopping
TXN012394,CUST0140,2025-09-01,credit,salary,12200,Monthly credit
TXN012395,CUST0140,2025-09-05,debit,rent,3060,House rent
TXN012396,CUST0140,2025-09-13,debit,groceries,1300,Groceries
TXN012397,CUST0140,2025-09-12,debit,utilities,490,Electricity and water
TXN012398,CUST0140,2025-09-22,debit,transport,700,Fuel and commute
TXN012399,CUST0140,2025-09-10,debit,dining_entertainment,1720,Dining and entertainment
TXN012400,CUST0140,2025-09-15,debit,school_fees,5490,School fees
TXN012401,CUST0140,2025-10-03,credit,salary,12200,Monthly credit
TXN012402,CUST0140,2025-10-05,debit,rent,3160,House rent
TXN012403,CUST0140,2025-10-14,debit,groceries,1840,Groceries
TXN012404,CUST0140,2025-10-12,debit,utilities,670,Electricity and water
TXN012405,CUST0140,2025-10-19,debit,transport,600,Fuel and commute
TXN012406,CUST0140,2025-10-19,debit,dining_entertainment,1390,Dining and entertainment
TXN012407,CUST0140,2025-11-03,credit,salary,12200,Monthly credit
TXN012408,CUST0140,2025-11-05,debit,rent,3420,House rent
TXN012409,CUST0140,2025-11-15,debit,groceries,1220,Groceries
TXN012410,CUST0140,2025-11-12,debit,utilities,530,Electricity and water
TXN012411,CUST0140,2025-11-13,debit,transport,550,Fuel and commute
TXN012412,CUST0140,2025-11-21,debit,dining_entertainment,1500,Dining and entertainment
TXN012413,CUST0140,2025-11-18,debit,insurance_premium,7640,Insurance premium
TXN012414,CUST0140,2025-12-03,credit,salary,12200,Monthly credit
TXN012415,CUST0140,2025-12-05,debit,rent,3070,House rent
TXN012416,CUST0140,2025-12-11,debit,groceries,1850,Groceries
TXN012417,CUST0140,2025-12-12,debit,utilities,650,Electricity and water
TXN012418,CUST0140,2025-12-16,debit,transport,1030,Fuel and commute
TXN012419,CUST0140,2025-12-24,debit,dining_entertainment,2320,Dining and entertainment
TXN012420,CUST0140,2025-12-15,debit,school_fees,5500,School fees
TXN012421,CUST0140,2026-01-01,credit,salary,11800,Monthly credit
TXN012422,CUST0140,2026-01-05,debit,rent,3470,House rent
TXN012423,CUST0140,2026-01-19,debit,groceries,1500,Groceries
TXN012424,CUST0140,2026-01-12,debit,utilities,580,Electricity and water
TXN012425,CUST0140,2026-01-17,debit,transport,570,Fuel and commute
TXN012426,CUST0140,2026-01-10,debit,dining_entertainment,1610,Dining and entertainment
TXN012427,CUST0140,2026-02-02,credit,salary,12100,Monthly credit
TXN012428,CUST0140,2026-02-05,debit,rent,3500,House rent
TXN012429,CUST0140,2026-02-06,debit,groceries,1180,Groceries
TXN012430,CUST0140,2026-02-12,debit,utilities,490,Electricity and water
TXN012431,CUST0140,2026-02-24,debit,transport,820,Fuel and commute
TXN012432,CUST0140,2026-02-22,debit,dining_entertainment,1750,Dining and entertainment
TXN012433,CUST0140,2026-03-03,credit,salary,12100,Monthly credit
TXN012434,CUST0140,2026-03-05,debit,rent,3540,House rent
TXN012435,CUST0140,2026-03-19,debit,groceries,1150,Groceries
TXN012436,CUST0140,2026-03-12,debit,utilities,430,Electricity and water
TXN012437,CUST0140,2026-03-20,debit,transport,630,Fuel and commute
TXN012438,CUST0140,2026-03-13,debit,dining_entertainment,1090,Dining and entertainment
TXN012439,CUST0140,2026-03-15,debit,school_fees,4860,School fees
TXN012440,CUST0140,2026-04-01,credit,salary,12200,Monthly credit
TXN012441,CUST0140,2026-04-05,debit,rent,3360,House rent
TXN012442,CUST0140,2026-04-06,debit,groceries,1550,Groceries
TXN012443,CUST0140,2026-04-12,debit,utilities,680,Electricity and water
TXN012444,CUST0140,2026-04-19,debit,transport,930,Fuel and commute
TXN012445,CUST0140,2026-04-09,debit,dining_entertainment,1980,Dining and entertainment
TXN012446,CUST0140,2026-05-02,credit,salary,12000,Monthly credit
TXN012447,CUST0140,2026-05-05,debit,rent,3020,House rent
TXN012448,CUST0140,2026-05-06,debit,groceries,1630,Groceries
TXN012449,CUST0140,2026-05-12,debit,utilities,460,Electricity and water
TXN012450,CUST0140,2026-05-16,debit,transport,840,Fuel and commute
TXN012451,CUST0140,2026-05-22,debit,dining_entertainment,1430,Dining and entertainment
TXN012452,CUST0140,2026-06-03,credit,salary,11800,Monthly credit
TXN012453,CUST0140,2026-06-05,debit,rent,3470,House rent
TXN012454,CUST0140,2026-06-12,debit,groceries,1290,Groceries
TXN012455,CUST0140,2026-06-12,debit,utilities,550,Electricity and water
TXN012456,CUST0140,2026-06-12,debit,transport,540,Fuel and commute
TXN012457,CUST0140,2026-06-25,debit,dining_entertainment,2360,Dining and entertainment
TXN012458,CUST0140,2026-06-15,debit,school_fees,8850,School fees
TXN012459,CUST0140,2026-06-13,debit,shopping,1310,Online shopping
TXN012460,CUST0140,2026-07-01,credit,salary,11800,Monthly credit
TXN012461,CUST0140,2026-07-05,debit,rent,3170,House rent
TXN012462,CUST0140,2026-07-14,debit,groceries,1130,Groceries
TXN012463,CUST0140,2026-07-12,debit,utilities,470,Electricity and water
TXN012464,CUST0140,2026-07-13,debit,transport,570,Fuel and commute
TXN012465,CUST0140,2026-07-25,debit,dining_entertainment,1370,Dining and entertainment
TXN012466,CUST0140,2026-08-03,credit,salary,11900,Monthly credit
TXN012467,CUST0140,2026-08-05,debit,rent,3480,House rent
TXN012468,CUST0140,2026-08-07,debit,groceries,1660,Groceries
TXN012469,CUST0140,2026-08-12,debit,utilities,680,Electricity and water
TXN012470,CUST0140,2026-08-13,debit,transport,880,Fuel and commute
TXN012471,CUST0140,2026-08-21,debit,dining_entertainment,2110,Dining and entertainment
TXN012472,CUST0141,2025-09-03,credit,business_income,17100,Business receipt
TXN012473,CUST0141,2025-09-05,debit,maintenance,500,Society maintenance
TXN012474,CUST0141,2025-09-12,debit,groceries,1830,Groceries
TXN012475,CUST0141,2025-09-12,debit,utilities,820,Electricity and water
TXN012476,CUST0141,2025-09-19,debit,transport,1080,Fuel and commute
TXN012477,CUST0141,2025-09-21,debit,dining_entertainment,1610,Dining and entertainment
TXN012478,CUST0141,2025-09-15,debit,school_fees,21900,School fees
TXN012479,CUST0141,2025-09-06,debit,medical,990,Medical expenses
TXN012480,CUST0141,2025-09-06,debit,shopping,1580,Online shopping
TXN012481,CUST0141,2025-10-02,credit,business_income,17200,Business receipt
TXN012482,CUST0141,2025-10-05,debit,maintenance,590,Society maintenance
TXN012483,CUST0141,2025-10-12,debit,groceries,2080,Groceries
TXN012484,CUST0141,2025-10-12,debit,utilities,630,Electricity and water
TXN012485,CUST0141,2025-10-10,debit,transport,1160,Fuel and commute
TXN012486,CUST0141,2025-10-25,debit,dining_entertainment,1790,Dining and entertainment
TXN012487,CUST0141,2025-10-18,debit,insurance_premium,21420,Insurance premium
TXN012488,CUST0141,2025-10-19,debit,shopping,1210,Online shopping
TXN012489,CUST0141,2025-11-01,credit,business_income,16900,Business receipt
TXN012490,CUST0141,2025-11-05,debit,maintenance,590,Society maintenance
TXN012491,CUST0141,2025-11-07,debit,groceries,2230,Groceries
TXN012492,CUST0141,2025-11-12,debit,utilities,830,Electricity and water
TXN012493,CUST0141,2025-11-19,debit,transport,1360,Fuel and commute
TXN012494,CUST0141,2025-11-19,debit,dining_entertainment,1260,Dining and entertainment
TXN012495,CUST0141,2025-12-02,credit,business_income,17100,Business receipt
TXN012496,CUST0141,2025-12-05,debit,maintenance,470,Society maintenance
TXN012497,CUST0141,2025-12-15,debit,groceries,2520,Groceries
TXN012498,CUST0141,2025-12-12,debit,utilities,600,Electricity and water
TXN012499,CUST0141,2025-12-12,debit,transport,1040,Fuel and commute
TXN012500,CUST0141,2025-12-22,debit,dining_entertainment,1110,Dining and entertainment
TXN012501,CUST0141,2025-12-15,debit,school_fees,26210,School fees
TXN012502,CUST0141,2026-01-03,credit,business_income,17200,Business receipt
TXN012503,CUST0141,2026-01-05,debit,maintenance,490,Society maintenance
TXN012504,CUST0141,2026-01-12,debit,groceries,1700,Groceries
TXN012505,CUST0141,2026-01-12,debit,utilities,630,Electricity and water
TXN012506,CUST0141,2026-01-13,debit,transport,980,Fuel and commute
TXN012507,CUST0141,2026-01-20,debit,dining_entertainment,980,Dining and entertainment
TXN012508,CUST0141,2026-02-03,credit,business_income,17200,Business receipt
TXN012509,CUST0141,2026-02-05,debit,maintenance,450,Society maintenance
TXN012510,CUST0141,2026-02-11,debit,groceries,1560,Groceries
TXN012511,CUST0141,2026-02-12,debit,utilities,760,Electricity and water
TXN012512,CUST0141,2026-02-16,debit,transport,1070,Fuel and commute
TXN012513,CUST0141,2026-02-24,debit,dining_entertainment,1480,Dining and entertainment
TXN012514,CUST0141,2026-03-01,credit,business_income,17400,Business receipt
TXN012515,CUST0141,2026-03-05,debit,maintenance,550,Society maintenance
TXN012516,CUST0141,2026-03-16,debit,groceries,1790,Groceries
TXN012517,CUST0141,2026-03-12,debit,utilities,980,Electricity and water
TXN012518,CUST0141,2026-03-19,debit,transport,1330,Fuel and commute
TXN012519,CUST0141,2026-03-10,debit,dining_entertainment,1640,Dining and entertainment
TXN012520,CUST0141,2026-03-15,debit,school_fees,18820,School fees
TXN012521,CUST0141,2026-04-02,credit,business_income,16800,Business receipt
TXN012522,CUST0141,2026-04-05,debit,maintenance,450,Society maintenance
TXN012523,CUST0141,2026-04-10,debit,groceries,1790,Groceries
TXN012524,CUST0141,2026-04-12,debit,utilities,1000,Electricity and water
TXN012525,CUST0141,2026-04-24,debit,transport,770,Fuel and commute
TXN012526,CUST0141,2026-04-11,debit,dining_entertainment,1330,Dining and entertainment
TXN012527,CUST0141,2026-04-14,debit,shopping,1540,Online shopping
TXN012528,CUST0141,2026-05-03,credit,business_income,16800,Business receipt
TXN012529,CUST0141,2026-05-05,debit,maintenance,450,Society maintenance
TXN012530,CUST0141,2026-05-14,debit,groceries,2250,Groceries
TXN012531,CUST0141,2026-05-12,debit,utilities,890,Electricity and water
TXN012532,CUST0141,2026-05-23,debit,transport,860,Fuel and commute
TXN012533,CUST0141,2026-05-08,debit,dining_entertainment,1140,Dining and entertainment
TXN012534,CUST0141,2026-06-03,credit,business_income,16900,Business receipt
TXN012535,CUST0141,2026-06-05,debit,maintenance,480,Society maintenance
TXN012536,CUST0141,2026-06-13,debit,groceries,2140,Groceries
TXN012537,CUST0141,2026-06-12,debit,utilities,980,Electricity and water
TXN012538,CUST0141,2026-06-17,debit,transport,860,Fuel and commute
TXN012539,CUST0141,2026-06-16,debit,dining_entertainment,820,Dining and entertainment
TXN012540,CUST0141,2026-06-15,debit,school_fees,22910,School fees
TXN012541,CUST0141,2026-07-02,credit,business_income,17100,Business receipt
TXN012542,CUST0141,2026-07-05,debit,maintenance,550,Society maintenance
TXN012543,CUST0141,2026-07-07,debit,groceries,2360,Groceries
TXN012544,CUST0141,2026-07-12,debit,utilities,900,Electricity and water
TXN012545,CUST0141,2026-07-15,debit,transport,1170,Fuel and commute
TXN012546,CUST0141,2026-07-12,debit,dining_entertainment,1730,Dining and entertainment
TXN012547,CUST0141,2026-08-01,credit,business_income,17300,Business receipt
TXN012548,CUST0141,2026-08-05,debit,maintenance,540,Society maintenance
TXN012549,CUST0141,2026-08-20,debit,groceries,1730,Groceries
TXN012550,CUST0141,2026-08-12,debit,utilities,540,Electricity and water
TXN012551,CUST0141,2026-08-17,debit,transport,960,Fuel and commute
TXN012552,CUST0141,2026-08-09,debit,dining_entertainment,1160,Dining and entertainment
TXN012553,CUST0141,2026-08-24,debit,shopping,1650,Online shopping
TXN012554,CUST0142,2025-09-01,credit,salary,4300,Monthly credit
TXN012555,CUST0142,2025-09-05,debit,rent,1110,House rent
TXN012556,CUST0142,2025-09-09,debit,groceries,430,Groceries
TXN012557,CUST0142,2025-09-12,debit,utilities,130,Electricity and water
TXN012558,CUST0142,2025-09-24,debit,transport,290,Fuel and commute
TXN012559,CUST0142,2025-09-20,debit,dining_entertainment,750,Dining and entertainment
TXN012560,CUST0142,2025-09-07,debit,emi,1120,Loan EMI
TXN012561,CUST0142,2025-09-10,debit,sip_investment,700,Mutual fund SIP
TXN012562,CUST0142,2025-10-03,credit,salary,4400,Monthly credit
TXN012563,CUST0142,2025-10-05,debit,rent,1190,House rent
TXN012564,CUST0142,2025-10-17,debit,groceries,640,Groceries
TXN012565,CUST0142,2025-10-12,debit,utilities,200,Electricity and water
TXN012566,CUST0142,2025-10-25,debit,transport,230,Fuel and commute
TXN012567,CUST0142,2025-10-26,debit,dining_entertainment,860,Dining and entertainment
TXN012568,CUST0142,2025-10-07,debit,emi,1120,Loan EMI
TXN012569,CUST0142,2025-10-10,debit,sip_investment,700,Mutual fund SIP
TXN012570,CUST0142,2025-10-07,debit,shopping,190,Online shopping
TXN012571,CUST0142,2025-11-01,credit,salary,4300,Monthly credit
TXN012572,CUST0142,2025-11-05,debit,rent,1070,House rent
TXN012573,CUST0142,2025-11-12,debit,groceries,560,Groceries
TXN012574,CUST0142,2025-11-12,debit,utilities,230,Electricity and water
TXN012575,CUST0142,2025-11-21,debit,transport,390,Fuel and commute
TXN012576,CUST0142,2025-11-11,debit,dining_entertainment,650,Dining and entertainment
TXN012577,CUST0142,2025-11-07,debit,emi,1110,Loan EMI
TXN012578,CUST0142,2025-11-10,debit,sip_investment,700,Mutual fund SIP
TXN012579,CUST0142,2025-11-18,debit,insurance_premium,4330,Insurance premium
TXN012580,CUST0142,2025-12-02,credit,salary,4400,Monthly credit
TXN012581,CUST0142,2025-12-05,debit,rent,1060,House rent
TXN012582,CUST0142,2025-12-18,debit,groceries,460,Groceries
TXN012583,CUST0142,2025-12-12,debit,utilities,220,Electricity and water
TXN012584,CUST0142,2025-12-20,debit,transport,380,Fuel and commute
TXN012585,CUST0142,2025-12-15,debit,dining_entertainment,590,Dining and entertainment
TXN012586,CUST0142,2025-12-07,debit,emi,1100,Loan EMI
TXN012587,CUST0142,2025-12-10,debit,sip_investment,700,Mutual fund SIP
TXN012588,CUST0142,2026-01-02,credit,salary,4300,Monthly credit
TXN012589,CUST0142,2026-01-05,debit,rent,1270,House rent
TXN012590,CUST0142,2026-01-11,debit,groceries,510,Groceries
TXN012591,CUST0142,2026-01-12,debit,utilities,190,Electricity and water
TXN012592,CUST0142,2026-01-23,debit,transport,210,Fuel and commute
TXN012593,CUST0142,2026-01-17,debit,dining_entertainment,420,Dining and entertainment
TXN012594,CUST0142,2026-01-07,debit,emi,1120,Loan EMI
TXN012595,CUST0142,2026-01-10,debit,sip_investment,700,Mutual fund SIP
TXN012596,CUST0142,2026-02-01,credit,salary,4400,Monthly credit
TXN012597,CUST0142,2026-02-05,debit,rent,1180,House rent
TXN012598,CUST0142,2026-02-14,debit,groceries,670,Groceries
TXN012599,CUST0142,2026-02-12,debit,utilities,240,Electricity and water
TXN012600,CUST0142,2026-02-11,debit,transport,330,Fuel and commute
TXN012601,CUST0142,2026-02-13,debit,dining_entertainment,580,Dining and entertainment
TXN012602,CUST0142,2026-02-07,debit,emi,1120,Loan EMI
TXN012603,CUST0142,2026-02-10,debit,sip_investment,700,Mutual fund SIP
TXN012604,CUST0142,2026-02-18,debit,shopping,450,Online shopping
TXN012605,CUST0142,2026-03-02,credit,salary,4300,Monthly credit
TXN012606,CUST0142,2026-03-05,debit,rent,1130,House rent
TXN012607,CUST0142,2026-03-17,debit,groceries,640,Groceries
TXN012608,CUST0142,2026-03-12,debit,utilities,150,Electricity and water
TXN012609,CUST0142,2026-03-16,debit,transport,260,Fuel and commute
TXN012610,CUST0142,2026-03-11,debit,dining_entertainment,600,Dining and entertainment
TXN012611,CUST0142,2026-03-07,debit,emi,1120,Loan EMI
TXN012612,CUST0142,2026-03-10,debit,sip_investment,700,Mutual fund SIP
TXN012613,CUST0142,2026-04-02,credit,salary,4400,Monthly credit
TXN012614,CUST0142,2026-04-05,debit,rent,1110,House rent
TXN012615,CUST0142,2026-04-19,debit,groceries,400,Groceries
TXN012616,CUST0142,2026-04-12,debit,utilities,130,Electricity and water
TXN012617,CUST0142,2026-04-11,debit,transport,320,Fuel and commute
TXN012618,CUST0142,2026-04-13,debit,dining_entertainment,500,Dining and entertainment
TXN012619,CUST0142,2026-04-07,debit,emi,1120,Loan EMI
TXN012620,CUST0142,2026-04-10,debit,sip_investment,700,Mutual fund SIP
TXN012621,CUST0142,2026-05-03,credit,salary,4400,Monthly credit
TXN012622,CUST0142,2026-05-05,debit,rent,1100,House rent
TXN012623,CUST0142,2026-05-20,debit,groceries,610,Groceries
TXN012624,CUST0142,2026-05-12,debit,utilities,260,Electricity and water
TXN012625,CUST0142,2026-05-13,debit,transport,360,Fuel and commute
TXN012626,CUST0142,2026-05-16,debit,dining_entertainment,450,Dining and entertainment
TXN012627,CUST0142,2026-05-07,debit,emi,1120,Loan EMI
TXN012628,CUST0142,2026-05-10,debit,sip_investment,700,Mutual fund SIP
TXN012629,CUST0142,2026-06-02,credit,salary,4300,Monthly credit
TXN012630,CUST0142,2026-06-05,debit,rent,1230,House rent
TXN012631,CUST0142,2026-06-07,debit,groceries,670,Groceries
TXN012632,CUST0142,2026-06-12,debit,utilities,190,Electricity and water
TXN012633,CUST0142,2026-06-15,debit,transport,230,Fuel and commute
TXN012634,CUST0142,2026-06-10,debit,dining_entertainment,550,Dining and entertainment
TXN012635,CUST0142,2026-06-07,debit,emi,1120,Loan EMI
TXN012636,CUST0142,2026-06-10,debit,sip_investment,700,Mutual fund SIP
TXN012637,CUST0142,2026-07-02,credit,salary,4400,Monthly credit
TXN012638,CUST0142,2026-07-05,debit,rent,1250,House rent
TXN012639,CUST0142,2026-07-20,debit,groceries,670,Groceries
TXN012640,CUST0142,2026-07-12,debit,utilities,250,Electricity and water
TXN012641,CUST0142,2026-07-15,debit,transport,350,Fuel and commute
TXN012642,CUST0142,2026-07-20,debit,dining_entertainment,760,Dining and entertainment
TXN012643,CUST0142,2026-07-07,debit,emi,1120,Loan EMI
TXN012644,CUST0142,2026-07-10,debit,sip_investment,700,Mutual fund SIP
TXN012645,CUST0142,2026-08-03,credit,salary,4300,Monthly credit
TXN012646,CUST0142,2026-08-05,debit,rent,1110,House rent
TXN012647,CUST0142,2026-08-19,debit,groceries,470,Groceries
TXN012648,CUST0142,2026-08-12,debit,utilities,160,Electricity and water
TXN012649,CUST0142,2026-08-18,debit,transport,340,Fuel and commute
TXN012650,CUST0142,2026-08-11,debit,dining_entertainment,540,Dining and entertainment
TXN012651,CUST0142,2026-08-07,debit,emi,1110,Loan EMI
TXN012652,CUST0142,2026-08-10,debit,sip_investment,700,Mutual fund SIP
TXN012653,CUST0142,2026-08-27,debit,shopping,220,Online shopping
TXN012654,CUST0143,2025-09-03,credit,business_income,14400,Business receipt
TXN012655,CUST0143,2025-09-05,debit,rent,2320,House rent
TXN012656,CUST0143,2025-09-17,debit,groceries,1900,Groceries
TXN012657,CUST0143,2025-09-12,debit,utilities,720,Electricity and water
TXN012658,CUST0143,2025-09-24,debit,transport,840,Fuel and commute
TXN012659,CUST0143,2025-09-16,debit,dining_entertainment,830,Dining and entertainment
TXN012660,CUST0143,2025-09-07,debit,emi,3640,Loan EMI
TXN012661,CUST0143,2025-09-15,debit,school_fees,6030,School fees
TXN012662,CUST0143,2025-10-03,credit,business_income,14700,Business receipt
TXN012663,CUST0143,2025-10-05,debit,rent,2350,House rent
TXN012664,CUST0143,2025-10-18,debit,groceries,1790,Groceries
TXN012665,CUST0143,2025-10-12,debit,utilities,820,Electricity and water
TXN012666,CUST0143,2025-10-12,debit,transport,810,Fuel and commute
TXN012667,CUST0143,2025-10-24,debit,dining_entertainment,1130,Dining and entertainment
TXN012668,CUST0143,2025-10-07,debit,emi,3570,Loan EMI
TXN012669,CUST0143,2025-10-09,debit,shopping,1240,Online shopping
TXN012670,CUST0143,2025-11-02,credit,business_income,14700,Business receipt
TXN012671,CUST0143,2025-11-05,debit,rent,2310,House rent
TXN012672,CUST0143,2025-11-07,debit,groceries,2000,Groceries
TXN012673,CUST0143,2025-11-12,debit,utilities,640,Electricity and water
TXN012674,CUST0143,2025-11-19,debit,transport,740,Fuel and commute
TXN012675,CUST0143,2025-11-13,debit,dining_entertainment,1710,Dining and entertainment
TXN012676,CUST0143,2025-11-07,debit,emi,3590,Loan EMI
TXN012677,CUST0143,2025-12-02,credit,business_income,14600,Business receipt
TXN012678,CUST0143,2025-12-05,debit,rent,2340,House rent
TXN012679,CUST0143,2025-12-20,debit,groceries,1930,Groceries
TXN012680,CUST0143,2025-12-12,debit,utilities,770,Electricity and water
TXN012681,CUST0143,2025-12-11,debit,transport,1100,Fuel and commute
TXN012682,CUST0143,2025-12-15,debit,dining_entertainment,1120,Dining and entertainment
TXN012683,CUST0143,2025-12-07,debit,emi,3580,Loan EMI
TXN012684,CUST0143,2025-12-15,debit,school_fees,7500,School fees
TXN012685,CUST0143,2026-01-03,credit,business_income,14200,Business receipt
TXN012686,CUST0143,2026-01-05,debit,rent,2340,House rent
TXN012687,CUST0143,2026-01-10,debit,groceries,2100,Groceries
TXN012688,CUST0143,2026-01-12,debit,utilities,550,Electricity and water
TXN012689,CUST0143,2026-01-18,debit,transport,790,Fuel and commute
TXN012690,CUST0143,2026-01-08,debit,dining_entertainment,850,Dining and entertainment
TXN012691,CUST0143,2026-01-07,debit,emi,3580,Loan EMI
TXN012692,CUST0143,2026-02-01,credit,business_income,14600,Business receipt
TXN012693,CUST0143,2026-02-05,debit,rent,2650,House rent
TXN012694,CUST0143,2026-02-12,debit,groceries,1610,Groceries
TXN012695,CUST0143,2026-02-12,debit,utilities,580,Electricity and water
TXN012696,CUST0143,2026-02-12,debit,transport,1220,Fuel and commute
TXN012697,CUST0143,2026-02-24,debit,dining_entertainment,810,Dining and entertainment
TXN012698,CUST0143,2026-02-07,debit,emi,3600,Loan EMI
TXN012699,CUST0143,2026-03-01,credit,business_income,14700,Business receipt
TXN012700,CUST0143,2026-03-05,debit,rent,2600,House rent
TXN012701,CUST0143,2026-03-07,debit,groceries,1880,Groceries
TXN012702,CUST0143,2026-03-12,debit,utilities,560,Electricity and water
TXN012703,CUST0143,2026-03-12,debit,transport,830,Fuel and commute
TXN012704,CUST0143,2026-03-22,debit,dining_entertainment,1630,Dining and entertainment
TXN012705,CUST0143,2026-03-07,debit,emi,3570,Loan EMI
TXN012706,CUST0143,2026-03-15,debit,school_fees,8050,School fees
TXN012707,CUST0143,2026-04-01,credit,business_income,14300,Business receipt
TXN012708,CUST0143,2026-04-05,debit,rent,2640,House rent
TXN012709,CUST0143,2026-04-14,debit,groceries,1930,Groceries
TXN012710,CUST0143,2026-04-12,debit,utilities,830,Electricity and water
TXN012711,CUST0143,2026-04-12,debit,transport,700,Fuel and commute
TXN012712,CUST0143,2026-04-10,debit,dining_entertainment,1390,Dining and entertainment
TXN012713,CUST0143,2026-04-07,debit,emi,3570,Loan EMI
TXN012714,CUST0143,2026-05-01,credit,business_income,14500,Business receipt
TXN012715,CUST0143,2026-05-05,debit,rent,2670,House rent
TXN012716,CUST0143,2026-05-08,debit,groceries,1900,Groceries
TXN012717,CUST0143,2026-05-12,debit,utilities,450,Electricity and water
TXN012718,CUST0143,2026-05-17,debit,transport,1270,Fuel and commute
TXN012719,CUST0143,2026-05-20,debit,dining_entertainment,1190,Dining and entertainment
TXN012720,CUST0143,2026-05-07,debit,emi,3600,Loan EMI
TXN012721,CUST0143,2026-06-01,credit,business_income,14500,Business receipt
TXN012722,CUST0143,2026-06-05,debit,rent,2580,House rent
TXN012723,CUST0143,2026-06-14,debit,groceries,1540,Groceries
TXN012724,CUST0143,2026-06-12,debit,utilities,600,Electricity and water
TXN012725,CUST0143,2026-06-12,debit,transport,990,Fuel and commute
TXN012726,CUST0143,2026-06-25,debit,dining_entertainment,1560,Dining and entertainment
TXN012727,CUST0143,2026-06-07,debit,emi,3630,Loan EMI
TXN012728,CUST0143,2026-06-15,debit,school_fees,7190,School fees
TXN012729,CUST0143,2026-07-02,credit,business_income,14600,Business receipt
TXN012730,CUST0143,2026-07-05,debit,rent,2360,House rent
TXN012731,CUST0143,2026-07-19,debit,groceries,1960,Groceries
TXN012732,CUST0143,2026-07-12,debit,utilities,490,Electricity and water
TXN012733,CUST0143,2026-07-23,debit,transport,580,Fuel and commute
TXN012734,CUST0143,2026-07-24,debit,dining_entertainment,1390,Dining and entertainment
TXN012735,CUST0143,2026-07-07,debit,emi,3620,Loan EMI
TXN012736,CUST0143,2026-07-24,debit,shopping,1480,Online shopping
TXN012737,CUST0143,2026-08-03,credit,business_income,14500,Business receipt
TXN012738,CUST0143,2026-08-05,debit,rent,2410,House rent
TXN012739,CUST0143,2026-08-09,debit,groceries,1540,Groceries
TXN012740,CUST0143,2026-08-12,debit,utilities,640,Electricity and water
TXN012741,CUST0143,2026-08-22,debit,transport,650,Fuel and commute
TXN012742,CUST0143,2026-08-16,debit,dining_entertainment,1150,Dining and entertainment
TXN012743,CUST0143,2026-08-07,debit,emi,3620,Loan EMI
TXN012744,CUST0143,2026-08-18,debit,insurance_premium,13870,Insurance premium
TXN012745,CUST0144,2025-09-03,credit,salary,15000,Monthly credit
TXN012746,CUST0144,2025-09-05,debit,maintenance,530,Society maintenance
TXN012747,CUST0144,2025-09-11,debit,groceries,1940,Groceries
TXN012748,CUST0144,2025-09-12,debit,utilities,460,Electricity and water
TXN012749,CUST0144,2025-09-20,debit,transport,800,Fuel and commute
TXN012750,CUST0144,2025-09-08,debit,dining_entertainment,1610,Dining and entertainment
TXN012751,CUST0144,2025-09-07,debit,emi,4350,Loan EMI
TXN012752,CUST0144,2025-09-15,debit,school_fees,8650,School fees
TXN012753,CUST0144,2025-09-28,credit,interest_payout,860,Deposit interest payout
TXN012754,CUST0144,2025-10-02,credit,salary,15200,Monthly credit
TXN012755,CUST0144,2025-10-05,debit,maintenance,470,Society maintenance
TXN012756,CUST0144,2025-10-20,debit,groceries,2280,Groceries
TXN012757,CUST0144,2025-10-12,debit,utilities,660,Electricity and water
TXN012758,CUST0144,2025-10-10,debit,transport,1070,Fuel and commute
TXN012759,CUST0144,2025-10-21,debit,dining_entertainment,990,Dining and entertainment
TXN012760,CUST0144,2025-10-07,debit,emi,4370,Loan EMI
TXN012761,CUST0144,2025-10-28,credit,interest_payout,420,Deposit interest payout
TXN012762,CUST0144,2025-11-02,credit,salary,15100,Monthly credit
TXN012763,CUST0144,2025-11-05,debit,maintenance,430,Society maintenance
TXN012764,CUST0144,2025-11-13,debit,groceries,1400,Groceries
TXN012765,CUST0144,2025-11-12,debit,utilities,500,Electricity and water
TXN012766,CUST0144,2025-11-16,debit,transport,1010,Fuel and commute
TXN012767,CUST0144,2025-11-26,debit,dining_entertainment,720,Dining and entertainment
TXN012768,CUST0144,2025-11-07,debit,emi,4370,Loan EMI
TXN012769,CUST0144,2025-11-18,debit,insurance_premium,12150,Insurance premium
TXN012770,CUST0144,2025-11-28,credit,interest_payout,860,Deposit interest payout
TXN012771,CUST0144,2025-12-03,credit,salary,15300,Monthly credit
TXN012772,CUST0144,2025-12-05,debit,maintenance,490,Society maintenance
TXN012773,CUST0144,2025-12-16,debit,groceries,2030,Groceries
TXN012774,CUST0144,2025-12-12,debit,utilities,620,Electricity and water
TXN012775,CUST0144,2025-12-23,debit,transport,1320,Fuel and commute
TXN012776,CUST0144,2025-12-25,debit,dining_entertainment,1210,Dining and entertainment
TXN012777,CUST0144,2025-12-07,debit,emi,4350,Loan EMI
TXN012778,CUST0144,2025-12-15,debit,school_fees,7980,School fees
TXN012779,CUST0144,2025-12-16,debit,medical,4450,Medical expenses
TXN012780,CUST0144,2025-12-28,credit,interest_payout,310,Deposit interest payout
TXN012781,CUST0144,2026-01-02,credit,salary,15300,Monthly credit
TXN012782,CUST0144,2026-01-05,debit,maintenance,460,Society maintenance
TXN012783,CUST0144,2026-01-10,debit,groceries,1440,Groceries
TXN012784,CUST0144,2026-01-12,debit,utilities,730,Electricity and water
TXN012785,CUST0144,2026-01-12,debit,transport,1280,Fuel and commute
TXN012786,CUST0144,2026-01-14,debit,dining_entertainment,750,Dining and entertainment
TXN012787,CUST0144,2026-01-07,debit,emi,4370,Loan EMI
TXN012788,CUST0144,2026-01-28,credit,interest_payout,870,Deposit interest payout
TXN012789,CUST0144,2026-02-02,credit,salary,14800,Monthly credit
TXN012790,CUST0144,2026-02-05,debit,maintenance,440,Society maintenance
TXN012791,CUST0144,2026-02-12,debit,groceries,1730,Groceries
TXN012792,CUST0144,2026-02-12,debit,utilities,780,Electricity and water
TXN012793,CUST0144,2026-02-20,debit,transport,600,Fuel and commute
TXN012794,CUST0144,2026-02-24,debit,dining_entertainment,800,Dining and entertainment
TXN012795,CUST0144,2026-02-07,debit,emi,4340,Loan EMI
TXN012796,CUST0144,2026-02-17,debit,medical,1260,Medical expenses
TXN012797,CUST0144,2026-02-28,credit,interest_payout,830,Deposit interest payout
TXN012798,CUST0144,2026-03-01,credit,salary,15100,Monthly credit
TXN012799,CUST0144,2026-03-05,debit,maintenance,410,Society maintenance
TXN012800,CUST0144,2026-03-11,debit,groceries,1570,Groceries
TXN012801,CUST0144,2026-03-12,debit,utilities,720,Electricity and water
TXN012802,CUST0144,2026-03-23,debit,transport,1080,Fuel and commute
TXN012803,CUST0144,2026-03-18,debit,dining_entertainment,1340,Dining and entertainment
TXN012804,CUST0144,2026-03-07,debit,emi,4300,Loan EMI
TXN012805,CUST0144,2026-03-15,debit,school_fees,13390,School fees
TXN012806,CUST0144,2026-04-02,credit,salary,15100,Monthly credit
TXN012807,CUST0144,2026-04-05,debit,maintenance,430,Society maintenance
TXN012808,CUST0144,2026-04-18,debit,groceries,2100,Groceries
TXN012809,CUST0144,2026-04-12,debit,utilities,880,Electricity and water
TXN012810,CUST0144,2026-04-19,debit,transport,960,Fuel and commute
TXN012811,CUST0144,2026-04-16,debit,dining_entertainment,770,Dining and entertainment
TXN012812,CUST0144,2026-04-07,debit,emi,4380,Loan EMI
TXN012813,CUST0144,2026-04-28,credit,interest_payout,720,Deposit interest payout
TXN012814,CUST0144,2026-05-02,credit,salary,15100,Monthly credit
TXN012815,CUST0144,2026-05-05,debit,maintenance,500,Society maintenance
TXN012816,CUST0144,2026-05-06,debit,groceries,1480,Groceries
TXN012817,CUST0144,2026-05-12,debit,utilities,830,Electricity and water
TXN012818,CUST0144,2026-05-17,debit,transport,850,Fuel and commute
TXN012819,CUST0144,2026-05-23,debit,dining_entertainment,1300,Dining and entertainment
TXN012820,CUST0144,2026-05-07,debit,emi,4340,Loan EMI
TXN012821,CUST0144,2026-05-28,credit,interest_payout,610,Deposit interest payout
TXN012822,CUST0144,2026-06-03,credit,salary,15200,Monthly credit
TXN012823,CUST0144,2026-06-05,debit,maintenance,430,Society maintenance
TXN012824,CUST0144,2026-06-14,debit,groceries,2150,Groceries
TXN012825,CUST0144,2026-06-12,debit,utilities,740,Electricity and water
TXN012826,CUST0144,2026-06-23,debit,transport,1030,Fuel and commute
TXN012827,CUST0144,2026-06-09,debit,dining_entertainment,1650,Dining and entertainment
TXN012828,CUST0144,2026-06-07,debit,emi,4360,Loan EMI
TXN012829,CUST0144,2026-06-15,debit,school_fees,7510,School fees
TXN012830,CUST0144,2026-06-05,debit,shopping,1420,Online shopping
TXN012831,CUST0144,2026-06-28,credit,interest_payout,340,Deposit interest payout
TXN012832,CUST0144,2026-07-02,credit,salary,15200,Monthly credit
TXN012833,CUST0144,2026-07-05,debit,maintenance,460,Society maintenance
TXN012834,CUST0144,2026-07-11,debit,groceries,1750,Groceries
TXN012835,CUST0144,2026-07-12,debit,utilities,490,Electricity and water
TXN012836,CUST0144,2026-07-16,debit,transport,1210,Fuel and commute
TXN012837,CUST0144,2026-07-17,debit,dining_entertainment,720,Dining and entertainment
TXN012838,CUST0144,2026-07-07,debit,emi,4350,Loan EMI
TXN012839,CUST0144,2026-08-02,credit,salary,15300,Monthly credit
TXN012840,CUST0144,2026-08-05,debit,maintenance,440,Society maintenance
TXN012841,CUST0144,2026-08-18,debit,groceries,1910,Groceries
TXN012842,CUST0144,2026-08-12,debit,utilities,660,Electricity and water
TXN012843,CUST0144,2026-08-22,debit,transport,1270,Fuel and commute
TXN012844,CUST0144,2026-08-12,debit,dining_entertainment,1070,Dining and entertainment
TXN012845,CUST0144,2026-08-07,debit,emi,4300,Loan EMI
TXN012846,CUST0144,2026-08-28,credit,interest_payout,710,Deposit interest payout
TXN012847,CUST0145,2025-09-03,credit,business_income,5800,Business receipt
TXN012848,CUST0145,2025-09-05,debit,rent,1060,House rent
TXN012849,CUST0145,2025-09-09,debit,groceries,820,Groceries
TXN012850,CUST0145,2025-09-12,debit,utilities,210,Electricity and water
TXN012851,CUST0145,2025-09-14,debit,transport,380,Fuel and commute
TXN012852,CUST0145,2025-09-19,debit,dining_entertainment,630,Dining and entertainment
TXN012853,CUST0145,2025-09-10,debit,sip_investment,1300,Mutual fund SIP
TXN012854,CUST0145,2025-10-03,credit,business_income,5700,Business receipt
TXN012855,CUST0145,2025-10-05,debit,rent,1170,House rent
TXN012856,CUST0145,2025-10-09,debit,groceries,700,Groceries
TXN012857,CUST0145,2025-10-12,debit,utilities,320,Electricity and water
TXN012858,CUST0145,2025-10-19,debit,transport,490,Fuel and commute
TXN012859,CUST0145,2025-10-19,debit,dining_entertainment,690,Dining and entertainment
TXN012860,CUST0145,2025-10-10,debit,sip_investment,1300,Mutual fund SIP
TXN012861,CUST0145,2025-11-02,credit,business_income,4600,Business receipt
TXN012862,CUST0145,2025-11-05,debit,rent,1170,House rent
TXN012863,CUST0145,2025-11-12,debit,groceries,680,Groceries
TXN012864,CUST0145,2025-11-12,debit,utilities,250,Electricity and water
TXN012865,CUST0145,2025-11-11,debit,transport,320,Fuel and commute
TXN012866,CUST0145,2025-11-25,debit,dining_entertainment,860,Dining and entertainment
TXN012867,CUST0145,2025-11-10,debit,sip_investment,1300,Mutual fund SIP
TXN012868,CUST0145,2025-12-02,credit,business_income,6900,Business receipt
TXN012869,CUST0145,2025-12-05,debit,rent,1150,House rent
TXN012870,CUST0145,2025-12-19,debit,groceries,910,Groceries
TXN012871,CUST0145,2025-12-12,debit,utilities,240,Electricity and water
TXN012872,CUST0145,2025-12-19,debit,transport,310,Fuel and commute
TXN012873,CUST0145,2025-12-17,debit,dining_entertainment,960,Dining and entertainment
TXN012874,CUST0145,2025-12-10,debit,sip_investment,1300,Mutual fund SIP
TXN012875,CUST0145,2026-01-02,credit,business_income,4500,Business receipt
TXN012876,CUST0145,2026-01-05,debit,rent,1160,House rent
TXN012877,CUST0145,2026-01-13,debit,groceries,700,Groceries
TXN012878,CUST0145,2026-01-12,debit,utilities,310,Electricity and water
TXN012879,CUST0145,2026-01-10,debit,transport,480,Fuel and commute
TXN012880,CUST0145,2026-01-15,debit,dining_entertainment,1190,Dining and entertainment
TXN012881,CUST0145,2026-01-10,debit,sip_investment,1300,Mutual fund SIP
TXN012882,CUST0145,2026-02-02,credit,business_income,6000,Business receipt
TXN012883,CUST0145,2026-02-05,debit,rent,980,House rent
TXN012884,CUST0145,2026-02-06,debit,groceries,880,Groceries
TXN012885,CUST0145,2026-02-12,debit,utilities,340,Electricity and water
TXN012886,CUST0145,2026-02-24,debit,transport,370,Fuel and commute
TXN012887,CUST0145,2026-02-17,debit,dining_entertainment,750,Dining and entertainment
TXN012888,CUST0145,2026-02-10,debit,sip_investment,1300,Mutual fund SIP
TXN012889,CUST0145,2026-03-01,credit,business_income,5100,Business receipt
TXN012890,CUST0145,2026-03-05,debit,rent,1050,House rent
TXN012891,CUST0145,2026-03-09,debit,groceries,710,Groceries
TXN012892,CUST0145,2026-03-12,debit,utilities,280,Electricity and water
TXN012893,CUST0145,2026-03-11,debit,transport,290,Fuel and commute
TXN012894,CUST0145,2026-03-09,debit,dining_entertainment,1060,Dining and entertainment
TXN012895,CUST0145,2026-03-10,debit,sip_investment,1300,Mutual fund SIP
TXN012896,CUST0145,2026-03-18,debit,insurance_premium,5910,Insurance premium
TXN012897,CUST0145,2026-03-15,debit,shopping,380,Online shopping
TXN012898,CUST0145,2026-04-03,credit,business_income,5300,Business receipt
TXN012899,CUST0145,2026-04-05,debit,rent,1010,House rent
TXN012900,CUST0145,2026-04-17,debit,groceries,820,Groceries
TXN012901,CUST0145,2026-04-12,debit,utilities,220,Electricity and water
TXN012902,CUST0145,2026-04-20,debit,transport,300,Fuel and commute
TXN012903,CUST0145,2026-04-21,debit,dining_entertainment,970,Dining and entertainment
TXN012904,CUST0145,2026-04-10,debit,sip_investment,1300,Mutual fund SIP
TXN012905,CUST0145,2026-05-01,credit,business_income,4700,Business receipt
TXN012906,CUST0145,2026-05-05,debit,rent,1170,House rent
TXN012907,CUST0145,2026-05-12,debit,groceries,570,Groceries
TXN012908,CUST0145,2026-05-12,debit,utilities,250,Electricity and water
TXN012909,CUST0145,2026-05-10,debit,transport,240,Fuel and commute
TXN012910,CUST0145,2026-05-09,debit,dining_entertainment,1120,Dining and entertainment
TXN012911,CUST0145,2026-05-10,debit,sip_investment,1300,Mutual fund SIP
TXN012912,CUST0145,2026-05-26,debit,shopping,690,Online shopping
TXN012913,CUST0145,2026-06-01,credit,business_income,4300,Business receipt
TXN012914,CUST0145,2026-06-05,debit,rent,1140,House rent
TXN012915,CUST0145,2026-06-15,debit,groceries,850,Groceries
TXN012916,CUST0145,2026-06-12,debit,utilities,340,Electricity and water
TXN012917,CUST0145,2026-06-23,debit,transport,420,Fuel and commute
TXN012918,CUST0145,2026-06-24,debit,dining_entertainment,540,Dining and entertainment
TXN012919,CUST0145,2026-06-10,debit,sip_investment,1300,Mutual fund SIP
TXN012920,CUST0145,2026-07-01,credit,business_income,7000,Business receipt
TXN012921,CUST0145,2026-07-05,debit,rent,1000,House rent
TXN012922,CUST0145,2026-07-20,debit,groceries,560,Groceries
TXN012923,CUST0145,2026-07-12,debit,utilities,230,Electricity and water
TXN012924,CUST0145,2026-07-24,debit,transport,290,Fuel and commute
TXN012925,CUST0145,2026-07-16,debit,dining_entertainment,1060,Dining and entertainment
TXN012926,CUST0145,2026-07-10,debit,sip_investment,1300,Mutual fund SIP
TXN012927,CUST0145,2026-07-18,debit,shopping,550,Online shopping
TXN012928,CUST0145,2026-08-01,credit,business_income,5600,Business receipt
TXN012929,CUST0145,2026-08-05,debit,rent,1090,House rent
TXN012930,CUST0145,2026-08-12,debit,groceries,830,Groceries
TXN012931,CUST0145,2026-08-12,debit,utilities,260,Electricity and water
TXN012932,CUST0145,2026-08-18,debit,transport,420,Fuel and commute
TXN012933,CUST0145,2026-08-26,debit,dining_entertainment,1010,Dining and entertainment
TXN012934,CUST0145,2026-08-10,debit,sip_investment,1300,Mutual fund SIP
TXN012935,CUST0146,2025-09-03,credit,business_income,17800,Business receipt
TXN012936,CUST0146,2025-09-05,debit,rent,3560,House rent
TXN012937,CUST0146,2025-09-17,debit,groceries,2490,Groceries
TXN012938,CUST0146,2025-09-12,debit,utilities,590,Electricity and water
TXN012939,CUST0146,2025-09-21,debit,transport,1050,Fuel and commute
TXN012940,CUST0146,2025-09-10,debit,dining_entertainment,860,Dining and entertainment
TXN012941,CUST0146,2025-09-07,debit,emi,5390,Loan EMI
TXN012942,CUST0146,2025-09-26,debit,shopping,890,Online shopping
TXN012943,CUST0146,2025-10-03,credit,business_income,17300,Business receipt
TXN012944,CUST0146,2025-10-05,debit,rent,3260,House rent
TXN012945,CUST0146,2025-10-10,debit,groceries,2100,Groceries
TXN012946,CUST0146,2025-10-12,debit,utilities,970,Electricity and water
TXN012947,CUST0146,2025-10-25,debit,transport,980,Fuel and commute
TXN012948,CUST0146,2025-10-25,debit,dining_entertainment,1700,Dining and entertainment
TXN012949,CUST0146,2025-10-07,debit,emi,5410,Loan EMI
TXN012950,CUST0146,2025-10-05,debit,shopping,610,Online shopping
TXN012951,CUST0146,2025-11-01,credit,business_income,17300,Business receipt
TXN012952,CUST0146,2025-11-05,debit,rent,3500,House rent
TXN012953,CUST0146,2025-11-10,debit,groceries,2040,Groceries
TXN012954,CUST0146,2025-11-12,debit,utilities,780,Electricity and water
TXN012955,CUST0146,2025-11-17,debit,transport,1090,Fuel and commute
TXN012956,CUST0146,2025-11-26,debit,dining_entertainment,1110,Dining and entertainment
TXN012957,CUST0146,2025-11-07,debit,emi,5450,Loan EMI
TXN012958,CUST0146,2025-12-01,credit,business_income,17500,Business receipt
TXN012959,CUST0146,2025-12-05,debit,rent,3310,House rent
TXN012960,CUST0146,2025-12-10,debit,groceries,1950,Groceries
TXN012961,CUST0146,2025-12-12,debit,utilities,960,Electricity and water
TXN012962,CUST0146,2025-12-20,debit,transport,700,Fuel and commute
TXN012963,CUST0146,2025-12-17,debit,dining_entertainment,1610,Dining and entertainment
TXN012964,CUST0146,2025-12-07,debit,emi,5370,Loan EMI
TXN012965,CUST0146,2026-01-03,credit,business_income,17700,Business receipt
TXN012966,CUST0146,2026-01-05,debit,rent,3290,House rent
TXN012967,CUST0146,2026-01-16,debit,groceries,2200,Groceries
TXN012968,CUST0146,2026-01-12,debit,utilities,640,Electricity and water
TXN012969,CUST0146,2026-01-12,debit,transport,1010,Fuel and commute
TXN012970,CUST0146,2026-01-21,debit,dining_entertainment,1520,Dining and entertainment
TXN012971,CUST0146,2026-01-07,debit,emi,5410,Loan EMI
TXN012972,CUST0146,2026-02-01,credit,business_income,17500,Business receipt
TXN012973,CUST0146,2026-02-05,debit,rent,3270,House rent
TXN012974,CUST0146,2026-02-20,debit,groceries,2770,Groceries
TXN012975,CUST0146,2026-02-12,debit,utilities,720,Electricity and water
TXN012976,CUST0146,2026-02-16,debit,transport,1140,Fuel and commute
TXN012977,CUST0146,2026-02-19,debit,dining_entertainment,850,Dining and entertainment
TXN012978,CUST0146,2026-02-07,debit,emi,5420,Loan EMI
TXN012979,CUST0146,2026-03-02,credit,business_income,17900,Business receipt
TXN012980,CUST0146,2026-03-05,debit,rent,3500,House rent
TXN012981,CUST0146,2026-03-09,debit,groceries,1670,Groceries
TXN012982,CUST0146,2026-03-12,debit,utilities,1020,Electricity and water
TXN012983,CUST0146,2026-03-21,debit,transport,1520,Fuel and commute
TXN012984,CUST0146,2026-03-11,debit,dining_entertainment,1650,Dining and entertainment
TXN012985,CUST0146,2026-03-07,debit,emi,5420,Loan EMI
TXN012986,CUST0146,2026-04-03,credit,business_income,17600,Business receipt
TXN012987,CUST0146,2026-04-05,debit,rent,3170,House rent
TXN012988,CUST0146,2026-04-10,debit,groceries,2290,Groceries
TXN012989,CUST0146,2026-04-12,debit,utilities,890,Electricity and water
TXN012990,CUST0146,2026-04-12,debit,transport,1290,Fuel and commute
TXN012991,CUST0146,2026-04-25,debit,dining_entertainment,2000,Dining and entertainment
TXN012992,CUST0146,2026-04-07,debit,emi,5470,Loan EMI
TXN012993,CUST0146,2026-05-01,credit,business_income,17800,Business receipt
TXN012994,CUST0146,2026-05-05,debit,rent,3390,House rent
TXN012995,CUST0146,2026-05-15,debit,groceries,2000,Groceries
TXN012996,CUST0146,2026-05-12,debit,utilities,620,Electricity and water
TXN012997,CUST0146,2026-05-13,debit,transport,1170,Fuel and commute
TXN012998,CUST0146,2026-05-17,debit,dining_entertainment,1580,Dining and entertainment
TXN012999,CUST0146,2026-05-07,debit,emi,5420,Loan EMI
TXN013000,CUST0146,2026-05-18,debit,insurance_premium,23890,Insurance premium
TXN013001,CUST0146,2026-06-03,credit,business_income,17700,Business receipt
TXN013002,CUST0146,2026-06-05,debit,rent,3170,House rent
TXN013003,CUST0146,2026-06-14,debit,groceries,1820,Groceries
TXN013004,CUST0146,2026-06-12,debit,utilities,560,Electricity and water
TXN013005,CUST0146,2026-06-22,debit,transport,930,Fuel and commute
TXN013006,CUST0146,2026-06-12,debit,dining_entertainment,1080,Dining and entertainment
TXN013007,CUST0146,2026-06-07,debit,emi,5440,Loan EMI
TXN013008,CUST0146,2026-06-06,debit,shopping,1970,Online shopping
TXN013009,CUST0146,2026-07-02,credit,business_income,17700,Business receipt
TXN013010,CUST0146,2026-07-05,debit,rent,3530,House rent
TXN013011,CUST0146,2026-07-09,debit,groceries,2490,Groceries
TXN013012,CUST0146,2026-07-12,debit,utilities,1040,Electricity and water
TXN013013,CUST0146,2026-07-13,debit,transport,1440,Fuel and commute
TXN013014,CUST0146,2026-07-24,debit,dining_entertainment,1060,Dining and entertainment
TXN013015,CUST0146,2026-07-07,debit,emi,5400,Loan EMI
TXN013016,CUST0146,2026-07-05,debit,shopping,670,Online shopping
TXN013017,CUST0146,2026-08-02,credit,business_income,17400,Business receipt
TXN013018,CUST0146,2026-08-05,debit,rent,3190,House rent
TXN013019,CUST0146,2026-08-11,debit,groceries,1880,Groceries
TXN013020,CUST0146,2026-08-12,debit,utilities,990,Electricity and water
TXN013021,CUST0146,2026-08-16,debit,transport,1010,Fuel and commute
TXN013022,CUST0146,2026-08-10,debit,dining_entertainment,1910,Dining and entertainment
TXN013023,CUST0146,2026-08-07,debit,emi,5400,Loan EMI
TXN013024,CUST0146,2026-08-11,debit,medical,1240,Medical expenses
TXN013025,CUST0147,2025-09-01,credit,business_income,17000,Business receipt
TXN013026,CUST0147,2025-09-05,debit,maintenance,470,Society maintenance
TXN013027,CUST0147,2025-09-12,debit,groceries,2300,Groceries
TXN013028,CUST0147,2025-09-12,debit,utilities,610,Electricity and water
TXN013029,CUST0147,2025-09-20,debit,transport,1020,Fuel and commute
TXN013030,CUST0147,2025-09-21,debit,dining_entertainment,1070,Dining and entertainment
TXN013031,CUST0147,2025-09-15,debit,school_fees,11680,School fees
TXN013032,CUST0147,2025-09-13,debit,shopping,1540,Online shopping
TXN013033,CUST0147,2025-10-02,credit,business_income,19600,Business receipt
TXN013034,CUST0147,2025-10-05,debit,maintenance,380,Society maintenance
TXN013035,CUST0147,2025-10-08,debit,groceries,1950,Groceries
TXN013036,CUST0147,2025-10-12,debit,utilities,720,Electricity and water
TXN013037,CUST0147,2025-10-23,debit,transport,680,Fuel and commute
TXN013038,CUST0147,2025-10-16,debit,dining_entertainment,1750,Dining and entertainment
TXN013039,CUST0147,2025-10-05,debit,shopping,870,Online shopping
TXN013040,CUST0147,2025-11-03,credit,business_income,19100,Business receipt
TXN013041,CUST0147,2025-11-05,debit,maintenance,510,Society maintenance
TXN013042,CUST0147,2025-11-07,debit,groceries,1380,Groceries
TXN013043,CUST0147,2025-11-12,debit,utilities,870,Electricity and water
TXN013044,CUST0147,2025-11-22,debit,transport,1170,Fuel and commute
TXN013045,CUST0147,2025-11-10,debit,dining_entertainment,1480,Dining and entertainment
TXN013046,CUST0147,2025-11-24,debit,medical,5500,Medical expenses
TXN013047,CUST0147,2025-12-01,credit,business_income,16400,Business receipt
TXN013048,CUST0147,2025-12-05,debit,maintenance,480,Society maintenance
TXN013049,CUST0147,2025-12-17,debit,groceries,1500,Groceries
TXN013050,CUST0147,2025-12-12,debit,utilities,510,Electricity and water
TXN013051,CUST0147,2025-12-23,debit,transport,1010,Fuel and commute
TXN013052,CUST0147,2025-12-12,debit,dining_entertainment,1620,Dining and entertainment
TXN013053,CUST0147,2025-12-15,debit,school_fees,7210,School fees
TXN013054,CUST0147,2026-01-03,credit,business_income,13800,Business receipt
TXN013055,CUST0147,2026-01-05,debit,maintenance,430,Society maintenance
TXN013056,CUST0147,2026-01-12,debit,groceries,2050,Groceries
TXN013057,CUST0147,2026-01-12,debit,utilities,830,Electricity and water
TXN013058,CUST0147,2026-01-22,debit,transport,1030,Fuel and commute
TXN013059,CUST0147,2026-01-08,debit,dining_entertainment,1770,Dining and entertainment
TXN013060,CUST0147,2026-02-03,credit,business_income,15100,Business receipt
TXN013061,CUST0147,2026-02-05,debit,maintenance,370,Society maintenance
TXN013062,CUST0147,2026-02-11,debit,groceries,1360,Groceries
TXN013063,CUST0147,2026-02-12,debit,utilities,710,Electricity and water
TXN013064,CUST0147,2026-02-21,debit,transport,710,Fuel and commute
TXN013065,CUST0147,2026-02-12,debit,dining_entertainment,1260,Dining and entertainment
TXN013066,CUST0147,2026-03-01,credit,business_income,17000,Business receipt
TXN013067,CUST0147,2026-03-05,debit,maintenance,390,Society maintenance
TXN013068,CUST0147,2026-03-16,debit,groceries,1410,Groceries
TXN013069,CUST0147,2026-03-12,debit,utilities,750,Electricity and water
TXN013070,CUST0147,2026-03-18,debit,transport,1290,Fuel and commute
TXN013071,CUST0147,2026-03-23,debit,dining_entertainment,1330,Dining and entertainment
TXN013072,CUST0147,2026-03-15,debit,school_fees,11640,School fees
TXN013073,CUST0147,2026-03-06,debit,shopping,1080,Online shopping
TXN013074,CUST0147,2026-04-02,credit,business_income,11900,Business receipt
TXN013075,CUST0147,2026-04-05,debit,maintenance,380,Society maintenance
TXN013076,CUST0147,2026-04-20,debit,groceries,1720,Groceries
TXN013077,CUST0147,2026-04-12,debit,utilities,780,Electricity and water
TXN013078,CUST0147,2026-04-10,debit,transport,640,Fuel and commute
TXN013079,CUST0147,2026-04-12,debit,dining_entertainment,1490,Dining and entertainment
TXN013080,CUST0147,2026-05-02,credit,business_income,14200,Business receipt
TXN013081,CUST0147,2026-05-05,debit,maintenance,370,Society maintenance
TXN013082,CUST0147,2026-05-08,debit,groceries,1950,Groceries
TXN013083,CUST0147,2026-05-12,debit,utilities,810,Electricity and water
TXN013084,CUST0147,2026-05-18,debit,transport,1230,Fuel and commute
TXN013085,CUST0147,2026-05-19,debit,dining_entertainment,740,Dining and entertainment
TXN013086,CUST0147,2026-06-02,credit,business_income,13000,Business receipt
TXN013087,CUST0147,2026-06-05,debit,maintenance,490,Society maintenance
TXN013088,CUST0147,2026-06-11,debit,groceries,2000,Groceries
TXN013089,CUST0147,2026-06-12,debit,utilities,470,Electricity and water
TXN013090,CUST0147,2026-06-18,debit,transport,1040,Fuel and commute
TXN013091,CUST0147,2026-06-24,debit,dining_entertainment,1670,Dining and entertainment
TXN013092,CUST0147,2026-06-15,debit,school_fees,13430,School fees
TXN013093,CUST0147,2026-07-03,credit,business_income,14100,Business receipt
TXN013094,CUST0147,2026-07-05,debit,maintenance,410,Society maintenance
TXN013095,CUST0147,2026-07-20,debit,groceries,1400,Groceries
TXN013096,CUST0147,2026-07-12,debit,utilities,630,Electricity and water
TXN013097,CUST0147,2026-07-21,debit,transport,1080,Fuel and commute
TXN013098,CUST0147,2026-07-12,debit,dining_entertainment,1190,Dining and entertainment
TXN013099,CUST0147,2026-07-18,debit,insurance_premium,10590,Insurance premium
TXN013100,CUST0147,2026-08-02,credit,business_income,19000,Business receipt
TXN013101,CUST0147,2026-08-05,debit,maintenance,490,Society maintenance
TXN013102,CUST0147,2026-08-12,debit,groceries,1760,Groceries
TXN013103,CUST0147,2026-08-12,debit,utilities,770,Electricity and water
TXN013104,CUST0147,2026-08-17,debit,transport,1290,Fuel and commute
TXN013105,CUST0147,2026-08-20,debit,dining_entertainment,800,Dining and entertainment
TXN013106,CUST0147,2026-08-07,debit,shopping,1330,Online shopping
TXN013107,CUST0148,2025-09-01,credit,salary,7400,Monthly credit
TXN013108,CUST0148,2025-09-05,debit,rent,2200,House rent
TXN013109,CUST0148,2025-09-10,debit,groceries,660,Groceries
TXN013110,CUST0148,2025-09-12,debit,utilities,320,Electricity and water
TXN013111,CUST0148,2025-09-24,debit,transport,500,Fuel and commute
TXN013112,CUST0148,2025-09-10,debit,dining_entertainment,1440,Dining and entertainment
TXN013113,CUST0148,2025-09-07,debit,emi,1220,Loan EMI
TXN013114,CUST0148,2025-09-13,debit,shopping,230,Online shopping
TXN013115,CUST0148,2025-10-03,credit,salary,7200,Monthly credit
TXN013116,CUST0148,2025-10-05,debit,rent,2270,House rent
TXN013117,CUST0148,2025-10-14,debit,groceries,1090,Groceries
TXN013118,CUST0148,2025-10-12,debit,utilities,340,Electricity and water
TXN013119,CUST0148,2025-10-20,debit,transport,650,Fuel and commute
TXN013120,CUST0148,2025-10-25,debit,dining_entertainment,1290,Dining and entertainment
TXN013121,CUST0148,2025-10-07,debit,emi,1210,Loan EMI
TXN013122,CUST0148,2025-10-18,debit,insurance_premium,8400,Insurance premium
TXN013123,CUST0148,2025-10-06,debit,shopping,680,Online shopping
TXN013124,CUST0148,2025-11-03,credit,salary,7200,Monthly credit
TXN013125,CUST0148,2025-11-05,debit,rent,2270,House rent
TXN013126,CUST0148,2025-11-09,debit,groceries,1150,Groceries
TXN013127,CUST0148,2025-11-12,debit,utilities,280,Electricity and water
TXN013128,CUST0148,2025-11-17,debit,transport,340,Fuel and commute
TXN013129,CUST0148,2025-11-10,debit,dining_entertainment,1150,Dining and entertainment
TXN013130,CUST0148,2025-11-07,debit,emi,1230,Loan EMI
TXN013131,CUST0148,2025-11-21,debit,shopping,250,Online shopping
TXN013132,CUST0148,2025-12-01,credit,salary,7200,Monthly credit
TXN013133,CUST0148,2025-12-05,debit,rent,2010,House rent
TXN013134,CUST0148,2025-12-13,debit,groceries,1030,Groceries
TXN013135,CUST0148,2025-12-12,debit,utilities,220,Electricity and water
TXN013136,CUST0148,2025-12-22,debit,transport,490,Fuel and commute
TXN013137,CUST0148,2025-12-24,debit,dining_entertainment,1360,Dining and entertainment
TXN013138,CUST0148,2025-12-07,debit,emi,1220,Loan EMI
TXN013139,CUST0148,2026-01-03,credit,salary,7200,Monthly credit
TXN013140,CUST0148,2026-01-05,debit,rent,2020,House rent
TXN013141,CUST0148,2026-01-11,debit,groceries,1110,Groceries
TXN013142,CUST0148,2026-01-12,debit,utilities,390,Electricity and water
TXN013143,CUST0148,2026-01-15,debit,transport,630,Fuel and commute
TXN013144,CUST0148,2026-01-13,debit,dining_entertainment,1420,Dining and entertainment
TXN013145,CUST0148,2026-01-07,debit,emi,1220,Loan EMI
TXN013146,CUST0148,2026-02-01,credit,salary,7100,Monthly credit
TXN013147,CUST0148,2026-02-05,debit,rent,2180,House rent
TXN013148,CUST0148,2026-02-11,debit,groceries,730,Groceries
TXN013149,CUST0148,2026-02-12,debit,utilities,260,Electricity and water
TXN013150,CUST0148,2026-02-20,debit,transport,450,Fuel and commute
TXN013151,CUST0148,2026-02-17,debit,dining_entertainment,1010,Dining and entertainment
TXN013152,CUST0148,2026-02-07,debit,emi,1220,Loan EMI
TXN013153,CUST0148,2026-03-02,credit,salary,7300,Monthly credit
TXN013154,CUST0148,2026-03-05,debit,rent,2170,House rent
TXN013155,CUST0148,2026-03-12,debit,groceries,970,Groceries
TXN013156,CUST0148,2026-03-12,debit,utilities,280,Electricity and water
TXN013157,CUST0148,2026-03-17,debit,transport,580,Fuel and commute
TXN013158,CUST0148,2026-03-16,debit,dining_entertainment,1050,Dining and entertainment
TXN013159,CUST0148,2026-03-07,debit,emi,1220,Loan EMI
TXN013160,CUST0148,2026-04-01,credit,salary,7300,Monthly credit
TXN013161,CUST0148,2026-04-05,debit,rent,1990,House rent
TXN013162,CUST0148,2026-04-09,debit,groceries,840,Groceries
TXN013163,CUST0148,2026-04-12,debit,utilities,230,Electricity and water
TXN013164,CUST0148,2026-04-21,debit,transport,460,Fuel and commute
TXN013165,CUST0148,2026-04-18,debit,dining_entertainment,1240,Dining and entertainment
TXN013166,CUST0148,2026-04-07,debit,emi,1220,Loan EMI
TXN013167,CUST0148,2026-05-02,credit,salary,7300,Monthly credit
TXN013168,CUST0148,2026-05-05,debit,rent,2190,House rent
TXN013169,CUST0148,2026-05-10,debit,groceries,890,Groceries
TXN013170,CUST0148,2026-05-12,debit,utilities,230,Electricity and water
TXN013171,CUST0148,2026-05-19,debit,transport,540,Fuel and commute
TXN013172,CUST0148,2026-05-20,debit,dining_entertainment,1510,Dining and entertainment
TXN013173,CUST0148,2026-05-07,debit,emi,1220,Loan EMI
TXN013174,CUST0148,2026-05-27,debit,shopping,510,Online shopping
TXN013175,CUST0148,2026-06-03,credit,salary,7200,Monthly credit
TXN013176,CUST0148,2026-06-05,debit,rent,2240,House rent
TXN013177,CUST0148,2026-06-15,debit,groceries,1060,Groceries
TXN013178,CUST0148,2026-06-12,debit,utilities,320,Electricity and water
TXN013179,CUST0148,2026-06-17,debit,transport,380,Fuel and commute
TXN013180,CUST0148,2026-06-21,debit,dining_entertainment,860,Dining and entertainment
TXN013181,CUST0148,2026-06-07,debit,emi,1210,Loan EMI
TXN013182,CUST0148,2026-07-02,credit,salary,7400,Monthly credit
TXN013183,CUST0148,2026-07-05,debit,rent,2090,House rent
TXN013184,CUST0148,2026-07-12,debit,groceries,710,Groceries
TXN013185,CUST0148,2026-07-12,debit,utilities,310,Electricity and water
TXN013186,CUST0148,2026-07-17,debit,transport,510,Fuel and commute
TXN013187,CUST0148,2026-07-08,debit,dining_entertainment,1480,Dining and entertainment
TXN013188,CUST0148,2026-07-07,debit,emi,1230,Loan EMI
TXN013189,CUST0148,2026-07-13,debit,medical,2810,Medical expenses
TXN013190,CUST0148,2026-08-01,credit,salary,7400,Monthly credit
TXN013191,CUST0148,2026-08-05,debit,rent,2320,House rent
TXN013192,CUST0148,2026-08-09,debit,groceries,860,Groceries
TXN013193,CUST0148,2026-08-12,debit,utilities,400,Electricity and water
TXN013194,CUST0148,2026-08-20,debit,transport,320,Fuel and commute
TXN013195,CUST0148,2026-08-12,debit,dining_entertainment,1140,Dining and entertainment
TXN013196,CUST0148,2026-08-07,debit,emi,1210,Loan EMI
TXN013197,CUST0148,2026-08-20,debit,shopping,400,Online shopping
TXN013198,CUST0149,2025-09-02,credit,business_income,4200,Business receipt
TXN013199,CUST0149,2025-09-05,debit,rent,760,House rent
TXN013200,CUST0149,2025-09-15,debit,groceries,480,Groceries
TXN013201,CUST0149,2025-09-12,debit,utilities,180,Electricity and water
TXN013202,CUST0149,2025-09-23,debit,transport,290,Fuel and commute
TXN013203,CUST0149,2025-09-09,debit,dining_entertainment,620,Dining and entertainment
TXN013204,CUST0149,2025-09-15,debit,school_fees,3290,School fees
TXN013205,CUST0149,2025-10-02,credit,business_income,5800,Business receipt
TXN013206,CUST0149,2025-10-05,debit,rent,700,House rent
TXN013207,CUST0149,2025-10-20,debit,groceries,390,Groceries
TXN013208,CUST0149,2025-10-12,debit,utilities,140,Electricity and water
TXN013209,CUST0149,2025-10-20,debit,transport,150,Fuel and commute
TXN013210,CUST0149,2025-10-22,debit,dining_entertainment,720,Dining and entertainment
TXN013211,CUST0149,2025-11-02,credit,business_income,5400,Business receipt
TXN013212,CUST0149,2025-11-05,debit,rent,760,House rent
TXN013213,CUST0149,2025-11-07,debit,groceries,530,Groceries
TXN013214,CUST0149,2025-11-12,debit,utilities,210,Electricity and water
TXN013215,CUST0149,2025-11-18,debit,transport,210,Fuel and commute
TXN013216,CUST0149,2025-11-08,debit,dining_entertainment,510,Dining and entertainment
TXN013217,CUST0149,2025-12-01,credit,business_income,5500,Business receipt
TXN013218,CUST0149,2025-12-05,debit,rent,800,House rent
TXN013219,CUST0149,2025-12-19,debit,groceries,450,Groceries
TXN013220,CUST0149,2025-12-12,debit,utilities,140,Electricity and water
TXN013221,CUST0149,2025-12-22,debit,transport,290,Fuel and commute
TXN013222,CUST0149,2025-12-12,debit,dining_entertainment,610,Dining and entertainment
TXN013223,CUST0149,2025-12-15,debit,school_fees,2420,School fees
TXN013224,CUST0149,2025-12-08,debit,medical,620,Medical expenses
TXN013225,CUST0149,2026-01-02,credit,business_income,4600,Business receipt
TXN013226,CUST0149,2026-01-05,debit,rent,800,House rent
TXN013227,CUST0149,2026-01-15,debit,groceries,350,Groceries
TXN013228,CUST0149,2026-01-12,debit,utilities,190,Electricity and water
TXN013229,CUST0149,2026-01-21,debit,transport,280,Fuel and commute
TXN013230,CUST0149,2026-01-12,debit,dining_entertainment,500,Dining and entertainment
TXN013231,CUST0149,2026-02-01,credit,business_income,1600,Business receipt
TXN013232,CUST0149,2026-02-05,debit,rent,840,House rent
TXN013233,CUST0149,2026-02-11,debit,groceries,580,Groceries
TXN013234,CUST0149,2026-02-12,debit,utilities,190,Electricity and water
TXN013235,CUST0149,2026-02-16,debit,transport,300,Fuel and commute
TXN013236,CUST0149,2026-02-08,debit,dining_entertainment,570,Dining and entertainment
TXN013237,CUST0149,2026-03-03,credit,business_income,5400,Business receipt
TXN013238,CUST0149,2026-03-05,debit,rent,720,House rent
TXN013239,CUST0149,2026-03-12,debit,groceries,570,Groceries
TXN013240,CUST0149,2026-03-12,debit,utilities,130,Electricity and water
TXN013241,CUST0149,2026-03-21,debit,transport,190,Fuel and commute
TXN013242,CUST0149,2026-03-24,debit,dining_entertainment,500,Dining and entertainment
TXN013243,CUST0149,2026-03-15,debit,school_fees,2000,School fees
TXN013244,CUST0149,2026-03-27,debit,shopping,300,Online shopping
TXN013245,CUST0149,2026-04-02,credit,business_income,5200,Business receipt
TXN013246,CUST0149,2026-04-05,debit,rent,830,House rent
TXN013247,CUST0149,2026-04-18,debit,groceries,350,Groceries
TXN013248,CUST0149,2026-04-12,debit,utilities,210,Electricity and water
TXN013249,CUST0149,2026-04-13,debit,transport,280,Fuel and commute
TXN013250,CUST0149,2026-04-10,debit,dining_entertainment,600,Dining and entertainment
TXN013251,CUST0149,2026-05-03,credit,business_income,1800,Business receipt
TXN013252,CUST0149,2026-05-05,debit,rent,810,House rent
TXN013253,CUST0149,2026-05-07,debit,groceries,410,Groceries
TXN013254,CUST0149,2026-05-12,debit,utilities,200,Electricity and water
TXN013255,CUST0149,2026-05-15,debit,transport,260,Fuel and commute
TXN013256,CUST0149,2026-05-11,debit,dining_entertainment,470,Dining and entertainment
TXN013257,CUST0149,2026-06-03,credit,business_income,3900,Business receipt
TXN013258,CUST0149,2026-06-05,debit,rent,820,House rent
TXN013259,CUST0149,2026-06-14,debit,groceries,530,Groceries
TXN013260,CUST0149,2026-06-12,debit,utilities,200,Electricity and water
TXN013261,CUST0149,2026-06-25,debit,transport,210,Fuel and commute
TXN013262,CUST0149,2026-06-22,debit,dining_entertainment,440,Dining and entertainment
TXN013263,CUST0149,2026-06-15,debit,school_fees,2310,School fees
TXN013264,CUST0149,2026-07-02,credit,business_income,5500,Business receipt
TXN013265,CUST0149,2026-07-05,debit,rent,700,House rent
TXN013266,CUST0149,2026-07-17,debit,groceries,420,Groceries
TXN013267,CUST0149,2026-07-12,debit,utilities,180,Electricity and water
TXN013268,CUST0149,2026-07-16,debit,transport,270,Fuel and commute
TXN013269,CUST0149,2026-07-17,debit,dining_entertainment,610,Dining and entertainment
TXN013270,CUST0149,2026-07-18,debit,insurance_premium,2620,Insurance premium
TXN013271,CUST0149,2026-08-01,credit,business_income,4400,Business receipt
TXN013272,CUST0149,2026-08-05,debit,rent,750,House rent
TXN013273,CUST0149,2026-08-15,debit,groceries,440,Groceries
TXN013274,CUST0149,2026-08-12,debit,utilities,130,Electricity and water
TXN013275,CUST0149,2026-08-10,debit,transport,170,Fuel and commute
TXN013276,CUST0149,2026-08-16,debit,dining_entertainment,700,Dining and entertainment
TXN013277,CUST0150,2025-09-01,credit,salary,5200,Monthly credit
TXN013278,CUST0150,2025-09-05,debit,maintenance,150,Society maintenance
TXN013279,CUST0150,2025-09-13,debit,groceries,610,Groceries
TXN013280,CUST0150,2025-09-12,debit,utilities,230,Electricity and water
TXN013281,CUST0150,2025-09-11,debit,transport,470,Fuel and commute
TXN013282,CUST0150,2025-09-18,debit,dining_entertainment,290,Dining and entertainment
TXN013283,CUST0150,2025-09-10,debit,sip_investment,1000,Mutual fund SIP
TXN013284,CUST0150,2025-09-15,debit,school_fees,3840,School fees
TXN013285,CUST0150,2025-09-28,credit,interest_payout,230,Deposit interest payout
TXN013286,CUST0150,2025-10-03,credit,salary,5200,Monthly credit
TXN013287,CUST0150,2025-10-05,debit,maintenance,130,Society maintenance
TXN013288,CUST0150,2025-10-10,debit,groceries,810,Groceries
TXN013289,CUST0150,2025-10-12,debit,utilities,270,Electricity and water
TXN013290,CUST0150,2025-10-15,debit,transport,340,Fuel and commute
TXN013291,CUST0150,2025-10-19,debit,dining_entertainment,390,Dining and entertainment
TXN013292,CUST0150,2025-10-10,debit,sip_investment,1000,Mutual fund SIP
TXN013293,CUST0150,2025-10-28,credit,interest_payout,200,Deposit interest payout
TXN013294,CUST0150,2025-11-03,credit,salary,5200,Monthly credit
TXN013295,CUST0150,2025-11-05,debit,maintenance,180,Society maintenance
TXN013296,CUST0150,2025-11-10,debit,groceries,710,Groceries
TXN013297,CUST0150,2025-11-12,debit,utilities,170,Electricity and water
TXN013298,CUST0150,2025-11-21,debit,transport,350,Fuel and commute
TXN013299,CUST0150,2025-11-18,debit,dining_entertainment,430,Dining and entertainment
TXN013300,CUST0150,2025-11-10,debit,sip_investment,1000,Mutual fund SIP
TXN013301,CUST0150,2025-11-28,credit,interest_payout,310,Deposit interest payout
TXN013302,CUST0150,2025-12-01,credit,salary,5300,Monthly credit
TXN013303,CUST0150,2025-12-05,debit,maintenance,180,Society maintenance
TXN013304,CUST0150,2025-12-15,debit,groceries,730,Groceries
TXN013305,CUST0150,2025-12-12,debit,utilities,280,Electricity and water
TXN013306,CUST0150,2025-12-25,debit,transport,430,Fuel and commute
TXN013307,CUST0150,2025-12-17,debit,dining_entertainment,540,Dining and entertainment
TXN013308,CUST0150,2025-12-10,debit,sip_investment,1000,Mutual fund SIP
TXN013309,CUST0150,2025-12-18,debit,insurance_premium,6660,Insurance premium
TXN013310,CUST0150,2025-12-15,debit,school_fees,3090,School fees
TXN013311,CUST0150,2025-12-28,credit,interest_payout,200,Deposit interest payout
TXN013312,CUST0150,2026-01-03,credit,salary,5400,Monthly credit
TXN013313,CUST0150,2026-01-05,debit,maintenance,170,Society maintenance
TXN013314,CUST0150,2026-01-16,debit,groceries,570,Groceries
TXN013315,CUST0150,2026-01-12,debit,utilities,170,Electricity and water
TXN013316,CUST0150,2026-01-15,debit,transport,260,Fuel and commute
TXN013317,CUST0150,2026-01-17,debit,dining_entertainment,340,Dining and entertainment
TXN013318,CUST0150,2026-01-10,debit,sip_investment,1000,Mutual fund SIP
TXN013319,CUST0150,2026-01-28,credit,interest_payout,200,Deposit interest payout
TXN013320,CUST0150,2026-02-02,credit,salary,5300,Monthly credit
TXN013321,CUST0150,2026-02-05,debit,maintenance,160,Society maintenance
TXN013322,CUST0150,2026-02-17,debit,groceries,510,Groceries
TXN013323,CUST0150,2026-02-12,debit,utilities,310,Electricity and water
TXN013324,CUST0150,2026-02-25,debit,transport,390,Fuel and commute
TXN013325,CUST0150,2026-02-15,debit,dining_entertainment,530,Dining and entertainment
TXN013326,CUST0150,2026-02-10,debit,sip_investment,1000,Mutual fund SIP
TXN013327,CUST0150,2026-02-13,debit,shopping,320,Online shopping
TXN013328,CUST0150,2026-02-28,credit,interest_payout,310,Deposit interest payout
TXN013329,CUST0150,2026-03-01,credit,salary,5300,Monthly credit
TXN013330,CUST0150,2026-03-05,debit,maintenance,150,Society maintenance
TXN013331,CUST0150,2026-03-17,debit,groceries,580,Groceries
TXN013332,CUST0150,2026-03-12,debit,utilities,280,Electricity and water
TXN013333,CUST0150,2026-03-24,debit,transport,220,Fuel and commute
TXN013334,CUST0150,2026-03-20,debit,dining_entertainment,260,Dining and entertainment
TXN013335,CUST0150,2026-03-10,debit,sip_investment,1000,Mutual fund SIP
TXN013336,CUST0150,2026-03-15,debit,school_fees,2400,School fees
TXN013337,CUST0150,2026-03-28,credit,interest_payout,240,Deposit interest payout
TXN013338,CUST0150,2026-04-01,credit,salary,5200,Monthly credit
TXN013339,CUST0150,2026-04-05,debit,maintenance,150,Society maintenance
TXN013340,CUST0150,2026-04-12,debit,groceries,490,Groceries
TXN013341,CUST0150,2026-04-12,debit,utilities,230,Electricity and water
TXN013342,CUST0150,2026-04-18,debit,transport,420,Fuel and commute
TXN013343,CUST0150,2026-04-23,debit,dining_entertainment,470,Dining and entertainment
TXN013344,CUST0150,2026-04-10,debit,sip_investment,1000,Mutual fund SIP
TXN013345,CUST0150,2026-04-28,credit,interest_payout,210,Deposit interest payout
TXN013346,CUST0150,2026-05-01,credit,salary,5200,Monthly credit
TXN013347,CUST0150,2026-05-05,debit,maintenance,150,Society maintenance
TXN013348,CUST0150,2026-05-07,debit,groceries,740,Groceries
TXN013349,CUST0150,2026-05-12,debit,utilities,270,Electricity and water
TXN013350,CUST0150,2026-05-17,debit,transport,310,Fuel and commute
TXN013351,CUST0150,2026-05-26,debit,dining_entertainment,510,Dining and entertainment
TXN013352,CUST0150,2026-05-10,debit,sip_investment,1000,Mutual fund SIP
TXN013353,CUST0150,2026-05-28,credit,interest_payout,310,Deposit interest payout
TXN013354,CUST0150,2026-06-02,credit,salary,5300,Monthly credit
TXN013355,CUST0150,2026-06-05,debit,maintenance,190,Society maintenance
TXN013356,CUST0150,2026-06-16,debit,groceries,610,Groceries
TXN013357,CUST0150,2026-06-12,debit,utilities,280,Electricity and water
TXN013358,CUST0150,2026-06-23,debit,transport,400,Fuel and commute
TXN013359,CUST0150,2026-06-09,debit,dining_entertainment,270,Dining and entertainment
TXN013360,CUST0150,2026-06-10,debit,sip_investment,1000,Mutual fund SIP
TXN013361,CUST0150,2026-06-15,debit,school_fees,3340,School fees
TXN013362,CUST0150,2026-06-28,credit,interest_payout,200,Deposit interest payout
TXN013363,CUST0150,2026-07-02,credit,salary,5200,Monthly credit
TXN013364,CUST0150,2026-07-05,debit,maintenance,180,Society maintenance
TXN013365,CUST0150,2026-07-15,debit,groceries,760,Groceries
TXN013366,CUST0150,2026-07-12,debit,utilities,160,Electricity and water
TXN013367,CUST0150,2026-07-11,debit,transport,280,Fuel and commute
TXN013368,CUST0150,2026-07-17,debit,dining_entertainment,480,Dining and entertainment
TXN013369,CUST0150,2026-07-10,debit,sip_investment,1000,Mutual fund SIP
TXN013370,CUST0150,2026-08-02,credit,salary,5200,Monthly credit
TXN013371,CUST0150,2026-08-05,debit,maintenance,180,Society maintenance
TXN013372,CUST0150,2026-08-11,debit,groceries,820,Groceries
TXN013373,CUST0150,2026-08-12,debit,utilities,230,Electricity and water
TXN013374,CUST0150,2026-08-23,debit,transport,410,Fuel and commute
TXN013375,CUST0150,2026-08-10,debit,dining_entertainment,420,Dining and entertainment
TXN013376,CUST0150,2026-08-10,debit,sip_investment,1000,Mutual fund SIP
